{"type": "FeatureCollection", "features": [{"type": "Feature", "id": "1", "geometry": {"type": "Polygon", "coordinates": [[[-123.33687, 44.72955], [-123.33288, 44.73043], [-123.33019, 44.73042], [-123.32994, 44.73026], [-123.3301, 44.73007], [-123.32952, 44.72995], [-123.3297, 44.72971], [-123.33127, 44.7296], [-123.33123, 44.7294], [-123.3317, 44.72886], [-123.33224, 44.72883], [-123.33359, 44.72919], [-123.33479, 44.72861], [-123.33466, 44.72868], [-123.3347, 44.72886], [-123.33505, 44.7296], [-123.33533, 44.72971], [-123.33613, 44.72948], [-123.33687, 44.72955]]]}, "properties": {"FID": 1, "ACRES": 14.0982019526, "STANDID": "010101", "DF_SITE": 101, "SITE_CLASS": 3, "Age": 49, "Shape__Area": 113065.7734375, "Shape__Length": 2071.9894037614154, "Age_Class": "36-50"}}, {"type": "Feature", "id": "2", "geometry": {"type": "Polygon", "coordinates": [[[-123.33123, 44.7294], [-123.331, 44.72922], [-123.33148, 44.72877], [-123.33097, 44.72874], [-123.33077, 44.72892], [-123.33054, 44.72878], [-123.33036, 44.72841], [-123.33065, 44.72803], [-123.33047, 44.72759], [-123.33011, 44.72747], [-123.33014, 44.7272], [-123.32988, 44.72712], [-123.32984, 44.72695], [-123.32894, 44.72683], [-123.32871, 44.72577], [-123.33143, 44.72548], [-123.33138, 44.72529], [-123.33223, 44.72501], [-123.33248, 44.72465], [-123.33298, 44.72448], [-123.33368, 44.72466], [-123.33474, 44.72383], [-123.33553, 44.7236], [-123.33568, 44.72291], [-123.33588, 44.72277], [-123.33465, 44.7214], [-123.33636, 44.7207], [-123.33692, 44.72022], [-123.33687, 44.72888], [-123.33575, 44.72908], [-123.33554, 44.72865], [-123.33474, 44.72866], [-123.33475, 44.7282], [-123.335, 44.72773], [-123.33478, 44.72739], [-123.3339, 44.72757], [-123.33295, 44.72735], [-123.33232, 44.72736], [-123.33182, 44.72743], [-123.33148, 44.7277], [-123.3317, 44.72886], [-123.33123, 44.7294]]]}, "properties": {"FID": 2, "ACRES": 66.6023909487, "STANDID": "010105", "DF_SITE": 95, "SITE_CLASS": 3, "Age": 49, "Shape__Area": 534069.0625, "Shape__Length": 5188.595367291758, "Age_Class": "36-50"}}, {"type": "Feature", "id": "3", "geometry": {"type": "Polygon", "coordinates": [[[-123.33471, 44.72861], [-123.33359, 44.72919], [-123.33224, 44.72883], [-123.3317, 44.72886], [-123.33143, 44.7278], [-123.33171, 44.72748], [-123.332, 44.7274], [-123.33295, 44.72735], [-123.3339, 44.72757], [-123.33478, 44.72739], [-123.335, 44.72773], [-123.33471, 44.72861]]]}, "properties": {"FID": 3, "ACRES": 10.4766297563, "STANDID": "010113", "DF_SITE": 124, "SITE_CLASS": 2, "Age": 31, "Shape__Area": 84016.9453125, "Shape__Length": 1192.8279908898626, "Age_Class": "21-35"}}, {"type": "Feature", "id": "4", "geometry": {"type": "Polygon", "coordinates": [[[-123.31701, 44.72615], [-123.31616, 44.72716], [-123.31562, 44.72694], [-123.31505, 44.72642], [-123.31502, 44.72616], [-123.31546, 44.72555], [-123.31536, 44.7248], [-123.31556, 44.72419], [-123.3151, 44.72365], [-123.31515, 44.72342], [-123.31425, 44.72287], [-123.31407, 44.72257], [-123.31334, 44.72257], [-123.3126, 44.72218], [-123.31295, 44.72209], [-123.31416, 44.72231], [-123.31457, 44.72271], [-123.31501, 44.72292], [-123.31541, 44.72291], [-123.31623, 44.72388], [-123.31615, 44.72429], [-123.31682, 44.72429], [-123.31693, 44.72441], [-123.31683, 44.72489], [-123.31701, 44.72615]]]}, "properties": {"FID": 4, "ACRES": 12.789413569, "STANDID": "010902", "DF_SITE": 114, "SITE_CLASS": 3, "Age": 77, "Shape__Area": 102552.546875, "Shape__Length": 2242.0824615497504, "Age_Class": null}}, {"type": "Feature", "id": "5", "geometry": {"type": "Polygon", "coordinates": [[[-123.32579, 44.72593], [-123.3243, 44.72583], [-123.32406, 44.72563], [-123.3241, 44.72542], [-123.32229, 44.72577], [-123.32183, 44.7256], [-123.32218, 44.72535], [-123.32212, 44.72496], [-123.32247, 44.72493], [-123.3229, 44.72505], [-123.32297, 44.72528], [-123.32368, 44.7253], [-123.32367, 44.72512], [-123.32403, 44.72514], [-123.32492, 44.72558], [-123.32556, 44.72557], [-123.32579, 44.72593]]]}, "properties": {"FID": 5, "ACRES": 3.57638559539, "STANDID": "010816", "DF_SITE": 128, "SITE_CLASS": 4, "Age": 72, "Shape__Area": 28677.9921875, "Shape__Length": 1198.694135647597, "Age_Class": null}}, {"type": "Feature", "id": "6", "geometry": {"type": "Polygon", "coordinates": [[[-123.3282, 44.72534], [-123.32801, 44.72514], [-123.32805, 44.72485], [-123.32838, 44.72449], [-123.32991, 44.72373], [-123.33008, 44.72344], [-123.33027, 44.72375], [-123.33105, 44.72423], [-123.33003, 44.7245], [-123.32935, 44.72524], [-123.3282, 44.72534]]]}, "properties": {"FID": 6, "ACRES": 5.38018292495, "STANDID": "010108", "DF_SITE": 118, "SITE_CLASS": 2, "Age": 93, "Shape__Area": 43140.71875, "Shape__Length": 1020.1602615523332, "Age_Class": null}}, {"type": "Feature", "id": "7", "geometry": {"type": "Polygon", "coordinates": [[[-123.32572, 44.72372], [-123.32383, 44.72389], [-123.3235, 44.72232], [-123.32477, 44.7217], [-123.32552, 44.72165], [-123.32536, 44.72289], [-123.32584, 44.72334], [-123.32585, 44.72356], [-123.32572, 44.72372]]]}, "properties": {"FID": 7, "ACRES": 8.04935285391, "STANDID": "010512", "DF_SITE": 119, "SITE_CLASS": 2, "Age": 31, "Shape__Area": 64539.53125, "Shape__Length": 1073.4245925300768, "Age_Class": "21-35"}}, {"type": "Feature", "id": "8", "geometry": {"type": "Polygon", "coordinates": [[[-123.33184, 44.72264], [-123.33109, 44.72235], [-123.33111, 44.722], [-123.33068, 44.72163], [-123.33096, 44.72146], [-123.33273, 44.72146], [-123.33308, 44.72167], [-123.33184, 44.72264]]]}, "properties": {"FID": 8, "ACRES": 3.63170562611, "STANDID": "010109", "DF_SITE": 113, "SITE_CLASS": 3, "Age": 58, "Shape__Area": 29117.96875, "Shape__Length": 767.6435862595677, "Age_Class": "51-60"}}, {"type": "Feature", "id": "9", "geometry": {"type": "Polygon", "coordinates": [[[-123.32735, 44.72239], [-123.32655, 44.72279], [-123.32625, 44.72275], [-123.32611, 44.72239], [-123.32638, 44.72225], [-123.32552, 44.72165], [-123.32564, 44.7215], [-123.32488, 44.72084], [-123.32488, 44.72014], [-123.32541, 44.71992], [-123.3255, 44.71959], [-123.32444, 44.71875], [-123.32583, 44.71829], [-123.32616, 44.71781], [-123.32871, 44.71756], [-123.32943, 44.71781], [-123.3295, 44.71805], [-123.33017, 44.71755], [-123.33073, 44.71819], [-123.33056, 44.71853], [-123.33028, 44.71845], [-123.33009, 44.71873], [-123.32847, 44.71856], [-123.32785, 44.7183], [-123.32752, 44.71881], [-123.32603, 44.719], [-123.32621, 44.71905], [-123.32674, 44.72002], [-123.32673, 44.72018], [-123.32608, 44.72047], [-123.3262, 44.72118], [-123.32601, 44.72149], [-123.32735, 44.72239]]]}, "properties": {"FID": 9, "ACRES": 19.8266550667, "STANDID": "010521", "DF_SITE": 125, "SITE_CLASS": 2, "Age": 77, "Shape__Area": 158950.3125, "Shape__Length": 3326.6918236045854, "Age_Class": null}}, {"type": "Feature", "id": "10", "geometry": {"type": "Polygon", "coordinates": [[[-123.3111, 44.72238], [-123.31083, 44.72243], [-123.31067, 44.72265], [-123.30989, 44.72187], [-123.30773, 44.72287], [-123.30768, 44.72252], [-123.30707, 44.72225], [-123.30681, 44.72191], [-123.307, 44.72049], [-123.30688, 44.72032], [-123.3072, 44.7197], [-123.30707, 44.71845], [-123.30645, 44.71835], [-123.30615, 44.71795], [-123.30581, 44.71784], [-123.3059, 44.71755], [-123.30525, 44.71779], [-123.30479, 44.71738], [-123.30465, 44.71674], [-123.30653, 44.71547], [-123.30751, 44.71535], [-123.30867, 44.71664], [-123.30908, 44.71685], [-123.30911, 44.71711], [-123.31072, 44.71818], [-123.31077, 44.71903], [-123.3118, 44.71939], [-123.31215, 44.71995], [-123.31213, 44.72019], [-123.31293, 44.72084], [-123.31035, 44.72141], [-123.3111, 44.72238]]]}, "properties": {"FID": 10, "ACRES": 61.7790017539, "STANDID": "010903", "DF_SITE": 139, "SITE_CLASS": 1, "Age": 123, "Shape__Area": 495279.765625, "Shape__Length": 3842.8293060441715, "Age_Class": null}}, {"type": "Feature", "id": "11", "geometry": {"type": "Polygon", "coordinates": [[[-123.30385, 44.72183], [-123.30267, 44.72209], [-123.30252, 44.72165], [-123.30393, 44.72143], [-123.30385, 44.72183]]]}, "properties": {"FID": 11, "ACRES": 1.38191255968, "STANDID": "010912", "DF_SITE": 121, "SITE_CLASS": 2, "Age": 123, "Shape__Area": 11079.71875, "Shape__Length": 449.39580025211956, "Age_Class": null}}, {"type": "Feature", "id": "12", "geometry": {"type": "Polygon", "coordinates": [[[-123.33263, 44.72069], [-123.33193, 44.72072], [-123.3322, 44.72021], [-123.33305, 44.72023], [-123.33376, 44.72047], [-123.33411, 44.72033], [-123.33438, 44.71887], [-123.33494, 44.71824], [-123.33552, 44.71835], [-123.3357, 44.71859], [-123.33565, 44.71925], [-123.3363, 44.71921], [-123.33663, 44.71935], [-123.33698, 44.71996], [-123.33699, 44.72022], [-123.3365, 44.72062], [-123.33516, 44.72123], [-123.33486, 44.72123], [-123.33526, 44.72111], [-123.33523, 44.72072], [-123.33553, 44.72056], [-123.33533, 44.72039], [-123.33539, 44.7201], [-123.33524, 44.72007], [-123.33495, 44.72028], [-123.33464, 44.72024], [-123.33435, 44.72065], [-123.33386, 44.72049], [-123.33368, 44.72079], [-123.33263, 44.72069]]]}, "properties": {"FID": 12, "ACRES": 12.1779598515, "STANDID": "010302", "DF_SITE": 108, "SITE_CLASS": 3, "Age": 85, "Shape__Area": 97632.5625, "Shape__Length": 2220.61222024506, "Age_Class": null}}, {"type": "Feature", "id": "13", "geometry": {"type": "Polygon", "coordinates": [[[-123.31327, 44.72067], [-123.31293, 44.72084], [-123.31227, 44.72036], [-123.3118, 44.71939], [-123.31077, 44.71903], [-123.31072, 44.71818], [-123.30911, 44.71711], [-123.30908, 44.71685], [-123.30867, 44.71664], [-123.30751, 44.71535], [-123.3077, 44.71534], [-123.30805, 44.71571], [-123.30843, 44.71587], [-123.30872, 44.71623], [-123.30938, 44.71661], [-123.30942, 44.71681], [-123.30957, 44.71688], [-123.30974, 44.71671], [-123.30989, 44.71682], [-123.31008, 44.71707], [-123.30983, 44.71739], [-123.31045, 44.71745], [-123.3112, 44.71806], [-123.31093, 44.71905], [-123.3115, 44.71907], [-123.31199, 44.71886], [-123.31217, 44.71896], [-123.31224, 44.71929], [-123.31266, 44.71956], [-123.3122, 44.71996], [-123.31231, 44.72027], [-123.31297, 44.72066], [-123.31327, 44.72067]]]}, "properties": {"FID": 13, "ACRES": 6.07429119897, "STANDID": "010907", "DF_SITE": 118, "SITE_CLASS": 2, "Age": 93, "Shape__Area": 48695.296875, "Shape__Length": 2630.483349355999, "Age_Class": null}}, {"type": "Feature", "id": "14", "geometry": {"type": "Polygon", "coordinates": [[[-123.32164, 44.72058], [-123.32049, 44.71958], [-123.32042, 44.71855], [-123.32099, 44.71881], [-123.321, 44.71899], [-123.32082, 44.71909], [-123.32102, 44.71947], [-123.32212, 44.71985], [-123.32164, 44.72058]]]}, "properties": {"FID": 14, "ACRES": 2.83411447883, "STANDID": "010505", "DF_SITE": 110, "SITE_CLASS": 3, "Age": 40, "Shape__Area": 22721.328125, "Shape__Length": 884.7021348499328, "Age_Class": "36-50"}}, {"type": "Feature", "id": "15", "geometry": {"type": "Polygon", "coordinates": [[[-123.32412, 44.7199], [-123.32288, 44.72028], [-123.32271, 44.7201], [-123.32297, 44.71974], [-123.32356, 44.71936], [-123.32384, 44.71935], [-123.32412, 44.71966], [-123.32412, 44.7199]]]}, "properties": {"FID": 15, "ACRES": 1.51617932275, "STANDID": "010516", "DF_SITE": 130, "SITE_CLASS": 2, "Age": 69, "Shape__Area": 12155.4453125, "Shape__Length": 495.3361238249022, "Age_Class": null}}, {"type": "Feature", "id": "16", "geometry": {"type": "Polygon", "coordinates": [[[-123.34456, 44.7196], [-123.34286, 44.71875], [-123.34143, 44.71909], [-123.34158, 44.71872], [-123.34127, 44.71847], [-123.3409, 44.71866], [-123.34083, 44.71818], [-123.34224, 44.71747], [-123.34284, 44.71748], [-123.34352, 44.71793], [-123.34363, 44.71831], [-123.34469, 44.71944], [-123.34456, 44.7196]]]}, "properties": {"FID": 16, "ACRES": 8.2537836164, "STANDID": "010204", "DF_SITE": 0, "SITE_CLASS": 4, "Age": 9, "Shape__Area": 66168.46875, "Shape__Length": 1369.5692325422874, "Age_Class": "9-20"}}, {"type": "Feature", "id": "17", "geometry": {"type": "Polygon", "coordinates": [[[-123.31692, 44.71906], [-123.31697, 44.72003], [-123.31632, 44.71993], [-123.31538, 44.71889], [-123.31533, 44.71816], [-123.31651, 44.71852], [-123.31692, 44.71906]]]}, "properties": {"FID": 17, "ACRES": 4.12721007274, "STANDID": "010803", "DF_SITE": 113, "SITE_CLASS": 3, "Age": 118, "Shape__Area": 33087.6015625, "Shape__Length": 801.5455921127641, "Age_Class": null}}, {"type": "Feature", "id": "18", "geometry": {"type": "Polygon", "coordinates": [[[-123.317, 44.72], [-123.31692, 44.71906], [-123.31651, 44.71852], [-123.31533, 44.71816], [-123.31524, 44.71785], [-123.31565, 44.71769], [-123.31615, 44.71799], [-123.31674, 44.71773], [-123.31698, 44.71793], [-123.31764, 44.71787], [-123.31813, 44.71812], [-123.31858, 44.718], [-123.31872, 44.71849], [-123.31921, 44.71768], [-123.31942, 44.71762], [-123.31905, 44.71868], [-123.31869, 44.71876], [-123.31836, 44.7186], [-123.31826, 44.71883], [-123.31746, 44.71936], [-123.31729, 44.71988], [-123.317, 44.72]]]}, "properties": {"FID": 18, "ACRES": 7.50233700693, "STANDID": "010804", "DF_SITE": 112, "SITE_CLASS": 3, "Age": 63, "Shape__Area": 60144.5390625, "Shape__Length": 1720.7570914185194, "Age_Class": null}}, {"type": "Feature", "id": "19", "geometry": {"type": "Polygon", "coordinates": [[[-123.30252, 44.71871], [-123.30182, 44.71984], [-123.30102, 44.71842], [-123.30161, 44.71801], [-123.30218, 44.71797], [-123.30166, 44.71777], [-123.3016, 44.7172], [-123.30178, 44.71674], [-123.30203, 44.71681], [-123.30295, 44.71649], [-123.30306, 44.71632], [-123.30269, 44.71625], [-123.30274, 44.71614], [-123.30322, 44.71593], [-123.30355, 44.71557], [-123.30465, 44.71674], [-123.30479, 44.71738], [-123.30525, 44.71779], [-123.30484, 44.71818], [-123.30423, 44.71821], [-123.30379, 44.71796], [-123.30341, 44.7181], [-123.30296, 44.71863], [-123.30252, 44.71871]]]}, "properties": {"FID": 19, "ACRES": 16.577123663, "STANDID": "010908", "DF_SITE": 135, "SITE_CLASS": 1, "Age": 75, "Shape__Area": 132890.890625, "Shape__Length": 2041.7504637417583, "Age_Class": null}}, {"type": "Feature", "id": "20", "geometry": {"type": "Polygon", "coordinates": [[[-123.31381, 44.71551], [-123.31434, 44.71606], [-123.31432, 44.71626], [-123.31402, 44.71654], [-123.31351, 44.71641], [-123.31279, 44.71671], [-123.31403, 44.71699], [-123.31473, 44.71694], [-123.3147, 44.71718], [-123.31427, 44.7176], [-123.31247, 44.71755], [-123.31188, 44.71706], [-123.31211, 44.71684], [-123.31189, 44.71657], [-123.31343, 44.71595], [-123.31354, 44.71557], [-123.31381, 44.71551]]]}, "properties": {"FID": 20, "ACRES": 7.09721473928, "STANDID": "010805", "DF_SITE": 105, "SITE_CLASS": 3, "Age": 77, "Shape__Area": 56893.4375, "Shape__Length": 1416.0721447005287, "Age_Class": null}}, {"type": "Feature", "id": "21", "geometry": {"type": "Polygon", "coordinates": [[[-123.32286, 44.71729], [-123.32258, 44.7168], [-123.3205, 44.71691], [-123.32052, 44.71651], [-123.31876, 44.71726], [-123.31866, 44.71718], [-123.319, 44.71713], [-123.32008, 44.71616], [-123.31988, 44.71427], [-123.32, 44.71402], [-123.32041, 44.71377], [-123.32065, 44.714], [-123.32087, 44.71393], [-123.32114, 44.71349], [-123.32223, 44.71296], [-123.32217, 44.71275], [-123.32156, 44.71233], [-123.32267, 44.7118], [-123.32275, 44.71143], [-123.32298, 44.71129], [-123.32322, 44.7116], [-123.32243, 44.71243], [-123.32236, 44.71329], [-123.32216, 44.7136], [-123.32218, 44.71391], [-123.3225, 44.71378], [-123.32271, 44.71397], [-123.32226, 44.71454], [-123.32278, 44.71534], [-123.32261, 44.71564], [-123.32262, 44.71629], [-123.32318, 44.71669], [-123.32308, 44.71711], [-123.32286, 44.71729]]]}, "properties": {"FID": 21, "ACRES": 21.5078049376, "STANDID": "010507", "DF_SITE": 113, "SITE_CLASS": 3, "Age": 40, "Shape__Area": 172402.4609375, "Shape__Length": 3128.7295458925873, "Age_Class": "36-50"}}, {"type": "Feature", "id": "22", "geometry": {"type": "Polygon", "coordinates": [[[-123.32308, 44.71711], [-123.32318, 44.71669], [-123.32261, 44.71622], [-123.32262, 44.71555], [-123.32278, 44.71534], [-123.3233, 44.71544], [-123.32395, 44.71469], [-123.32445, 44.71465], [-123.32467, 44.71446], [-123.325, 44.71452], [-123.32513, 44.71486], [-123.32555, 44.7149], [-123.32433, 44.71562], [-123.32433, 44.71591], [-123.32395, 44.71625], [-123.32404, 44.71649], [-123.32308, 44.71711]]]}, "properties": {"FID": 22, "ACRES": 6.93589089255, "STANDID": "010508", "DF_SITE": 107, "SITE_CLASS": 4, "Age": 40, "Shape__Area": 55598, "Shape__Length": 1252.761632043721, "Age_Class": "36-50"}}, {"type": "Feature", "id": "23", "geometry": {"type": "Polygon", "coordinates": [[[-123.32932, 44.71596], [-123.32781, 44.71509], [-123.32735, 44.71461], [-123.32719, 44.71471], [-123.32694, 44.71456], [-123.3266, 44.71416], [-123.32591, 44.71427], [-123.32593, 44.71439], [-123.32559, 44.71453], [-123.32524, 44.71424], [-123.32495, 44.7144], [-123.325, 44.71452], [-123.32467, 44.71446], [-123.32465, 44.71424], [-123.32515, 44.71365], [-123.32519, 44.71333], [-123.32489, 44.7131], [-123.32479, 44.71295], [-123.32513, 44.71317], [-123.32642, 44.71336], [-123.32665, 44.71336], [-123.32661, 44.7131], [-123.32676, 44.71298], [-123.32876, 44.7132], [-123.32974, 44.71344], [-123.33014, 44.71378], [-123.3314, 44.71427], [-123.33109, 44.71566], [-123.33042, 44.71553], [-123.32932, 44.71596]]]}, "properties": {"FID": 23, "ACRES": 23.3971972388, "STANDID": "010409", "DF_SITE": 115, "SITE_CLASS": 2, "Age": 50, "Shape__Area": 187542.8046875, "Shape__Length": 2412.787782007232, "Age_Class": "36-50"}}, {"type": "Feature", "id": "24", "geometry": {"type": "Polygon", "coordinates": [[[-123.3124, 44.71581], [-123.31149, 44.71635], [-123.31099, 44.71623], [-123.31056, 44.71598], [-123.3104, 44.71546], [-123.30952, 44.71528], [-123.30914, 44.71485], [-123.30897, 44.71418], [-123.3078, 44.71327], [-123.30821, 44.71294], [-123.30876, 44.71289], [-123.30915, 44.71254], [-123.31099, 44.712], [-123.31138, 44.71172], [-123.3112, 44.71144], [-123.31153, 44.71122], [-123.31273, 44.711], [-123.31325, 44.71157], [-123.31385, 44.71377], [-123.31377, 44.71406], [-123.31467, 44.71452], [-123.31389, 44.71462], [-123.31365, 44.71478], [-123.3137, 44.71533], [-123.3124, 44.71581]], [[-123.31151, 44.71358], [-123.31173, 44.71365], [-123.31187, 44.7132], [-123.31146, 44.71301], [-123.31113, 44.71241], [-123.30963, 44.71297], [-123.31066, 44.71393], [-123.31109, 44.7139], [-123.31151, 44.71358]]]}, "properties": {"FID": 24, "ACRES": 38.3651273803, "STANDID": "010806", "DF_SITE": 106, "SITE_CLASS": 3, "Age": 89, "Shape__Area": 307514.53125, "Shape__Length": 3373.399359934657, "Age_Class": null}}, {"type": "Feature", "id": "25", "geometry": {"type": "Polygon", "coordinates": [[[-123.29983, 44.71632], [-123.30067, 44.71564], [-123.30092, 44.71486], [-123.30117, 44.71465], [-123.30091, 44.71388], [-123.30104, 44.71273], [-123.30119, 44.71276], [-123.30164, 44.71383], [-123.30213, 44.71374], [-123.30224, 44.7132], [-123.30245, 44.71308], [-123.30243, 44.71266], [-123.30288, 44.71238], [-123.30321, 44.71191], [-123.30384, 44.71156], [-123.30432, 44.71066], [-123.30718, 44.7092], [-123.3073, 44.7098], [-123.30838, 44.70989], [-123.30697, 44.71013], [-123.30658, 44.71047], [-123.30562, 44.71073], [-123.30567, 44.71087], [-123.30623, 44.71107], [-123.30768, 44.71089], [-123.30803, 44.71102], [-123.30834, 44.71085], [-123.30874, 44.71097], [-123.30953, 44.71076], [-123.30997, 44.71085], [-123.31026, 44.71036], [-123.3111, 44.71041], [-123.31173, 44.71013], [-123.31179, 44.70995], [-123.31273, 44.711], [-123.31129, 44.71134], [-123.30938, 44.71121], [-123.30855, 44.71156], [-123.30656, 44.71143], [-123.30521, 44.71191], [-123.30371, 44.71188], [-123.30276, 44.71282], [-123.30296, 44.71303], [-123.30293, 44.71324], [-123.30265, 44.71338], [-123.30229, 44.71417], [-123.30166, 44.7143], [-123.30105, 44.71583], [-123.29996, 44.71654], [-123.29983, 44.71632]]]}, "properties": {"FID": 25, "ACRES": 25.2726142466, "STANDID": "010818", "DF_SITE": 104, "SITE_CLASS": 3, "Age": 72, "Shape__Area": 202557.0625, "Shape__Length": 5571.738552972998, "Age_Class": null}}, {"type": "Feature", "id": "26", "geometry": {"type": "Polygon", "coordinates": [[[-123.33303, 44.71401], [-123.33122, 44.71523], [-123.3314, 44.71427], [-123.33014, 44.71378], [-123.32974, 44.71344], [-123.33042, 44.71283], [-123.33046, 44.71252], [-123.3308, 44.71214], [-123.33143, 44.71216], [-123.33153, 44.71259], [-123.33187, 44.71272], [-123.33244, 44.71262], [-123.3329, 44.71296], [-123.33326, 44.71358], [-123.33303, 44.71401]]]}, "properties": {"FID": 26, "ACRES": 11.841215918, "STANDID": "010403", "DF_SITE": 126, "SITE_CLASS": 2, "Age": 50, "Shape__Area": 94911.875, "Shape__Length": 1431.1717852933987, "Age_Class": "36-50"}}, {"type": "Feature", "id": "27", "geometry": {"type": "Polygon", "coordinates": [[[-123.31632, 44.71543], [-123.31651, 44.71528], [-123.31647, 44.71511], [-123.31587, 44.71464], [-123.31597, 44.71422], [-123.31574, 44.71363], [-123.31495, 44.71323], [-123.31516, 44.71197], [-123.31548, 44.71152], [-123.31543, 44.71064], [-123.31583, 44.71062], [-123.3164, 44.71086], [-123.31692, 44.71059], [-123.3174, 44.71077], [-123.31788, 44.71069], [-123.31853, 44.71106], [-123.31892, 44.71108], [-123.31936, 44.71043], [-123.32001, 44.71034], [-123.31904, 44.70967], [-123.32058, 44.70987], [-123.32123, 44.71011], [-123.31988, 44.71064], [-123.31915, 44.71202], [-123.3183, 44.71318], [-123.31819, 44.71409], [-123.31641, 44.7155], [-123.31632, 44.71543]]]}, "properties": {"FID": 27, "ACRES": 31.1488456341, "STANDID": "010701", "DF_SITE": 132, "SITE_CLASS": 2, "Age": 104, "Shape__Area": 249660.4296875, "Shape__Length": 3014.6550973381513, "Age_Class": null}}, {"type": "Feature", "id": "28", "geometry": {"type": "Polygon", "coordinates": [[[-123.31632, 44.71543], [-123.31375, 44.71351], [-123.31374, 44.71312], [-123.31449, 44.71315], [-123.315, 44.71283], [-123.31495, 44.71323], [-123.31574, 44.71363], [-123.31597, 44.71422], [-123.31587, 44.71464], [-123.31647, 44.71511], [-123.31651, 44.71528], [-123.31632, 44.71543]]]}, "properties": {"FID": 28, "ACRES": 5.32950973099, "STANDID": "010702", "DF_SITE": 135, "SITE_CLASS": 1, "Age": 38, "Shape__Area": 42718.5546875, "Shape__Length": 1152.010406183379, "Age_Class": "36-50"}}, {"type": "Feature", "id": "29", "geometry": {"type": "Polygon", "coordinates": [[[-123.33326, 44.71377], [-123.33296, 44.71304], [-123.33213, 44.71246], [-123.33196, 44.71193], [-123.33119, 44.71118], [-123.33086, 44.71039], [-123.33406, 44.71133], [-123.33407, 44.71207], [-123.33431, 44.7128], [-123.33456, 44.71284], [-123.33499, 44.71354], [-123.33429, 44.71364], [-123.3338, 44.71354], [-123.33326, 44.71377]]]}, "properties": {"FID": 29, "ACRES": 13.1431467315, "STANDID": "010118", "DF_SITE": 132, "SITE_CLASS": 2, "Age": 75, "Shape__Area": 105342.1796875, "Shape__Length": 1606.0240247134263, "Age_Class": null}}, {"type": "Feature", "id": "30", "geometry": {"type": "Polygon", "coordinates": [[[-123.31151, 44.71358], [-123.31109, 44.7139], [-123.31066, 44.71393], [-123.30963, 44.71297], [-123.31113, 44.71241], [-123.31146, 44.71301], [-123.31187, 44.7132], [-123.31173, 44.71365], [-123.31151, 44.71358]]]}, "properties": {"FID": 30, "ACRES": 4.25301987596, "STANDID": "010809", "DF_SITE": 135, "SITE_CLASS": 4, "Age": 38, "Shape__Area": 34089.2109375, "Shape__Length": 781.4922740641357, "Age_Class": "36-50"}}, {"type": "Feature", "id": "31", "geometry": {"type": "Polygon", "coordinates": [[[-123.3137, 44.71343], [-123.31325, 44.71157], [-123.31273, 44.711], [-123.31381, 44.71117], [-123.31405, 44.71108], [-123.31399, 44.71088], [-123.31423, 44.71051], [-123.31517, 44.71032], [-123.31548, 44.71074], [-123.31549, 44.71143], [-123.31516, 44.71197], [-123.31512, 44.71282], [-123.31449, 44.71315], [-123.31378, 44.71309], [-123.3137, 44.71343]]]}, "properties": {"FID": 31, "ACRES": 10.2395090322, "STANDID": "010703", "DF_SITE": 138, "SITE_CLASS": 1, "Age": 80, "Shape__Area": 82068.6171875, "Shape__Length": 1430.748727930625, "Age_Class": null}}, {"type": "Feature", "id": "32", "geometry": {"type": "Polygon", "coordinates": [[[-123.32253, 44.71103], [-123.32227, 44.71097], [-123.32108, 44.71003], [-123.31941, 44.70967], [-123.31845, 44.70976], [-123.31682, 44.71026], [-123.31618, 44.7102], [-123.316, 44.71009], [-123.31603, 44.70896], [-123.31661, 44.70863], [-123.31749, 44.70848], [-123.31778, 44.70811], [-123.319, 44.70753], [-123.32049, 44.7073], [-123.32259, 44.70776], [-123.32345, 44.70749], [-123.3238, 44.70778], [-123.32431, 44.70755], [-123.3237, 44.70842], [-123.32389, 44.7093], [-123.32295, 44.70988], [-123.32253, 44.71103]]]}, "properties": {"FID": 32, "ACRES": 37.6431341138, "STANDID": "010601", "DF_SITE": 137, "SITE_CLASS": 1, "Age": 76, "Shape__Area": 301676.3984375, "Shape__Length": 2722.201766719946, "Age_Class": null}}, {"type": "Feature", "id": "33", "geometry": {"type": "Polygon", "coordinates": [[[-123.31583, 44.71062], [-123.31581, 44.71039], [-123.31605, 44.71016], [-123.31682, 44.71026], [-123.31893, 44.70967], [-123.32001, 44.71034], [-123.31936, 44.71043], [-123.31908, 44.71096], [-123.31883, 44.71109], [-123.31853, 44.71106], [-123.31802, 44.71071], [-123.3174, 44.71077], [-123.31692, 44.71059], [-123.3164, 44.71086], [-123.31583, 44.71062]]]}, "properties": {"FID": 33, "ACRES": 6.39387906784, "STANDID": "010705", "DF_SITE": 130, "SITE_CLASS": 2, "Age": 51, "Shape__Area": 51243.8828125, "Shape__Length": 1206.7660617343088, "Age_Class": "51-60"}}, {"type": "Feature", "id": "34", "geometry": {"type": "Polygon", "coordinates": [[[-123.31583, 44.71062], [-123.31522, 44.71054], [-123.31517, 44.71032], [-123.31488, 44.71029], [-123.31419, 44.71054], [-123.31402, 44.71111], [-123.31333, 44.71112], [-123.31273, 44.711], [-123.31179, 44.70995], [-123.31249, 44.71], [-123.31315, 44.70963], [-123.31356, 44.70958], [-123.31505, 44.70849], [-123.31563, 44.70856], [-123.31603, 44.70879], [-123.31605, 44.71016], [-123.31581, 44.71039], [-123.31583, 44.71062]]]}, "properties": {"FID": 34, "ACRES": 12.6808938152, "STANDID": "010704", "DF_SITE": 137, "SITE_CLASS": 1, "Age": 54, "Shape__Area": 101629.5625, "Shape__Length": 1574.1368782173772, "Age_Class": "51-60"}}, {"type": "Feature", "id": "35", "geometry": {"type": "Polygon", "coordinates": [[[-123.32789, 44.71029], [-123.3253, 44.70986], [-123.32453, 44.70935], [-123.32389, 44.7093], [-123.3237, 44.70842], [-123.32428, 44.70757], [-123.32495, 44.7073], [-123.3262, 44.7076], [-123.32677, 44.70865], [-123.32712, 44.70886], [-123.32805, 44.70871], [-123.32898, 44.70886], [-123.32836, 44.70945], [-123.32817, 44.71005], [-123.32789, 44.71029]]]}, "properties": {"FID": 35, "ACRES": 18.8719647937, "STANDID": "010407", "DF_SITE": 130, "SITE_CLASS": 2, "Age": 80, "Shape__Area": 151242.015625, "Shape__Length": 1740.8042075763422, "Age_Class": null}}, {"type": "Feature", "id": "36", "geometry": {"type": "Polygon", "coordinates": [[[-123.29948, 44.70973], [-123.29812, 44.70963], [-123.29815, 44.71014], [-123.29787, 44.71002], [-123.29765, 44.70812], [-123.29826, 44.70617], [-123.29811, 44.70478], [-123.29835, 44.70365], [-123.2986, 44.70328], [-123.29904, 44.70301], [-123.2992, 44.70233], [-123.29963, 44.70201], [-123.2996, 44.70172], [-123.30024, 44.70109], [-123.3002, 44.7007], [-123.29968, 44.70041], [-123.29923, 44.69975], [-123.29937, 44.6991], [-123.29917, 44.69882], [-123.2995, 44.69883], [-123.30099, 44.69958], [-123.30136, 44.69805], [-123.30195, 44.69732], [-123.30179, 44.69703], [-123.30294, 44.69694], [-123.30344, 44.69648], [-123.3037, 44.69585], [-123.30416, 44.69526], [-123.30562, 44.69436], [-123.30715, 44.69398], [-123.30722, 44.69349], [-123.30697, 44.69285], [-123.30756, 44.69284], [-123.30797, 44.69263], [-123.30811, 44.69208], [-123.30848, 44.69179], [-123.3082, 44.69167], [-123.30886, 44.69107], [-123.30917, 44.69038], [-123.31058, 44.68944], [-123.31115, 44.68971], [-123.3114, 44.68988], [-123.3099, 44.69061], [-123.30975, 44.69119], [-123.30868, 44.69224], [-123.30816, 44.69341], [-123.30862, 44.69371], [-123.30882, 44.69412], [-123.30827, 44.69467], [-123.3079, 44.69495], [-123.30768, 44.69466], [-123.30534, 44.69528], [-123.30456, 44.69579], [-123.30419, 44.69646], [-123.30241, 44.69758], [-123.30213, 44.69892], [-123.30171, 44.69944], [-123.30152, 44.70007], [-123.30058, 44.70114], [-123.30041, 44.70219], [-123.29969, 44.70397], [-123.29979, 44.70676], [-123.29966, 44.70689], [-123.30002, 44.70763], [-123.29904, 44.70873], [-123.29963, 44.70905], [-123.30021, 44.70887], [-123.29948, 44.70973]]]}, "properties": {"FID": 36, "ACRES": 58.5142318885, "STANDID": "020201", "DF_SITE": 132, "SITE_CLASS": 2, "Age": 72, "Shape__Area": 468803.1953125, "Shape__Length": 8763.280752072445, "Age_Class": null}}, {"type": "Feature", "id": "37", "geometry": {"type": "Polygon", "coordinates": [[[-123.30645, 44.70898], [-123.30687, 44.70874], [-123.30701, 44.70821], [-123.30733, 44.70799], [-123.30725, 44.70773], [-123.30872, 44.7071], [-123.30926, 44.7061], [-123.30969, 44.70588], [-123.30958, 44.70546], [-123.31017, 44.70475], [-123.30973, 44.70366], [-123.30923, 44.70323], [-123.30942, 44.7028], [-123.3094, 44.70196], [-123.30954, 44.7019], [-123.30941, 44.70139], [-123.30958, 44.70127], [-123.30958, 44.70104], [-123.30989, 44.70097], [-123.30988, 44.70112], [-123.31007, 44.70114], [-123.3098, 44.70128], [-123.30974, 44.70166], [-123.31002, 44.70148], [-123.31018, 44.70177], [-123.31051, 44.70172], [-123.31031, 44.70225], [-123.31048, 44.70292], [-123.31011, 44.7032], [-123.31039, 44.70351], [-123.31034, 44.70398], [-123.31061, 44.70448], [-123.31101, 44.70459], [-123.31127, 44.70424], [-123.31208, 44.70404], [-123.31301, 44.70326], [-123.31343, 44.70316], [-123.3129, 44.70423], [-123.31183, 44.70498], [-123.31082, 44.70541], [-123.31001, 44.70549], [-123.30972, 44.70666], [-123.30892, 44.70742], [-123.30834, 44.70775], [-123.30763, 44.70886], [-123.30656, 44.7095], [-123.30645, 44.70898]]]}, "properties": {"FID": 37, "ACRES": 20.3668409809, "STANDID": "020202", "DF_SITE": 120, "SITE_CLASS": 2, "Age": 78, "Shape__Area": 143972.1875, "Shape__Length": 4238.0932037370285, "Age_Class": null}}, {"type": "Feature", "id": "38", "geometry": {"type": "Polygon", "coordinates": [[[-123.32701, 44.70881], [-123.32669, 44.70853], [-123.32627, 44.70768], [-123.32598, 44.7075], [-123.32487, 44.70729], [-123.32365, 44.70774], [-123.32344, 44.70747], [-123.32363, 44.70717], [-123.32465, 44.70657], [-123.32372, 44.70655], [-123.32362, 44.70642], [-123.32484, 44.70586], [-123.32518, 44.70606], [-123.32542, 44.70655], [-123.32586, 44.70651], [-123.32674, 44.7068], [-123.32698, 44.70698], [-123.32701, 44.70881]]]}, "properties": {"FID": 38, "ACRES": 8.8320583433, "STANDID": "010604", "DF_SITE": 115, "SITE_CLASS": 2, "Age": 81, "Shape__Area": 70776.6640625, "Shape__Length": 1726.9420370292814, "Age_Class": null}}, {"type": "Feature", "id": "39", "geometry": {"type": "Polygon", "coordinates": [[[-123.31597, 44.70869], [-123.31525, 44.7085], [-123.31604, 44.70792], [-123.31712, 44.70751], [-123.31743, 44.70701], [-123.31766, 44.70695], [-123.31782, 44.70637], [-123.31823, 44.70608], [-123.31817, 44.70566], [-123.31843, 44.70526], [-123.31867, 44.70519], [-123.31856, 44.70496], [-123.31994, 44.70394], [-123.32038, 44.70303], [-123.32031, 44.7023], [-123.32213, 44.70201], [-123.32209, 44.70222], [-123.32126, 44.70299], [-123.32094, 44.70363], [-123.32089, 44.70428], [-123.3213, 44.70434], [-123.32194, 44.704], [-123.32412, 44.70394], [-123.32527, 44.70379], [-123.32575, 44.70348], [-123.32701, 44.70334], [-123.32774, 44.70246], [-123.32874, 44.70224], [-123.32683, 44.70364], [-123.32613, 44.70379], [-123.32392, 44.70489], [-123.32323, 44.70498], [-123.32195, 44.70556], [-123.32133, 44.70547], [-123.32187, 44.70478], [-123.32181, 44.70454], [-123.31992, 44.70464], [-123.31938, 44.70501], [-123.31845, 44.70623], [-123.31842, 44.70645], [-123.31867, 44.70669], [-123.31959, 44.70677], [-123.32293, 44.70603], [-123.32352, 44.7057], [-123.32377, 44.70524], [-123.32516, 44.70512], [-123.32725, 44.70411], [-123.32775, 44.7041], [-123.32808, 44.70377], [-123.32953, 44.70301], [-123.33059, 44.70429], [-123.32887, 44.70512], [-123.32898, 44.70481], [-123.32885, 44.70466], [-123.32756, 44.70453], [-123.32688, 44.70462], [-123.32583, 44.70523], [-123.32556, 44.70602], [-123.32629, 44.70638], [-123.32697, 44.70638], [-123.32698, 44.70698], [-123.32586, 44.70651], [-123.32542, 44.70655], [-123.3251, 44.70598], [-123.32477, 44.70586], [-123.3236, 44.70647], [-123.32463, 44.70662], [-123.32404, 44.70683], [-123.32345, 44.70749], [-123.32288, 44.70771], [-123.32244, 44.70775], [-123.32042, 44.70731], [-123.31888, 44.70756], [-123.31778, 44.70811], [-123.31749, 44.70848], [-123.31661, 44.70863], [-123.31605, 44.70896], [-123.31597, 44.70869]]]}, "properties": {"FID": 39, "ACRES": 54.8548101861, "STANDID": "010602", "DF_SITE": 123, "SITE_CLASS": 2, "Age": 81, "Shape__Area": 439560.5078125, "Shape__Length": 9407.275443158043, "Age_Class": null}}, {"type": "Feature", "id": "40", "geometry": {"type": "Polygon", "coordinates": [[[-123.30763, 44.70886], [-123.30834, 44.70775], [-123.30892, 44.70742], [-123.30972, 44.70666], [-123.31001, 44.70549], [-123.31097, 44.70531], [-123.31155, 44.70605], [-123.30763, 44.70886]]]}, "properties": {"FID": 40, "ACRES": 6.34748205313, "STANDID": "020204", "DF_SITE": 108, "SITE_CLASS": 3, "Age": 78, "Shape__Area": 50865.46875, "Shape__Length": 1489.5408167118367, "Age_Class": null}}, {"type": "Feature", "id": "41", "geometry": {"type": "Polygon", "coordinates": [[[-123.30293, 44.70813], [-123.30112, 44.70785], [-123.30085, 44.70798], [-123.30081, 44.70732], [-123.30171, 44.70565], [-123.30178, 44.7053], [-123.30156, 44.70473], [-123.3023, 44.70399], [-123.30236, 44.70338], [-123.30357, 44.70187], [-123.30439, 44.70103], [-123.30578, 44.70002], [-123.30621, 44.69942], [-123.30648, 44.69834], [-123.3069, 44.6982], [-123.30776, 44.69985], [-123.30739, 44.70014], [-123.30721, 44.70063], [-123.30771, 44.70076], [-123.30839, 44.7015], [-123.30902, 44.70107], [-123.30896, 44.70146], [-123.30881, 44.70151], [-123.30893, 44.70168], [-123.30875, 44.70183], [-123.30926, 44.7018], [-123.3094, 44.70196], [-123.3094, 44.7029], [-123.30923, 44.70323], [-123.3078, 44.70237], [-123.30714, 44.70294], [-123.3067, 44.70307], [-123.3062, 44.70314], [-123.30553, 44.70288], [-123.30521, 44.70306], [-123.30283, 44.70649], [-123.30255, 44.70713], [-123.30293, 44.70813]]]}, "properties": {"FID": 41, "ACRES": 57.123081122, "STANDID": "020205", "DF_SITE": 136, "SITE_CLASS": 1, "Age": 79, "Shape__Area": 436648.7109375, "Shape__Length": 4720.459388063275, "Age_Class": null}}, {"type": "Feature", "id": "42", "geometry": {"type": "Polygon", "coordinates": [[[-123.32953, 44.70301], [-123.32808, 44.70377], [-123.32775, 44.7041], [-123.32725, 44.70411], [-123.32516, 44.70512], [-123.32377, 44.70524], [-123.32352, 44.7057], [-123.32293, 44.70603], [-123.31959, 44.70677], [-123.3187, 44.7067], [-123.31842, 44.70645], [-123.31938, 44.70501], [-123.32008, 44.70457], [-123.32181, 44.70454], [-123.32187, 44.70478], [-123.32133, 44.70547], [-123.32195, 44.70556], [-123.32323, 44.70498], [-123.32392, 44.70489], [-123.32613, 44.70379], [-123.32683, 44.70364], [-123.32874, 44.70224], [-123.32886, 44.7022], [-123.32953, 44.70301]]]}, "properties": {"FID": 42, "ACRES": 24.9605013118, "STANDID": "010605", "DF_SITE": 129, "SITE_CLASS": 2, "Age": 76, "Shape__Area": 200008.9765625, "Shape__Length": 3387.060323936029, "Age_Class": null}}, {"type": "Feature", "id": "43", "geometry": {"type": "Polygon", "coordinates": [[[-123.32887, 44.70512], [-123.32697, 44.70605], [-123.32697, 44.70638], [-123.32629, 44.70638], [-123.32553, 44.70593], [-123.32583, 44.70523], [-123.32694, 44.70461], [-123.32876, 44.70463], [-123.32898, 44.70481], [-123.32887, 44.70512]]]}, "properties": {"FID": 43, "ACRES": 8.11066879523, "STANDID": "010606", "DF_SITE": 95, "SITE_CLASS": 3, "Age": 37, "Shape__Area": 64991.859375, "Shape__Length": 1082.9205961653424, "Age_Class": "36-50"}}, {"type": "Feature", "id": "44", "geometry": {"type": "Polygon", "coordinates": [[[-123.31431, 44.70544], [-123.3124, 44.7055], [-123.31425, 44.70377], [-123.31514, 44.70331], [-123.31672, 44.70182], [-123.31674, 44.70288], [-123.32031, 44.7023], [-123.3204, 44.70295], [-123.31997, 44.7039], [-123.31934, 44.7045], [-123.31845, 44.70502], [-123.31785, 44.70516], [-123.31546, 44.7052], [-123.31431, 44.70544]]]}, "properties": {"FID": 44, "ACRES": 32.3267171255, "STANDID": "010610", "DF_SITE": 130, "SITE_CLASS": 2, "Age": 71, "Shape__Area": 259025.4609375, "Shape__Length": 2551.8429621566283, "Age_Class": null}}, {"type": "Feature", "id": "45", "geometry": {"type": "Polygon", "coordinates": [[[-123.321, 44.70431], [-123.32089, 44.70382], [-123.3211, 44.7033], [-123.32143, 44.70276], [-123.32209, 44.70222], [-123.32213, 44.70201], [-123.32792, 44.70106], [-123.32886, 44.7022], [-123.32774, 44.70246], [-123.32701, 44.70334], [-123.32575, 44.70348], [-123.32527, 44.70379], [-123.32194, 44.704], [-123.32145, 44.70431], [-123.321, 44.70431]]]}, "properties": {"FID": 45, "ACRES": 31.2695739029, "STANDID": "010611", "DF_SITE": 131, "SITE_CLASS": 2, "Age": 79, "Shape__Area": 250543.9375, "Shape__Length": 2328.376151210086, "Age_Class": null}}, {"type": "Feature", "id": "46", "geometry": {"type": "Polygon", "coordinates": [[[-123.31313, 44.7005], [-123.31368, 44.69852], [-123.3139, 44.69843], [-123.31386, 44.69826], [-123.31436, 44.6986], [-123.3142, 44.69915], [-123.31431, 44.69935], [-123.31488, 44.69946], [-123.3153, 44.69932], [-123.31536, 44.69834], [-123.31552, 44.69831], [-123.31557, 44.69857], [-123.31607, 44.69842], [-123.31666, 44.69765], [-123.31669, 44.6998], [-123.31598, 44.70083], [-123.31509, 44.70125], [-123.31486, 44.70198], [-123.31343, 44.70316], [-123.31301, 44.70326], [-123.31208, 44.70404], [-123.31127, 44.70424], [-123.31094, 44.70458], [-123.31223, 44.70287], [-123.31262, 44.70126], [-123.31313, 44.7005]]]}, "properties": {"FID": 46, "ACRES": 27.7581891316, "STANDID": "020104", "DF_SITE": 116, "SITE_CLASS": 2, "Age": 336, "Shape__Area": 222178.15625, "Shape__Length": 3202.6867758456965, "Age_Class": null}}, {"type": "Feature", "id": "47", "geometry": {"type": "Polygon", "coordinates": [[[-123.31052, 44.70183], [-123.31042, 44.70165], [-123.3107, 44.70123], [-123.31092, 44.70133], [-123.3105, 44.70164], [-123.31076, 44.70156], [-123.31081, 44.70173], [-123.3111, 44.7016], [-123.3111, 44.70145], [-123.31139, 44.70157], [-123.31157, 44.70121], [-123.31181, 44.70139], [-123.31203, 44.70116], [-123.31226, 44.70135], [-123.31234, 44.70114], [-123.31266, 44.70117], [-123.31223, 44.70287], [-123.31094, 44.70458], [-123.31045, 44.7043], [-123.31039, 44.70351], [-123.31011, 44.7032], [-123.31048, 44.70292], [-123.31031, 44.70225], [-123.31052, 44.70183]]]}, "properties": {"FID": 47, "ACRES": 13.3035145631, "STANDID": "020208", "DF_SITE": 135, "SITE_CLASS": 1, "Age": 75, "Shape__Area": 89001.0078125, "Shape__Length": 1797.0573091001668, "Age_Class": null}}, {"type": "Feature", "id": "48", "geometry": {"type": "Polygon", "coordinates": [[[-123.28697, 44.7044], [-123.28666, 44.7044], [-123.28462, 44.7036], [-123.28426, 44.70339], [-123.28448, 44.70322], [-123.28436, 44.70295], [-123.28662, 44.70216], [-123.28752, 44.70146], [-123.28833, 44.70169], [-123.28855, 44.70194], [-123.29078, 44.70282], [-123.29125, 44.70253], [-123.29047, 44.70312], [-123.28993, 44.7033], [-123.28884, 44.70332], [-123.2882, 44.70359], [-123.28697, 44.7044]]]}, "properties": {"FID": 48, "ACRES": 20.5583672952, "STANDID": "020309", "DF_SITE": 130, "SITE_CLASS": 2, "Age": 76, "Shape__Area": 164723.1953125, "Shape__Length": 1969.0213038054615, "Age_Class": null}}, {"type": "Feature", "id": "49", "geometry": {"type": "Polygon", "coordinates": [[[-123.29904, 44.70301], [-123.29846, 44.70346], [-123.29737, 44.70293], [-123.29765, 44.70255], [-123.29756, 44.70216], [-123.29917, 44.70201], [-123.29947, 44.7021], [-123.2992, 44.70233], [-123.29904, 44.70301]]]}, "properties": {"FID": 49, "ACRES": 4.10292445271, "STANDID": "020303", "DF_SITE": 137, "SITE_CLASS": 1, "Age": 39, "Shape__Area": 32874.1328125, "Shape__Length": 760.9721057612825, "Age_Class": "36-50"}}, {"type": "Feature", "id": "50", "geometry": {"type": "Polygon", "coordinates": [[[-123.28462, 44.7036], [-123.28153, 44.70264], [-123.28193, 44.70189], [-123.28335, 44.70056], [-123.28342, 44.6988], [-123.28374, 44.69863], [-123.28417, 44.69785], [-123.28538, 44.69704], [-123.28647, 44.6975], [-123.28691, 44.69741], [-123.28747, 44.69702], [-123.28882, 44.69758], [-123.28937, 44.69822], [-123.28902, 44.69877], [-123.28794, 44.69922], [-123.28957, 44.70044], [-123.28962, 44.70061], [-123.28804, 44.70141], [-123.28737, 44.70154], [-123.28648, 44.70222], [-123.28436, 44.70295], [-123.28448, 44.70322], [-123.28426, 44.70339], [-123.28462, 44.7036]], [[-123.28669, 44.7003], [-123.2852, 44.70063], [-123.28485, 44.70137], [-123.28458, 44.70154], [-123.28457, 44.70182], [-123.28532, 44.70214], [-123.28656, 44.70185], [-123.28734, 44.7007], [-123.28742, 44.70032], [-123.28669, 44.7003]], [[-123.28475, 44.70011], [-123.28559, 44.70005], [-123.2856, 44.69968], [-123.28517, 44.69953], [-123.28469, 44.69967], [-123.28475, 44.70011]]]}, "properties": {"FID": 50, "ACRES": 55.0891656206, "STANDID": "030109", "DF_SITE": 142, "SITE_CLASS": 1, "Age": 14, "Shape__Area": 441354.625, "Shape__Length": 4728.18107221108, "Age_Class": "9-20"}}, {"type": "Feature", "id": "51", "geometry": {"type": "Polygon", "coordinates": [[[-123.28153, 44.70264], [-123.27874, 44.70172], [-123.27734, 44.70095], [-123.27782, 44.69992], [-123.27983, 44.69867], [-123.28164, 44.69692], [-123.28221, 44.69691], [-123.28249, 44.69664], [-123.28382, 44.69714], [-123.28506, 44.69715], [-123.28453, 44.69773], [-123.28417, 44.69785], [-123.28374, 44.69863], [-123.28342, 44.6988], [-123.28335, 44.70056], [-123.28193, 44.70189], [-123.28153, 44.70264]]]}, "properties": {"FID": 51, "ACRES": 49.3391172151, "STANDID": "030106", "DF_SITE": 134, "SITE_CLASS": 0, "Age": 78, "Shape__Area": 395283.484375, "Shape__Length": 2801.545049358018, "Age_Class": null}}, {"type": "Feature", "id": "52", "geometry": {"type": "Polygon", "coordinates": [[[-123.31452, 44.69945], [-123.3142, 44.69915], [-123.31432, 44.69851], [-123.31386, 44.69826], [-123.3139, 44.69843], [-123.31368, 44.69852], [-123.3136, 44.6979], [-123.31413, 44.69756], [-123.3146, 44.69689], [-123.31503, 44.6969], [-123.31514, 44.69658], [-123.31549, 44.69655], [-123.31564, 44.69698], [-123.316, 44.69718], [-123.31603, 44.69753], [-123.31531, 44.69844], [-123.3153, 44.69932], [-123.31452, 44.69945]]]}, "properties": {"FID": 52, "ACRES": 8.34574371867, "STANDID": "020108", "DF_SITE": 116, "SITE_CLASS": 2, "Age": 31, "Shape__Area": 66858.484375, "Shape__Length": 1317.3048601729402, "Age_Class": "21-35"}}, {"type": "Feature", "id": "53", "geometry": {"type": "Polygon", "coordinates": [[[-123.2993, 44.69892], [-123.29899, 44.69896], [-123.29868, 44.69952], [-123.29781, 44.69952], [-123.29744, 44.69914], [-123.29697, 44.69902], [-123.29719, 44.69877], [-123.29678, 44.69838], [-123.29584, 44.69812], [-123.29433, 44.69853], [-123.29355, 44.69807], [-123.29344, 44.69782], [-123.29382, 44.69752], [-123.29452, 44.69732], [-123.29512, 44.69752], [-123.2963, 44.69762], [-123.29808, 44.69806], [-123.2993, 44.69892]]]}, "properties": {"FID": 53, "ACRES": 10.9420313573, "STANDID": "020307", "DF_SITE": 132, "SITE_CLASS": 2, "Age": 78, "Shape__Area": 87658.5625, "Shape__Length": 1723.815913954095, "Age_Class": null}}, {"type": "Feature", "id": "54", "geometry": {"type": "Polygon", "coordinates": [[[-123.30753, 44.69928], [-123.30711, 44.69867], [-123.30709, 44.69839], [-123.30671, 44.69816], [-123.30718, 44.69746], [-123.30802, 44.69793], [-123.30868, 44.69774], [-123.3092, 44.6973], [-123.30964, 44.69729], [-123.31013, 44.69746], [-123.31044, 44.69779], [-123.31053, 44.69803], [-123.30973, 44.69857], [-123.30904, 44.69887], [-123.30796, 44.69896], [-123.30753, 44.69928]]]}, "properties": {"FID": 54, "ACRES": 9.06028781068, "STANDID": "020209", "DF_SITE": 106, "SITE_CLASS": 3, "Age": 47, "Shape__Area": 72583.2109375, "Shape__Length": 1255.5909410878626, "Age_Class": "36-50"}}, {"type": "Feature", "id": "55", "geometry": {"type": "Polygon", "coordinates": [[[-123.30802, 44.69793], [-123.30718, 44.69746], [-123.30704, 44.69575], [-123.30734, 44.69522], [-123.30768, 44.69509], [-123.30758, 44.69529], [-123.30768, 44.69537], [-123.30859, 44.69543], [-123.30969, 44.6951], [-123.30978, 44.6947], [-123.31018, 44.69445], [-123.31148, 44.69429], [-123.31238, 44.69492], [-123.31111, 44.69739], [-123.31053, 44.69803], [-123.31013, 44.69746], [-123.30964, 44.69729], [-123.3092, 44.6973], [-123.30868, 44.69774], [-123.30802, 44.69793]]]}, "properties": {"FID": 55, "ACRES": 26.7314207888, "STANDID": "020214", "DF_SITE": 132, "SITE_CLASS": 2, "Age": 64, "Shape__Area": 214134.2109375, "Shape__Length": 2164.2240826627735, "Age_Class": null}}, {"type": "Feature", "id": "56", "geometry": {"type": "Polygon", "coordinates": [[[-123.31359, 44.69774], [-123.31246, 44.69489], [-123.31269, 44.69462], [-123.31344, 44.69474], [-123.31451, 44.69457], [-123.31558, 44.69527], [-123.31456, 44.69552], [-123.31477, 44.69611], [-123.31427, 44.6963], [-123.31423, 44.69677], [-123.31383, 44.69712], [-123.31408, 44.69739], [-123.3138, 44.69771], [-123.31359, 44.69774]]]}, "properties": {"FID": 56, "ACRES": 9.88749846809, "STANDID": "020106", "DF_SITE": 117, "SITE_CLASS": 2, "Age": 74, "Shape__Area": 79203.46875, "Shape__Length": 1467.3166346491582, "Age_Class": null}}, {"type": "Feature", "id": "57", "geometry": {"type": "Polygon", "coordinates": [[[-123.29775, 44.69792], [-123.29512, 44.69752], [-123.29452, 44.69732], [-123.29496, 44.69705], [-123.29503, 44.69632], [-123.2952, 44.69618], [-123.29552, 44.69651], [-123.29672, 44.69707], [-123.29798, 44.69707], [-123.29842, 44.69684], [-123.29851, 44.69628], [-123.29737, 44.69542], [-123.29756, 44.69529], [-123.2981, 44.69543], [-123.29864, 44.69534], [-123.29917, 44.69626], [-123.29935, 44.69764], [-123.29829, 44.6977], [-123.29775, 44.69792]]]}, "properties": {"FID": 57, "ACRES": 11.2677099347, "STANDID": "020517", "DF_SITE": 130, "SITE_CLASS": 2, "Age": 71, "Shape__Area": 90263.328125, "Shape__Length": 2035.0558072426697, "Age_Class": null}}, {"type": "Feature", "id": "58", "geometry": {"type": "Polygon", "coordinates": [[[-123.2702, 44.69829], [-123.26717, 44.69774], [-123.26699, 44.6972], [-123.26706, 44.69618], [-123.26695, 44.696], [-123.26474, 44.69597], [-123.26779, 44.69521], [-123.2679, 44.69533], [-123.26773, 44.69552], [-123.26818, 44.6962], [-123.2674, 44.69686], [-123.26719, 44.6973], [-123.26738, 44.69742], [-123.26871, 44.69742], [-123.26896, 44.69726], [-123.26907, 44.69667], [-123.26975, 44.69677], [-123.27075, 44.69592], [-123.2712, 44.69498], [-123.27088, 44.69459], [-123.27082, 44.69424], [-123.27131, 44.69446], [-123.27162, 44.69487], [-123.27187, 44.6948], [-123.27231, 44.6944], [-123.27237, 44.69372], [-123.27352, 44.69326], [-123.27379, 44.69286], [-123.27467, 44.6928], [-123.27573, 44.69246], [-123.27764, 44.69144], [-123.27766, 44.69116], [-123.27809, 44.69094], [-123.27844, 44.69041], [-123.27838, 44.69024], [-123.27861, 44.68981], [-123.27843, 44.68941], [-123.28124, 44.69053], [-123.28227, 44.69119], [-123.28206, 44.69149], [-123.28055, 44.69157], [-123.27951, 44.69198], [-123.27732, 44.6925], [-123.27396, 44.69415], [-123.27255, 44.69563], [-123.27179, 44.69698], [-123.2702, 44.69829]]]}, "properties": {"FID": 58, "ACRES": 49.9786957425, "STANDID": "030302", "DF_SITE": 133, "SITE_CLASS": 2, "Age": 83, "Shape__Area": 400328.5234375, "Shape__Length": 6369.771891069153, "Age_Class": null}}, {"type": "Feature", "id": "59", "geometry": {"type": "Polygon", "coordinates": [[[-123.30176, 44.69697], [-123.30165, 44.6967], [-123.30188, 44.69615], [-123.30234, 44.69589], [-123.30281, 44.69521], [-123.30279, 44.69488], [-123.30327, 44.69444], [-123.30322, 44.6937], [-123.30424, 44.69267], [-123.30746, 44.69118], [-123.30907, 44.69061], [-123.30886, 44.69107], [-123.3082, 44.69167], [-123.30848, 44.69179], [-123.30811, 44.69208], [-123.30797, 44.69263], [-123.30756, 44.69284], [-123.30697, 44.69285], [-123.30722, 44.69349], [-123.30715, 44.69398], [-123.30562, 44.69436], [-123.30416, 44.69526], [-123.3037, 44.69585], [-123.30344, 44.69648], [-123.30294, 44.69694], [-123.30241, 44.69707], [-123.30176, 44.69697]]]}, "properties": {"FID": 59, "ACRES": 30.6770110025, "STANDID": "020411", "DF_SITE": 128, "SITE_CLASS": 2, "Age": 60, "Shape__Area": 245720.0390625, "Shape__Length": 2950.010912984056, "Age_Class": "51-60"}}, {"type": "Feature", "id": "60", "geometry": {"type": "Polygon", "coordinates": [[[-123.29842, 44.69684], [-123.29783, 44.69712], [-123.29672, 44.69707], [-123.29552, 44.69651], [-123.2952, 44.69618], [-123.29503, 44.69632], [-123.29497, 44.69701], [-123.29318, 44.69646], [-123.29378, 44.69585], [-123.29375, 44.69535], [-123.29406, 44.69476], [-123.2949, 44.6946], [-123.29636, 44.69487], [-123.29659, 44.69554], [-123.29751, 44.6955], [-123.29851, 44.69628], [-123.29842, 44.69684]]]}, "properties": {"FID": 60, "ACRES": 17.9527744486, "STANDID": "020511", "DF_SITE": 139, "SITE_CLASS": 1, "Age": 69, "Shape__Area": 143811.1015625, "Shape__Length": 1843.186548203766, "Age_Class": null}}, {"type": "Feature", "id": "61", "geometry": {"type": "Polygon", "coordinates": [[[-123.26699, 44.6972], [-123.26717, 44.69774], [-123.26402, 44.69707], [-123.26107, 44.69692], [-123.25708, 44.69632], [-123.25737, 44.695], [-123.25775, 44.69544], [-123.25857, 44.69548], [-123.25914, 44.69584], [-123.2608, 44.69585], [-123.26199, 44.69621], [-123.26642, 44.6959], [-123.26695, 44.696], [-123.26706, 44.69618], [-123.26699, 44.6972]]]}, "properties": {"FID": 61, "ACRES": 23.0282855202, "STANDID": "030314", "DF_SITE": 134, "SITE_CLASS": 2, "Age": 85, "Shape__Area": 184471.859375, "Shape__Length": 2798.5892418220956, "Age_Class": null}}, {"type": "Feature", "id": "62", "geometry": {"type": "Polygon", "coordinates": [[[-123.30234, 44.69589], [-123.30195, 44.69604], [-123.30205, 44.69581], [-123.30161, 44.69554], [-123.30076, 44.69533], [-123.29965, 44.69475], [-123.29925, 44.69399], [-123.29811, 44.69447], [-123.29669, 44.69462], [-123.29636, 44.69487], [-123.29602, 44.69459], [-123.29608, 44.69431], [-123.29547, 44.69431], [-123.2952, 44.69411], [-123.29512, 44.69317], [-123.29373, 44.69298], [-123.29246, 44.69341], [-123.29235, 44.69364], [-123.29259, 44.69396], [-123.29226, 44.69506], [-123.29177, 44.6955], [-123.29116, 44.69559], [-123.291, 44.69599], [-123.28836, 44.69596], [-123.28808, 44.69547], [-123.28693, 44.69425], [-123.2856, 44.69331], [-123.28627, 44.69339], [-123.28666, 44.69282], [-123.28808, 44.69238], [-123.28862, 44.69257], [-123.2897, 44.69249], [-123.29039, 44.6919], [-123.29024, 44.69132], [-123.29051, 44.69068], [-123.29045, 44.69041], [-123.29096, 44.69035], [-123.2915, 44.68937], [-123.29196, 44.69012], [-123.2926, 44.69044], [-123.29423, 44.69074], [-123.29397, 44.69103], [-123.29385, 44.69192], [-123.2942, 44.69251], [-123.29485, 44.69263], [-123.29515, 44.69239], [-123.29503, 44.692], [-123.29567, 44.69194], [-123.29582, 44.6918], [-123.29583, 44.69142], [-123.29678, 44.6911], [-123.29709, 44.69081], [-123.29939, 44.6908], [-123.30007, 44.69111], [-123.29987, 44.69136], [-123.29923, 44.69152], [-123.29875, 44.69124], [-123.29785, 44.69125], [-123.29771, 44.69138], [-123.29773, 44.69173], [-123.29835, 44.69165], [-123.29986, 44.69213], [-123.30219, 44.69206], [-123.30232, 44.69099], [-123.30211, 44.69047], [-123.30229, 44.69023], [-123.3037, 44.69083], [-123.30397, 44.69237], [-123.3039, 44.69264], [-123.30326, 44.69301], [-123.30327, 44.69444], [-123.30279, 44.69488], [-123.30281, 44.69521], [-123.30234, 44.69589]]]}, "properties": {"FID": 62, "ACRES": 122.330556103, "STANDID": "020503", "DF_SITE": 131, "SITE_CLASS": 2, "Age": 74, "Shape__Area": 979835.609375, "Shape__Length": 7953.0060804091445, "Age_Class": null}}, {"type": "Feature", "id": "63", "geometry": {"type": "Polygon", "coordinates": [[[-123.31558, 44.69527], [-123.31451, 44.69457], [-123.31344, 44.69474], [-123.31269, 44.69462], [-123.31319, 44.69416], [-123.31427, 44.694], [-123.3146, 44.69329], [-123.31526, 44.69251], [-123.31659, 44.6925], [-123.31663, 44.69558], [-123.31558, 44.69527]]]}, "properties": {"FID": 63, "ACRES": 13.5714007436, "STANDID": "020107", "DF_SITE": 143, "SITE_CLASS": 1, "Age": 84, "Shape__Area": 108706.6171875, "Shape__Length": 1620.98997738062, "Age_Class": null}}, {"type": "Feature", "id": "64", "geometry": {"type": "Polygon", "coordinates": [[[-123.29356, 44.696], [-123.291, 44.69599], [-123.29116, 44.69559], [-123.29177, 44.6955], [-123.29226, 44.69506], [-123.29259, 44.69396], [-123.29235, 44.69364], [-123.29246, 44.69341], [-123.29373, 44.69298], [-123.29512, 44.69317], [-123.2952, 44.69411], [-123.29547, 44.69431], [-123.29608, 44.69431], [-123.29602, 44.69459], [-123.29636, 44.69487], [-123.2949, 44.6946], [-123.2942, 44.69466], [-123.29384, 44.6951], [-123.29378, 44.69585], [-123.29356, 44.696]]]}, "properties": {"FID": 64, "ACRES": 15.8405016632, "STANDID": "020513", "DF_SITE": 136, "SITE_CLASS": 1, "Age": 74, "Shape__Area": 126884.15625, "Shape__Length": 1965.8278257024422, "Age_Class": null}}, {"type": "Feature", "id": "65", "geometry": {"type": "Polygon", "coordinates": [[[-123.30969, 44.6951], [-123.30836, 44.69545], [-123.30758, 44.69529], [-123.3077, 44.695], [-123.30882, 44.69412], [-123.30862, 44.69371], [-123.30816, 44.69341], [-123.30868, 44.69224], [-123.30975, 44.69119], [-123.3099, 44.69061], [-123.3114, 44.68988], [-123.31152, 44.68996], [-123.31115, 44.69002], [-123.3109, 44.69053], [-123.31106, 44.69107], [-123.3113, 44.69105], [-123.31142, 44.69082], [-123.31181, 44.69052], [-123.31123, 44.69125], [-123.31162, 44.69149], [-123.31143, 44.69177], [-123.31145, 44.69283], [-123.31163, 44.69318], [-123.3115, 44.69357], [-123.31112, 44.69374], [-123.31109, 44.69411], [-123.31148, 44.69429], [-123.31018, 44.69445], [-123.30978, 44.6947], [-123.30969, 44.6951]]]}, "properties": {"FID": 65, "ACRES": 24.9410938556, "STANDID": "020410", "DF_SITE": 118, "SITE_CLASS": 2, "Age": 60, "Shape__Area": 199770.6484375, "Shape__Length": 2706.312636889752, "Age_Class": "51-60"}}, {"type": "Feature", "id": "66", "geometry": {"type": "Polygon", "coordinates": [[[-123.26213, 44.69621], [-123.25998, 44.69575], [-123.26181, 44.69399], [-123.26173, 44.69341], [-123.26293, 44.69317], [-123.26433, 44.69246], [-123.26544, 44.69265], [-123.26541, 44.6929], [-123.26479, 44.69323], [-123.26494, 44.69428], [-123.26448, 44.69496], [-123.26585, 44.69564], [-123.26424, 44.69609], [-123.26213, 44.69621]]]}, "properties": {"FID": 66, "ACRES": 26.4521210725, "STANDID": "030312", "DF_SITE": 127, "SITE_CLASS": 2, "Age": 99, "Shape__Area": 211885.5859375, "Shape__Length": 2197.2536492798613, "Age_Class": null}}, {"type": "Feature", "id": "67", "geometry": {"type": "Polygon", "coordinates": [[[-123.25919, 44.69584], [-123.25857, 44.69548], [-123.25775, 44.69544], [-123.25737, 44.695], [-123.25806, 44.69178], [-123.26107, 44.68827], [-123.26275, 44.68893], [-123.26496, 44.68781], [-123.26667, 44.68666], [-123.26753, 44.68586], [-123.26812, 44.68567], [-123.26882, 44.6862], [-123.26779, 44.68646], [-123.26579, 44.68789], [-123.26538, 44.68807], [-123.26499, 44.68804], [-123.2643, 44.6886], [-123.26273, 44.68923], [-123.26232, 44.68963], [-123.26168, 44.68967], [-123.26159, 44.68978], [-123.26176, 44.68986], [-123.26174, 44.69035], [-123.26244, 44.69069], [-123.26356, 44.68993], [-123.26444, 44.68961], [-123.2649, 44.689], [-123.26536, 44.68868], [-123.2656, 44.68874], [-123.26583, 44.68904], [-123.26551, 44.68924], [-123.26618, 44.68969], [-123.26596, 44.69022], [-123.26364, 44.69153], [-123.26209, 44.6929], [-123.26201, 44.69325], [-123.26148, 44.69355], [-123.26127, 44.69293], [-123.26149, 44.69204], [-123.26194, 44.6915], [-123.26101, 44.69104], [-123.2608, 44.69122], [-123.26069, 44.69141], [-123.26086, 44.69194], [-123.26022, 44.69245], [-123.25983, 44.69376], [-123.26077, 44.69397], [-123.26139, 44.69439], [-123.25998, 44.69575], [-123.25919, 44.69584]]]}, "properties": {"FID": 67, "ACRES": 65.1576946536, "STANDID": "030403", "DF_SITE": 117, "SITE_CLASS": 2, "Age": 79, "Shape__Area": 521865.0078125, "Shape__Length": 6848.98001356412, "Age_Class": null}}, {"type": "Feature", "id": "68", "geometry": {"type": "Polygon", "coordinates": [[[-123.28206, 44.69389], [-123.28138, 44.69433], [-123.28115, 44.69426], [-123.28033, 44.6933], [-123.27942, 44.69335], [-123.27948, 44.69306], [-123.2792, 44.69304], [-123.27891, 44.6932], [-123.27902, 44.69354], [-123.27865, 44.69372], [-123.27931, 44.69418], [-123.27871, 44.69435], [-123.2785, 44.69409], [-123.27798, 44.69452], [-123.27789, 44.69391], [-123.2777, 44.69389], [-123.27759, 44.69366], [-123.2772, 44.69388], [-123.27657, 44.6935], [-123.27665, 44.6933], [-123.27729, 44.69306], [-123.2784, 44.69292], [-123.27887, 44.69304], [-123.27949, 44.69255], [-123.28012, 44.69261], [-123.28048, 44.69229], [-123.28186, 44.69224], [-123.28226, 44.69189], [-123.2832, 44.69164], [-123.28367, 44.6919], [-123.28423, 44.69178], [-123.28489, 44.6919], [-123.2854, 44.6924], [-123.28607, 44.69173], [-123.28641, 44.69114], [-123.28676, 44.69087], [-123.28754, 44.69072], [-123.28789, 44.69176], [-123.28666, 44.69282], [-123.28627, 44.69339], [-123.28439, 44.69298], [-123.28333, 44.69324], [-123.28289, 44.69315], [-123.28229, 44.69333], [-123.28206, 44.69389]]]}, "properties": {"FID": 68, "ACRES": 31.0711106386, "STANDID": "030202", "DF_SITE": 120, "SITE_CLASS": 2, "Age": 38, "Shape__Area": 248868.015625, "Shape__Length": 3967.246614780719, "Age_Class": "36-50"}}, {"type": "Feature", "id": "69", "geometry": {"type": "Polygon", "coordinates": [[[-123.30892, 44.69064], [-123.30424, 44.69267], [-123.30328, 44.69359], [-123.3033, 44.69294], [-123.30385, 44.69269], [-123.30397, 44.69247], [-123.30376, 44.69093], [-123.30229, 44.69023], [-123.30213, 44.6896], [-123.30109, 44.68874], [-123.30103, 44.68804], [-123.30077, 44.68739], [-123.3008, 44.68695], [-123.30112, 44.68663], [-123.30155, 44.68746], [-123.30266, 44.68821], [-123.30601, 44.6871], [-123.3066, 44.68759], [-123.3063, 44.6881], [-123.3062, 44.68881], [-123.30642, 44.68942], [-123.30813, 44.68956], [-123.30956, 44.68923], [-123.30977, 44.6896], [-123.31058, 44.68944], [-123.30892, 44.69064]]]}, "properties": {"FID": 69, "ACRES": 52.2196087875, "STANDID": "020409", "DF_SITE": 116, "SITE_CLASS": 2, "Age": 72, "Shape__Area": 418216.2890625, "Shape__Length": 4026.16270935604, "Age_Class": null}}, {"type": "Feature", "id": "70", "geometry": {"type": "Polygon", "coordinates": [[[-123.26096, 44.69405], [-123.25983, 44.69376], [-123.26022, 44.69245], [-123.26086, 44.69194], [-123.26069, 44.69141], [-123.26101, 44.69104], [-123.26194, 44.6915], [-123.26149, 44.69204], [-123.26127, 44.69293], [-123.26148, 44.69355], [-123.26173, 44.69341], [-123.26181, 44.69399], [-123.26139, 44.69439], [-123.26096, 44.69405]]]}, "properties": {"FID": 70, "ACRES": 7.94956862206, "STANDID": "030404", "DF_SITE": 114, "SITE_CLASS": 3, "Age": 68, "Shape__Area": 63673.3046875, "Shape__Length": 1361.6123300193206, "Age_Class": null}}, {"type": "Feature", "id": "71", "geometry": {"type": "Polygon", "coordinates": [[[-123.25076, 44.69422], [-123.24758, 44.69182], [-123.24775, 44.69155], [-123.24818, 44.69138], [-123.24844, 44.69138], [-123.2488, 44.69176], [-123.24927, 44.6917], [-123.25012, 44.69119], [-123.25032, 44.69073], [-123.25114, 44.69017], [-123.25173, 44.68949], [-123.25235, 44.68934], [-123.2529, 44.68892], [-123.25325, 44.68835], [-123.2529, 44.68712], [-123.25341, 44.68668], [-123.2532, 44.68632], [-123.25449, 44.68544], [-123.25454, 44.68523], [-123.25391, 44.68516], [-123.25391, 44.685], [-123.25491, 44.68378], [-123.25536, 44.68278], [-123.25563, 44.68266], [-123.2564, 44.68179], [-123.2563, 44.68144], [-123.25676, 44.68069], [-123.25822, 44.68069], [-123.25888, 44.67958], [-123.25886, 44.67922], [-123.25909, 44.67875], [-123.26016, 44.67763], [-123.26051, 44.67755], [-123.26087, 44.6772], [-123.26093, 44.67689], [-123.26173, 44.67633], [-123.26176, 44.67602], [-123.26225, 44.67601], [-123.26231, 44.67552], [-123.2629, 44.67489], [-123.26409, 44.67499], [-123.26417, 44.67471], [-123.26599, 44.67378], [-123.27011, 44.67367], [-123.27068, 44.67324], [-123.27158, 44.67326], [-123.27169, 44.67248], [-123.27224, 44.67219], [-123.27187, 44.672], [-123.272, 44.67164], [-123.27247, 44.67125], [-123.27308, 44.67118], [-123.27324, 44.67096], [-123.27315, 44.67068], [-123.2737, 44.67033], [-123.27412, 44.67028], [-123.27443, 44.67051], [-123.2749, 44.6705], [-123.27489, 44.67016], [-123.27456, 44.67017], [-123.27444, 44.66974], [-123.27593, 44.66875], [-123.27648, 44.66858], [-123.27656, 44.66802], [-123.27698, 44.66745], [-123.2774, 44.6674], [-123.27751, 44.66697], [-123.27839, 44.66713], [-123.27812, 44.66788], [-123.2774, 44.668], [-123.27747, 44.66849], [-123.27708, 44.66904], [-123.27646, 44.66941], [-123.2763, 44.66985], [-123.27565, 44.67019], [-123.27575, 44.67092], [-123.27815, 44.67179], [-123.27977, 44.67187], [-123.28019, 44.67176], [-123.28073, 44.67135], [-123.28116, 44.67145], [-123.28016, 44.67188], [-123.2799, 44.67227], [-123.27929, 44.67246], [-123.2789, 44.67241], [-123.27883, 44.67211], [-123.27791, 44.67216], [-123.27664, 44.67157], [-123.27622, 44.67156], [-123.2752, 44.67111], [-123.27516, 44.67087], [-123.2738, 44.671], [-123.27328, 44.67143], [-123.27329, 44.67173], [-123.27275, 44.67232], [-123.27268, 44.67262], [-123.27164, 44.67346], [-123.27073, 44.67374], [-123.27102, 44.67378], [-123.2693, 44.67459], [-123.26824, 44.67458], [-123.2674, 44.67504], [-123.26682, 44.67499], [-123.26642, 44.67519], [-123.26655, 44.67581], [-123.26597, 44.67628], [-123.26588, 44.67538], [-123.26553, 44.67528], [-123.26535, 44.67542], [-123.26496, 44.67526], [-123.26476, 44.67552], [-123.26245, 44.67681], [-123.26189, 44.67692], [-123.26158, 44.67747], [-123.26115, 44.67761], [-123.26121, 44.67776], [-123.26104, 44.67795], [-123.26016, 44.67806], [-123.25994, 44.67834], [-123.26014, 44.67852], [-123.25941, 44.67925], [-123.25938, 44.67995], [-123.25885, 44.68062], [-123.25846, 44.68104], [-123.25806, 44.68119], [-123.25776, 44.68104], [-123.25758, 44.68118], [-123.25814, 44.68177], [-123.25726, 44.68189], [-123.25713, 44.68298], [-123.25644, 44.68316], [-123.2553, 44.6842], [-123.25486, 44.68536], [-123.25496, 44.68602], [-123.2541, 44.68658], [-123.25441, 44.68725], [-123.25392, 44.68735], [-123.25407, 44.68852], [-123.25376, 44.68922], [-123.25312, 44.68951], [-123.2531, 44.68986], [-123.25287, 44.69015], [-123.25319, 44.69034], [-123.25335, 44.6908], [-123.25323, 44.69094], [-123.25245, 44.69103], [-123.25216, 44.69151], [-123.25221, 44.69194], [-123.2525, 44.692], [-123.25283, 44.69176], [-123.25297, 44.69197], [-123.25289, 44.69235], [-123.25233, 44.69302], [-123.25177, 44.69324], [-123.25076, 44.69422]]]}, "properties": {"FID": 71, "ACRES": 100.156279012, "STANDID": "030831", "DF_SITE": 0, "SITE_CLASS": 4, "Age": 71, "Shape__Area": 801890.484375, "Shape__Length": 15402.572796651331, "Age_Class": null}}, {"type": "Feature", "id": "72", "geometry": {"type": "Polygon", "coordinates": [[[-123.27805, 44.69293], [-123.27665, 44.6933], [-123.27677, 44.69274], [-123.27732, 44.6925], [-123.27951, 44.69198], [-123.28032, 44.69162], [-123.28179, 44.69154], [-123.28228, 44.69133], [-123.28202, 44.69095], [-123.27994, 44.69001], [-123.28135, 44.69016], [-123.2821, 44.68955], [-123.28242, 44.68975], [-123.28228, 44.69061], [-123.28249, 44.69084], [-123.28298, 44.691], [-123.28357, 44.69054], [-123.28318, 44.68994], [-123.28259, 44.68978], [-123.28268, 44.6893], [-123.28304, 44.68918], [-123.28315, 44.68895], [-123.28291, 44.68881], [-123.28234, 44.68885], [-123.28214, 44.6886], [-123.28276, 44.68812], [-123.28252, 44.6876], [-123.28333, 44.6876], [-123.28374, 44.68744], [-123.28467, 44.68818], [-123.28595, 44.68812], [-123.28672, 44.6883], [-123.28515, 44.68876], [-123.2851, 44.68985], [-123.28533, 44.69052], [-123.28579, 44.69103], [-123.28642, 44.69095], [-123.28607, 44.69173], [-123.2854, 44.6924], [-123.28489, 44.6919], [-123.28423, 44.69178], [-123.28367, 44.6919], [-123.2832, 44.69164], [-123.28226, 44.69189], [-123.28186, 44.69224], [-123.28048, 44.69229], [-123.28012, 44.69261], [-123.27949, 44.69255], [-123.27887, 44.69304], [-123.27805, 44.69293]]]}, "properties": {"FID": 72, "ACRES": 36.710110274, "STANDID": "030203", "DF_SITE": 126, "SITE_CLASS": 2, "Age": 40, "Shape__Area": 294011.640625, "Shape__Length": 5117.186679582189, "Age_Class": "36-50"}}, {"type": "Feature", "id": "73", "geometry": {"type": "Polygon", "coordinates": [[[-123.3018, 44.692], [-123.29986, 44.69213], [-123.29835, 44.69165], [-123.29765, 44.69169], [-123.29785, 44.69125], [-123.29875, 44.69124], [-123.29923, 44.69152], [-123.30005, 44.69119], [-123.30002, 44.69102], [-123.29931, 44.6908], [-123.29695, 44.69084], [-123.29678, 44.6911], [-123.29583, 44.69142], [-123.29582, 44.6918], [-123.29567, 44.69194], [-123.29503, 44.692], [-123.29515, 44.69239], [-123.29485, 44.69263], [-123.29415, 44.69247], [-123.29383, 44.69184], [-123.29404, 44.69092], [-123.29458, 44.69058], [-123.29598, 44.6907], [-123.29637, 44.69029], [-123.29691, 44.69015], [-123.29829, 44.6899], [-123.2993, 44.69003], [-123.30055, 44.68972], [-123.30128, 44.68985], [-123.30184, 44.69034], [-123.30181, 44.69074], [-123.301, 44.6913], [-123.30165, 44.69127], [-123.30162, 44.69171], [-123.3018, 44.692]]]}, "properties": {"FID": 73, "ACRES": 25.2845371157, "STANDID": "020506", "DF_SITE": 111, "SITE_CLASS": 3, "Age": 69, "Shape__Area": 202507.90625, "Shape__Length": 3431.7601414178907, "Age_Class": null}}, {"type": "Feature", "id": "74", "geometry": {"type": "Polygon", "coordinates": [[[-123.2577, 44.69339], [-123.25731, 44.69153], [-123.25749, 44.69118], [-123.25803, 44.69108], [-123.25815, 44.69091], [-123.25775, 44.69084], [-123.25749, 44.69013], [-123.25713, 44.69], [-123.25725, 44.69042], [-123.25682, 44.69066], [-123.25681, 44.69011], [-123.25719, 44.68971], [-123.2565, 44.68923], [-123.25761, 44.68879], [-123.25872, 44.68903], [-123.25854, 44.68932], [-123.25892, 44.68945], [-123.25916, 44.68939], [-123.25941, 44.68889], [-123.25994, 44.68857], [-123.26107, 44.68827], [-123.25806, 44.69178], [-123.2577, 44.69339]]]}, "properties": {"FID": 74, "ACRES": 13.856614688, "STANDID": "030836", "DF_SITE": 98, "SITE_CLASS": 3, "Age": 71, "Shape__Area": 110976.21875, "Shape__Length": 2681.7703622385175, "Age_Class": null}}, {"type": "Feature", "id": "75", "geometry": {"type": "Polygon", "coordinates": [[[-123.26244, 44.69329], [-123.26201, 44.69325], [-123.26209, 44.6929], [-123.26364, 44.69153], [-123.26515, 44.69063], [-123.26637, 44.69003], [-123.27008, 44.68909], [-123.27007, 44.68932], [-123.2697, 44.68977], [-123.26836, 44.69052], [-123.26855, 44.69123], [-123.26928, 44.69172], [-123.26573, 44.69262], [-123.26433, 44.69246], [-123.26244, 44.69329]]]}, "properties": {"FID": 75, "ACRES": 28.3026268265, "STANDID": "030313", "DF_SITE": 118, "SITE_CLASS": 2, "Age": 103, "Shape__Area": 226682.5234375, "Shape__Length": 2600.1236104653817, "Age_Class": null}}, {"type": "Feature", "id": "76", "geometry": {"type": "Polygon", "coordinates": [[[-123.29423, 44.69074], [-123.29323, 44.69064], [-123.29196, 44.69012], [-123.29149, 44.68919], [-123.29214, 44.68916], [-123.29277, 44.68829], [-123.29444, 44.68881], [-123.29525, 44.68861], [-123.29521, 44.68896], [-123.29534, 44.6891], [-123.29607, 44.68924], [-123.29737, 44.68851], [-123.29887, 44.68832], [-123.29955, 44.68807], [-123.30065, 44.68827], [-123.3017, 44.68936], [-123.30213, 44.6896], [-123.30229, 44.69012], [-123.30211, 44.69047], [-123.30232, 44.69099], [-123.30232, 44.69175], [-123.30219, 44.69206], [-123.3019, 44.69207], [-123.30162, 44.69171], [-123.30165, 44.69127], [-123.30101, 44.69132], [-123.30181, 44.69074], [-123.30186, 44.6904], [-123.30134, 44.68989], [-123.30079, 44.68974], [-123.29969, 44.68984], [-123.2993, 44.69003], [-123.29829, 44.6899], [-123.29691, 44.69015], [-123.29637, 44.69029], [-123.29598, 44.6907], [-123.29524, 44.69056], [-123.29458, 44.69058], [-123.29423, 44.69074]]]}, "properties": {"FID": 76, "ACRES": 38.2809075287, "STANDID": "020507", "DF_SITE": 125, "SITE_CLASS": 2, "Age": 38, "Shape__Area": 306581.9453125, "Shape__Length": 3805.360657664224, "Age_Class": "36-50"}}, {"type": "Feature", "id": "77", "geometry": {"type": "Polygon", "coordinates": [[[-123.28642, 44.69095], [-123.28579, 44.69103], [-123.28554, 44.69085], [-123.2851, 44.68985], [-123.28522, 44.68928], [-123.2851, 44.68914], [-123.28515, 44.68876], [-123.28533, 44.68861], [-123.28662, 44.68837], [-123.28709, 44.68853], [-123.2875, 44.68902], [-123.28733, 44.68923], [-123.28743, 44.68962], [-123.28722, 44.68982], [-123.28733, 44.68996], [-123.28642, 44.69095]]]}, "properties": {"FID": 77, "ACRES": 10.3335701814, "STANDID": "030206", "DF_SITE": 112, "SITE_CLASS": 3, "Age": 336, "Shape__Area": 82759.1484375, "Shape__Length": 1145.884218062284, "Age_Class": null}}, {"type": "Feature", "id": "78", "geometry": {"type": "Polygon", "coordinates": [[[-123.28298, 44.691], [-123.28228, 44.69061], [-123.28228, 44.69012], [-123.28246, 44.68996], [-123.28232, 44.68962], [-123.2821, 44.68955], [-123.28135, 44.69016], [-123.28088, 44.69018], [-123.28024, 44.68996], [-123.28176, 44.68904], [-123.2817, 44.68886], [-123.28149, 44.68883], [-123.28118, 44.68907], [-123.28075, 44.68895], [-123.28083, 44.68862], [-123.28045, 44.68805], [-123.28005, 44.68812], [-123.27973, 44.68776], [-123.27954, 44.68782], [-123.27945, 44.68834], [-123.27903, 44.68833], [-123.27843, 44.68862], [-123.27814, 44.6885], [-123.27783, 44.68871], [-123.27675, 44.68897], [-123.27564, 44.68948], [-123.27474, 44.69032], [-123.27423, 44.68951], [-123.27398, 44.68937], [-123.27373, 44.68948], [-123.27332, 44.68925], [-123.27323, 44.68849], [-123.27236, 44.68845], [-123.2719, 44.68827], [-123.27186, 44.68804], [-123.27278, 44.68729], [-123.27363, 44.68726], [-123.27391, 44.68746], [-123.27428, 44.68747], [-123.27623, 44.68677], [-123.27641, 44.68708], [-123.27669, 44.68713], [-123.27785, 44.68705], [-123.27877, 44.68723], [-123.28026, 44.68715], [-123.28193, 44.68733], [-123.28243, 44.68748], [-123.28274, 44.68802], [-123.28221, 44.68847], [-123.28223, 44.68875], [-123.28295, 44.68882], [-123.28316, 44.68897], [-123.28255, 44.68952], [-123.28259, 44.68978], [-123.28318, 44.68994], [-123.28357, 44.69054], [-123.28298, 44.691]]]}, "properties": {"FID": 78, "ACRES": 44.0269710465, "STANDID": "030311", "DF_SITE": 110, "SITE_CLASS": 3, "Age": 42, "Shape__Area": 352586.609375, "Shape__Length": 4750.83008249934, "Age_Class": "36-50"}}, {"type": "Feature", "id": "79", "geometry": {"type": "Polygon", "coordinates": [[[-123.30745, 44.68958], [-123.30642, 44.68942], [-123.3062, 44.68903], [-123.30629, 44.68823], [-123.30664, 44.68847], [-123.30678, 44.68792], [-123.30743, 44.68756], [-123.30775, 44.68769], [-123.30757, 44.68776], [-123.30744, 44.68811], [-123.30682, 44.6884], [-123.30686, 44.68873], [-123.30747, 44.68895], [-123.30831, 44.68835], [-123.30944, 44.68839], [-123.30968, 44.68871], [-123.31058, 44.68926], [-123.31061, 44.68945], [-123.30977, 44.6896], [-123.30956, 44.68923], [-123.30847, 44.68952], [-123.30745, 44.68958]]]}, "properties": {"FID": 79, "ACRES": 8.90805564997, "STANDID": "020406", "DF_SITE": 115, "SITE_CLASS": 2, "Age": 87, "Shape__Area": 71340.765625, "Shape__Length": 1815.398690492624, "Age_Class": null}}, {"type": "Feature", "id": "80", "geometry": {"type": "Polygon", "coordinates": [[[-123.26356, 44.68993], [-123.26224, 44.69066], [-123.26174, 44.69035], [-123.26176, 44.68986], [-123.26159, 44.68978], [-123.26168, 44.68967], [-123.26232, 44.68963], [-123.26273, 44.68923], [-123.2643, 44.6886], [-123.2648, 44.68824], [-123.26536, 44.68868], [-123.2649, 44.689], [-123.26444, 44.68961], [-123.26356, 44.68993]]]}, "properties": {"FID": 80, "ACRES": 7.56275390631, "STANDID": "030409", "DF_SITE": 120, "SITE_CLASS": 2, "Age": 88, "Shape__Area": 60568.140625, "Shape__Length": 1220.8870696000613, "Age_Class": null}}, {"type": "Feature", "id": "81", "geometry": {"type": "Polygon", "coordinates": [[[-123.28073, 44.68975], [-123.27994, 44.69001], [-123.27836, 44.68938], [-123.27775, 44.68898], [-123.27775, 44.68883], [-123.27814, 44.6885], [-123.27843, 44.68862], [-123.27903, 44.68833], [-123.27945, 44.68834], [-123.27954, 44.68782], [-123.27973, 44.68776], [-123.28005, 44.68812], [-123.28045, 44.68805], [-123.28083, 44.68862], [-123.28075, 44.68895], [-123.2809, 44.68905], [-123.2817, 44.68886], [-123.28163, 44.68919], [-123.28112, 44.68935], [-123.28073, 44.68975]]]}, "properties": {"FID": 81, "ACRES": 9.68582127734, "STANDID": "030205", "DF_SITE": 133, "SITE_CLASS": 2, "Age": 55, "Shape__Area": 77569.8671875, "Shape__Length": 1359.2558612248283, "Age_Class": "51-60"}}, {"type": "Feature", "id": "82", "geometry": {"type": "Polygon", "coordinates": [[[-123.26618, 44.68969], [-123.26659, 44.68955], [-123.26686, 44.68914], [-123.2676, 44.6887], [-123.26793, 44.68878], [-123.26807, 44.68912], [-123.27019, 44.68843], [-123.27102, 44.68757], [-123.27194, 44.68712], [-123.27243, 44.68764], [-123.27186, 44.68804], [-123.2719, 44.68827], [-123.27236, 44.68845], [-123.27112, 44.68892], [-123.26977, 44.68915], [-123.26596, 44.69022], [-123.26618, 44.68969]]]}, "properties": {"FID": 82, "ACRES": 11.0570328909, "STANDID": "030612", "DF_SITE": 124, "SITE_CLASS": 2, "Age": 90, "Shape__Area": 88550.5546875, "Shape__Length": 2075.4021654028534, "Age_Class": null}}, {"type": "Feature", "id": "83", "geometry": {"type": "Polygon", "coordinates": [[[-123.24606, 44.69057], [-123.24219, 44.68738], [-123.24404, 44.68688], [-123.25035, 44.68323], [-123.25126, 44.68352], [-123.25046, 44.68393], [-123.24836, 44.68681], [-123.25009, 44.68705], [-123.24606, 44.69057]]]}, "properties": {"FID": 83, "ACRES": 53.0530863184, "STANDID": "030801", "DF_SITE": 86, "SITE_CLASS": 4, "Age": 89, "Shape__Area": 424857.453125, "Shape__Length": 3419.724290189451, "Age_Class": null}}, {"type": "Feature", "id": "84", "geometry": {"type": "Polygon", "coordinates": [[[-123.29737, 44.68851], [-123.29607, 44.68924], [-123.29534, 44.6891], [-123.29521, 44.68873], [-123.29528, 44.68855], [-123.2959, 44.68831], [-123.2966, 44.68754], [-123.29718, 44.68731], [-123.29811, 44.68732], [-123.2984, 44.68756], [-123.29933, 44.6871], [-123.29904, 44.68679], [-123.29897, 44.68636], [-123.29861, 44.6863], [-123.2982, 44.68653], [-123.29724, 44.68568], [-123.29672, 44.68572], [-123.29659, 44.68549], [-123.29666, 44.68449], [-123.29763, 44.68423], [-123.29756, 44.68345], [-123.29776, 44.68307], [-123.29876, 44.68268], [-123.29917, 44.68283], [-123.30096, 44.68288], [-123.30151, 44.68318], [-123.30176, 44.68301], [-123.30211, 44.68318], [-123.30223, 44.68343], [-123.30285, 44.68277], [-123.30316, 44.68279], [-123.30329, 44.68396], [-123.30249, 44.68446], [-123.30257, 44.68473], [-123.30285, 44.68493], [-123.30268, 44.68539], [-123.30276, 44.68599], [-123.30194, 44.68665], [-123.30112, 44.68663], [-123.3008, 44.68695], [-123.30102, 44.68858], [-123.30053, 44.68822], [-123.29929, 44.68806], [-123.29887, 44.68832], [-123.29737, 44.68851]]]}, "properties": {"FID": 84, "ACRES": 59.1855708479, "STANDID": "020604", "DF_SITE": 118, "SITE_CLASS": 2, "Age": 336, "Shape__Area": 473936.0625, "Shape__Length": 4298.368122948715, "Age_Class": null}}, {"type": "Feature", "id": "85", "geometry": {"type": "Polygon", "coordinates": [[[-123.29144, 44.68916], [-123.2917, 44.68874], [-123.29124, 44.68856], [-123.29091, 44.68802], [-123.29093, 44.68768], [-123.29057, 44.68758], [-123.2904, 44.68788], [-123.28952, 44.68797], [-123.2897, 44.68751], [-123.28995, 44.68737], [-123.29045, 44.6876], [-123.29055, 44.68728], [-123.2902, 44.68711], [-123.29076, 44.68621], [-123.2911, 44.68606], [-123.29299, 44.68615], [-123.29441, 44.6859], [-123.29441, 44.68646], [-123.29533, 44.6872], [-123.29578, 44.68839], [-123.29444, 44.68881], [-123.29277, 44.68829], [-123.29214, 44.68916], [-123.29144, 44.68916]]]}, "properties": {"FID": 85, "ACRES": 25.7447834358, "STANDID": "020514", "DF_SITE": 108, "SITE_CLASS": 3, "Age": 147, "Shape__Area": 206168.625, "Shape__Length": 2409.4847774941563, "Age_Class": null}}, {"type": "Feature", "id": "86", "geometry": {"type": "Polygon", "coordinates": [[[-123.29101, 44.68908], [-123.28943, 44.68878], [-123.28947, 44.68859], [-123.28911, 44.68842], [-123.28879, 44.68767], [-123.28842, 44.68744], [-123.28841, 44.68727], [-123.28807, 44.68712], [-123.28744, 44.68714], [-123.28614, 44.68639], [-123.2863, 44.68619], [-123.28633, 44.6857], [-123.28678, 44.68558], [-123.28672, 44.6852], [-123.28769, 44.68495], [-123.28776, 44.68508], [-123.28757, 44.68526], [-123.28792, 44.68575], [-123.28764, 44.6859], [-123.28834, 44.68674], [-123.28942, 44.68731], [-123.29008, 44.68706], [-123.29055, 44.68728], [-123.2904, 44.68763], [-123.29005, 44.68735], [-123.2897, 44.68751], [-123.2895, 44.68806], [-123.28985, 44.68814], [-123.28986, 44.68853], [-123.29052, 44.68861], [-123.29101, 44.68908]]]}, "properties": {"FID": 86, "ACRES": 10.8403065309, "STANDID": "020518", "DF_SITE": 99, "SITE_CLASS": 3, "Age": 76, "Shape__Area": 86809.375, "Shape__Length": 2370.1443267102845, "Age_Class": null}}, {"type": "Feature", "id": "87", "geometry": {"type": "Polygon", "coordinates": [[[-123.29582, 44.68837], [-123.29533, 44.6872], [-123.29454, 44.68664], [-123.29439, 44.68607], [-123.29492, 44.68637], [-123.29578, 44.68639], [-123.29632, 44.6861], [-123.29621, 44.68556], [-123.29635, 44.68533], [-123.29666, 44.68528], [-123.29659, 44.68549], [-123.29672, 44.68572], [-123.29724, 44.68568], [-123.29781, 44.68609], [-123.29804, 44.68647], [-123.2982, 44.68653], [-123.29861, 44.6863], [-123.29903, 44.68641], [-123.29904, 44.68679], [-123.29933, 44.6871], [-123.2984, 44.68756], [-123.29811, 44.68732], [-123.29718, 44.68731], [-123.29636, 44.68766], [-123.29582, 44.68837]]]}, "properties": {"FID": 87, "ACRES": 13.2267805105, "STANDID": "020601", "DF_SITE": 118, "SITE_CLASS": 2, "Age": 44, "Shape__Area": 105919.90625, "Shape__Length": 1896.5392592055127, "Age_Class": "36-50"}}, {"type": "Feature", "id": "88", "geometry": {"type": "Polygon", "coordinates": [[[-123.30186, 44.68773], [-123.30258, 44.68662], [-123.30402, 44.68606], [-123.3057, 44.68566], [-123.30634, 44.68462], [-123.3073, 44.68423], [-123.30809, 44.68425], [-123.30864, 44.68505], [-123.30917, 44.68517], [-123.30873, 44.68552], [-123.30848, 44.68608], [-123.30629, 44.68721], [-123.30664, 44.68741], [-123.30657, 44.68761], [-123.30601, 44.6871], [-123.30266, 44.68821], [-123.30186, 44.68773]]]}, "properties": {"FID": 88, "ACRES": 26.4952589386, "STANDID": "020412", "DF_SITE": 112, "SITE_CLASS": 3, "Age": 62, "Shape__Area": 212169.921875, "Shape__Length": 2378.6569979825204, "Age_Class": null}}, {"type": "Feature", "id": "89", "geometry": {"type": "Polygon", "coordinates": [[[-123.26268, 44.6889], [-123.26107, 44.68827], [-123.26228, 44.68655], [-123.26363, 44.68661], [-123.26453, 44.68636], [-123.26496, 44.68671], [-123.26513, 44.68694], [-123.26455, 44.68765], [-123.26452, 44.68803], [-123.26268, 44.6889]]]}, "properties": {"FID": 89, "ACRES": 13.6087655082, "STANDID": "030837", "DF_SITE": 94, "SITE_CLASS": 4, "Age": 59, "Shape__Area": 108981.78125, "Shape__Length": 1329.8850810924164, "Age_Class": "51-60"}}, {"type": "Feature", "id": "90", "geometry": {"type": "Polygon", "coordinates": [[[-123.30112, 44.68663], [-123.30194, 44.68665], [-123.30279, 44.6859], [-123.30268, 44.68539], [-123.30285, 44.68493], [-123.30257, 44.68473], [-123.30249, 44.68446], [-123.30331, 44.6839], [-123.30316, 44.68279], [-123.30285, 44.68277], [-123.30295, 44.68235], [-123.30275, 44.68193], [-123.3033, 44.68154], [-123.30317, 44.68093], [-123.30365, 44.68038], [-123.30432, 44.67996], [-123.30483, 44.67985], [-123.30623, 44.68003], [-123.30732, 44.68074], [-123.30748, 44.68164], [-123.30678, 44.68264], [-123.30662, 44.68324], [-123.30584, 44.68314], [-123.30548, 44.68351], [-123.30542, 44.68381], [-123.30568, 44.68439], [-123.3047, 44.6847], [-123.30405, 44.68544], [-123.30404, 44.68564], [-123.30439, 44.68601], [-123.30258, 44.68662], [-123.30186, 44.68773], [-123.30155, 44.68746], [-123.30112, 44.68663]]]}, "properties": {"FID": 90, "ACRES": 42.1294478519, "STANDID": "020602", "DF_SITE": 126, "SITE_CLASS": 2, "Age": 76, "Shape__Area": 337325.78125, "Shape__Length": 3454.7321493008612, "Age_Class": null}}, {"type": "Feature", "id": "91", "geometry": {"type": "Polygon", "coordinates": [[[-123.28841, 44.68727], [-123.28832, 44.68757], [-123.28793, 44.6874], [-123.2875, 44.68746], [-123.28648, 44.68693], [-123.28569, 44.68697], [-123.28568, 44.68669], [-123.28515, 44.68652], [-123.28494, 44.68623], [-123.28465, 44.68629], [-123.28396, 44.68599], [-123.28349, 44.68598], [-123.28331, 44.68581], [-123.28343, 44.68575], [-123.28331, 44.68536], [-123.28357, 44.68508], [-123.28475, 44.68485], [-123.28758, 44.68478], [-123.28774, 44.68492], [-123.28672, 44.6852], [-123.28678, 44.68558], [-123.28633, 44.6857], [-123.2863, 44.68619], [-123.28608, 44.68632], [-123.28663, 44.68658], [-123.28679, 44.68683], [-123.28744, 44.68714], [-123.28807, 44.68712], [-123.28841, 44.68727]]]}, "properties": {"FID": 91, "ACRES": 11.9224915438, "STANDID": "030502", "DF_SITE": 81, "SITE_CLASS": 4, "Age": 33, "Shape__Area": 95471.9140625, "Shape__Length": 2125.7748510023516, "Age_Class": "21-35"}}, {"type": "Feature", "id": "92", "geometry": {"type": "Polygon", "coordinates": [[[-123.26667, 44.68666], [-123.26452, 44.68803], [-123.26455, 44.68765], [-123.26493, 44.68717], [-123.26513, 44.68694], [-123.26535, 44.68701], [-123.26606, 44.68666], [-123.26617, 44.68595], [-123.26651, 44.68584], [-123.26677, 44.68558], [-123.2668, 44.68532], [-123.26748, 44.68466], [-123.26727, 44.68443], [-123.26753, 44.68407], [-123.2675, 44.68374], [-123.26731, 44.68356], [-123.26729, 44.68301], [-123.26778, 44.68294], [-123.26813, 44.68217], [-123.26852, 44.68209], [-123.2684, 44.68293], [-123.26877, 44.68344], [-123.27035, 44.68357], [-123.27018, 44.68372], [-123.2703, 44.68422], [-123.26964, 44.68448], [-123.2691, 44.68501], [-123.26831, 44.68538], [-123.26812, 44.68567], [-123.26753, 44.68586], [-123.26667, 44.68666]]]}, "properties": {"FID": 92, "ACRES": 16.8939962925, "STANDID": "030839", "DF_SITE": 114, "SITE_CLASS": 3, "Age": 62, "Shape__Area": 135277.4453125, "Shape__Length": 2648.7995880713847, "Age_Class": null}}, {"type": "Feature", "id": "93", "geometry": {"type": "Polygon", "coordinates": [[[-123.29029, 44.68708], [-123.28942, 44.68731], [-123.28808, 44.68652], [-123.28764, 44.6859], [-123.28792, 44.68575], [-123.28757, 44.68526], [-123.28774, 44.68492], [-123.28682, 44.68431], [-123.28673, 44.68347], [-123.28726, 44.68358], [-123.28851, 44.6835], [-123.29014, 44.68404], [-123.29075, 44.68461], [-123.29227, 44.68555], [-123.29314, 44.68577], [-123.29357, 44.6861], [-123.29091, 44.68609], [-123.29029, 44.68708]]]}, "properties": {"FID": 93, "ACRES": 26.857161515, "STANDID": "030507", "DF_SITE": 91, "SITE_CLASS": 4, "Age": 33, "Shape__Area": 215060.6171875, "Shape__Length": 2294.745432374394, "Age_Class": "21-35"}}, {"type": "Feature", "id": "94", "geometry": {"type": "Polygon", "coordinates": [[[-123.27229, 44.68758], [-123.27177, 44.68678], [-123.27159, 44.68673], [-123.2719, 44.68645], [-123.27172, 44.68627], [-123.27177, 44.68391], [-123.27319, 44.68356], [-123.27384, 44.68316], [-123.27478, 44.6838], [-123.27452, 44.68733], [-123.27406, 44.6875], [-123.27363, 44.68726], [-123.27295, 44.68725], [-123.27229, 44.68758]]]}, "properties": {"FID": 94, "ACRES": 23.7378221587, "STANDID": "030610", "DF_SITE": 113, "SITE_CLASS": 3, "Age": 96, "Shape__Area": 190083.1796875, "Shape__Length": 1898.470715655146, "Age_Class": null}}, {"type": "Feature", "id": "95", "geometry": {"type": "Polygon", "coordinates": [[[-123.27916, 44.68717], [-123.27785, 44.68705], [-123.27669, 44.68713], [-123.27641, 44.68708], [-123.27623, 44.68677], [-123.27438, 44.68745], [-123.27463, 44.68695], [-123.27478, 44.6838], [-123.27703, 44.684], [-123.27904, 44.68392], [-123.27834, 44.68479], [-123.27814, 44.68569], [-123.27843, 44.68624], [-123.27948, 44.68687], [-123.27927, 44.68692], [-123.27916, 44.68717]]]}, "properties": {"FID": 95, "ACRES": 27.3886736882, "STANDID": "030609", "DF_SITE": 116, "SITE_CLASS": 2, "Age": 131, "Shape__Area": 219318.6328125, "Shape__Length": 2278.8451643819744, "Age_Class": null}}, {"type": "Feature", "id": "96", "geometry": {"type": "Polygon", "coordinates": [[[-123.27916, 44.68717], [-123.27927, 44.68692], [-123.27948, 44.68687], [-123.27843, 44.68624], [-123.27816, 44.68551], [-123.28018, 44.68653], [-123.28085, 44.68624], [-123.28181, 44.68529], [-123.28255, 44.68691], [-123.28078, 44.68659], [-123.28069, 44.6872], [-123.27916, 44.68717]]]}, "properties": {"FID": 96, "ACRES": 7.38372507061, "STANDID": "030207", "DF_SITE": 93, "SITE_CLASS": 4, "Age": 95, "Shape__Area": 59127.9296875, "Shape__Length": 1638.4387339869565, "Age_Class": null}}, {"type": "Feature", "id": "97", "geometry": {"type": "Polygon", "coordinates": [[[-123.30929, 44.68517], [-123.30864, 44.68505], [-123.30809, 44.68425], [-123.30772, 44.68417], [-123.30634, 44.68462], [-123.30594, 44.68537], [-123.30538, 44.68581], [-123.30436, 44.68597], [-123.30404, 44.68564], [-123.30429, 44.68505], [-123.3047, 44.6847], [-123.30568, 44.68439], [-123.30542, 44.68381], [-123.30548, 44.68351], [-123.30584, 44.68314], [-123.30659, 44.68327], [-123.30678, 44.68264], [-123.30748, 44.68164], [-123.30732, 44.68074], [-123.30623, 44.68003], [-123.30498, 44.67987], [-123.30494, 44.67975], [-123.31631, 44.6798], [-123.31634, 44.6857], [-123.31569, 44.68569], [-123.31528, 44.68594], [-123.31484, 44.68592], [-123.31372, 44.68435], [-123.31314, 44.6841], [-123.311, 44.68372], [-123.31044, 44.68406], [-123.30982, 44.68492], [-123.30929, 44.68517]]]}, "properties": {"FID": 97, "ACRES": 108.395298511, "STANDID": "020606", "DF_SITE": 133, "SITE_CLASS": 2, "Age": 65, "Shape__Area": 867899.8359375, "Shape__Length": 5460.931514049004, "Age_Class": null}}, {"type": "Feature", "id": "98", "geometry": {"type": "Polygon", "coordinates": [[[-123.29441, 44.6859], [-123.29401, 44.68596], [-123.2938, 44.6857], [-123.29447, 44.68519], [-123.29441, 44.6845], [-123.29453, 44.6843], [-123.29413, 44.68363], [-123.29449, 44.68375], [-123.2944, 44.68336], [-123.29453, 44.68305], [-123.29483, 44.68301], [-123.29617, 44.68206], [-123.29775, 44.68157], [-123.29836, 44.6817], [-123.29824, 44.68219], [-123.29793, 44.68239], [-123.29617, 44.68276], [-123.29596, 44.6831], [-123.29675, 44.68346], [-123.29661, 44.68374], [-123.296, 44.68413], [-123.29589, 44.68445], [-123.29635, 44.68533], [-123.29621, 44.68556], [-123.29632, 44.6861], [-123.29578, 44.68639], [-123.29524, 44.68644], [-123.29462, 44.68625], [-123.29439, 44.68607], [-123.29441, 44.6859]]]}, "properties": {"FID": 98, "ACRES": 18.6706201076, "STANDID": "020605", "DF_SITE": 124, "SITE_CLASS": 2, "Age": 170, "Shape__Area": 149500.125, "Shape__Length": 2367.1540658902827, "Age_Class": null}}, {"type": "Feature", "id": "99", "geometry": {"type": "Polygon", "coordinates": [[[-123.26518, 44.68697], [-123.26453, 44.68636], [-123.2668, 44.68532], [-123.26677, 44.68558], [-123.26651, 44.68584], [-123.26617, 44.68595], [-123.26606, 44.68666], [-123.26518, 44.68697]]]}, "properties": {"FID": 99, "ACRES": 3.02789758695, "STANDID": "030838", "DF_SITE": 122, "SITE_CLASS": 4, "Age": 27, "Shape__Area": 24246.953125, "Shape__Length": 797.6829456640204, "Age_Class": "21-35"}}, {"type": "Feature", "id": "100", "geometry": {"type": "Polygon", "coordinates": [[[-123.28018, 44.68653], [-123.27816, 44.68551], [-123.27834, 44.68479], [-123.27904, 44.68392], [-123.28032, 44.68403], [-123.28292, 44.6837], [-123.28281, 44.68455], [-123.28255, 44.68496], [-123.28181, 44.68529], [-123.28085, 44.68624], [-123.28018, 44.68653]]]}, "properties": {"FID": 100, "ACRES": 17.8642681881, "STANDID": "030608", "DF_SITE": 96, "SITE_CLASS": 3, "Age": 156, "Shape__Area": 143047.640625, "Shape__Length": 1583.3553873563053, "Age_Class": null}}, {"type": "Feature", "id": "101", "geometry": {"type": "Polygon", "coordinates": [[[-123.29413, 44.68599], [-123.29357, 44.6861], [-123.29314, 44.68577], [-123.29227, 44.68555], [-123.29075, 44.68461], [-123.29014, 44.68404], [-123.28942, 44.68383], [-123.29124, 44.68323], [-123.29198, 44.68259], [-123.2925, 44.68302], [-123.29413, 44.68363], [-123.29429, 44.68382], [-123.29453, 44.6843], [-123.29441, 44.6845], [-123.29447, 44.68519], [-123.2938, 44.6857], [-123.29413, 44.68599]]]}, "properties": {"FID": 101, "ACRES": 19.3442745037, "STANDID": "030505", "DF_SITE": 104, "SITE_CLASS": 3, "Age": 72, "Shape__Area": 154895.359375, "Shape__Length": 1752.1110570744056, "Age_Class": null}}, {"type": "Feature", "id": "102", "geometry": {"type": "Polygon", "coordinates": [[[-123.28343, 44.68575], [-123.28261, 44.68582], [-123.28224, 44.68624], [-123.28182, 44.68535], [-123.28255, 44.68496], [-123.28277, 44.68461], [-123.2835, 44.68451], [-123.28353, 44.68437], [-123.28412, 44.68461], [-123.28458, 44.68437], [-123.28534, 44.68446], [-123.28632, 44.68426], [-123.28671, 44.68401], [-123.28697, 44.68449], [-123.28737, 44.68457], [-123.28748, 44.68478], [-123.28475, 44.68485], [-123.28446, 44.68501], [-123.28369, 44.68505], [-123.28336, 44.68526], [-123.28343, 44.68575]]]}, "properties": {"FID": 102, "ACRES": 7.9463178938, "STANDID": "030504", "DF_SITE": 102, "SITE_CLASS": 3, "Age": 109, "Shape__Area": 63629.9296875, "Shape__Length": 1752.4026878244151, "Age_Class": null}}, {"type": "Feature", "id": "103", "geometry": {"type": "Polygon", "coordinates": [[[-123.29666, 44.68528], [-123.29635, 44.68533], [-123.29589, 44.68445], [-123.296, 44.68413], [-123.29661, 44.68374], [-123.29675, 44.68346], [-123.29596, 44.6831], [-123.29617, 44.68276], [-123.29793, 44.68239], [-123.29824, 44.68219], [-123.29836, 44.6817], [-123.29775, 44.68157], [-123.29617, 44.68206], [-123.29483, 44.68301], [-123.29453, 44.68305], [-123.29461, 44.68233], [-123.29525, 44.68204], [-123.29561, 44.68084], [-123.2959, 44.68084], [-123.29597, 44.68023], [-123.29575, 44.67963], [-123.30494, 44.67975], [-123.30498, 44.67987], [-123.30432, 44.67996], [-123.30389, 44.68021], [-123.30322, 44.68084], [-123.30314, 44.68109], [-123.3033, 44.68154], [-123.30275, 44.68193], [-123.30295, 44.68257], [-123.30232, 44.6834], [-123.30217, 44.68341], [-123.30189, 44.68304], [-123.3016, 44.68303], [-123.30151, 44.68318], [-123.30096, 44.68288], [-123.29917, 44.68283], [-123.29876, 44.68268], [-123.29827, 44.68279], [-123.29759, 44.68324], [-123.29763, 44.68423], [-123.29666, 44.68449], [-123.29654, 44.68485], [-123.29666, 44.68528]]]}, "properties": {"FID": 103, "ACRES": 55.9590672786, "STANDID": "020613", "DF_SITE": 121, "SITE_CLASS": 2, "Age": 56, "Shape__Area": 448037.625, "Shape__Length": 4829.469217404423, "Age_Class": "51-60"}}, {"type": "Feature", "id": "104", "geometry": {"type": "Polygon", "coordinates": [[[-123.2835, 44.68451], [-123.28277, 44.68461], [-123.28292, 44.6837], [-123.28673, 44.68368], [-123.28671, 44.68401], [-123.28632, 44.68426], [-123.28534, 44.68446], [-123.28458, 44.68437], [-123.28412, 44.68461], [-123.28353, 44.68437], [-123.2835, 44.68451]]]}, "properties": {"FID": 104, "ACRES": 6.08419580431, "STANDID": "030509", "DF_SITE": 104, "SITE_CLASS": 3, "Age": 149, "Shape__Area": 48717.5703125, "Shape__Length": 1139.6565648727828, "Age_Class": null}}, {"type": "Feature", "id": "105", "geometry": {"type": "Polygon", "coordinates": [[[-123.2703, 44.68422], [-123.27292, 44.6832], [-123.2739, 44.68294], [-123.27382, 44.68318], [-123.27319, 44.68356], [-123.27159, 44.68391], [-123.27097, 44.68441], [-123.2703, 44.68422]]]}, "properties": {"FID": 105, "ACRES": 2.31282392933, "STANDID": "030613", "DF_SITE": 117, "SITE_CLASS": 2, "Age": 37, "Shape__Area": 18519.0859375, "Shape__Length": 967.4864586953855, "Age_Class": "36-50"}}, {"type": "Feature", "id": "106", "geometry": {"type": "Polygon", "coordinates": [[[-123.29449, 44.68375], [-123.2925, 44.68302], [-123.29198, 44.68259], [-123.29197, 44.68231], [-123.29266, 44.68199], [-123.29366, 44.68224], [-123.29463, 44.68217], [-123.29475, 44.68224], [-123.29449, 44.68267], [-123.29449, 44.68375]]]}, "properties": {"FID": 106, "ACRES": 6.19206129266, "STANDID": "020614", "DF_SITE": 104, "SITE_CLASS": 3, "Age": 28, "Shape__Area": 49579, "Shape__Length": 987.7784213308439, "Age_Class": "21-35"}}, {"type": "Feature", "id": "107", "geometry": {"type": "Polygon", "coordinates": [[[-123.28032, 44.68403], [-123.27703, 44.684], [-123.27478, 44.6838], [-123.27384, 44.68316], [-123.27414, 44.6825], [-123.2749, 44.68294], [-123.27695, 44.68281], [-123.27751, 44.68259], [-123.27879, 44.6828], [-123.27953, 44.68226], [-123.28283, 44.68192], [-123.28292, 44.6837], [-123.28032, 44.68403]]]}, "properties": {"FID": 107, "ACRES": 26.4177886512, "STANDID": "030701", "DF_SITE": 108, "SITE_CLASS": 3, "Age": 336, "Shape__Area": 211526.578125, "Shape__Length": 2519.8432622919145, "Age_Class": null}}, {"type": "Feature", "id": "108", "geometry": {"type": "Polygon", "coordinates": [[[-123.27177, 44.68365], [-123.2703, 44.68422], [-123.27035, 44.68406], [-123.27018, 44.68388], [-123.27018, 44.68372], [-123.27038, 44.68366], [-123.27027, 44.68352], [-123.26877, 44.68344], [-123.2684, 44.68293], [-123.26852, 44.68209], [-123.26611, 44.68172], [-123.26594, 44.68153], [-123.26595, 44.68018], [-123.26609, 44.68001], [-123.26619, 44.67992], [-123.26692, 44.6804], [-123.26842, 44.68175], [-123.26874, 44.68179], [-123.2692, 44.68157], [-123.26887, 44.68089], [-123.26924, 44.68075], [-123.26997, 44.68097], [-123.27008, 44.68176], [-123.27125, 44.68201], [-123.27166, 44.68171], [-123.27253, 44.6816], [-123.27195, 44.68071], [-123.27282, 44.68064], [-123.2733, 44.68122], [-123.27329, 44.68166], [-123.27408, 44.68171], [-123.2745, 44.68151], [-123.27499, 44.68173], [-123.27439, 44.68217], [-123.274, 44.68288], [-123.27291, 44.68238], [-123.27235, 44.68318], [-123.27229, 44.68258], [-123.27212, 44.6824], [-123.27099, 44.68226], [-123.27024, 44.68245], [-123.27017, 44.68253], [-123.27081, 44.68268], [-123.27059, 44.68286], [-123.27077, 44.68302], [-123.27047, 44.68312], [-123.27073, 44.68362], [-123.2709, 44.68373], [-123.27177, 44.68365]]]}, "properties": {"FID": 108, "ACRES": 25.9081875822, "STANDID": "030803", "DF_SITE": 87, "SITE_CLASS": 4, "Age": 78, "Shape__Area": 207437.8828125, "Shape__Length": 4428.601483088263, "Age_Class": null}}, {"type": "Feature", "id": "109", "geometry": {"type": "Polygon", "coordinates": [[[-123.26438, 44.68418], [-123.26338, 44.68419], [-123.26293, 44.6837], [-123.26297, 44.68352], [-123.26358, 44.68382], [-123.26382, 44.68377], [-123.26374, 44.68358], [-123.26305, 44.68321], [-123.2633, 44.68283], [-123.26438, 44.68274], [-123.265, 44.68325], [-123.26642, 44.68342], [-123.26622, 44.68365], [-123.26589, 44.68369], [-123.26399, 44.68361], [-123.26437, 44.68378], [-123.26451, 44.68404], [-123.26438, 44.68418]]]}, "properties": {"FID": 109, "ACRES": 5.13126827971, "STANDID": "030802", "DF_SITE": 86, "SITE_CLASS": 4, "Age": 146, "Shape__Area": 41086.3359375, "Shape__Length": 1422.1595977545169, "Age_Class": null}}, {"type": "Feature", "id": "110", "geometry": {"type": "Polygon", "coordinates": [[[-123.27387, 44.68296], [-123.2709, 44.68373], [-123.27059, 44.68347], [-123.27047, 44.68312], [-123.27077, 44.68302], [-123.27059, 44.68286], [-123.27078, 44.68261], [-123.27017, 44.68253], [-123.27099, 44.68226], [-123.27212, 44.6824], [-123.27229, 44.68258], [-123.27235, 44.68318], [-123.27291, 44.68238], [-123.27324, 44.68243], [-123.27354, 44.68272], [-123.27396, 44.68276], [-123.27387, 44.68296]]]}, "properties": {"FID": 110, "ACRES": 6.64122941933, "STANDID": "030840", "DF_SITE": 117, "SITE_CLASS": 2, "Age": 36, "Shape__Area": 53175.7890625, "Shape__Length": 1361.6073873047578, "Age_Class": "36-50"}}, {"type": "Feature", "id": "111", "geometry": {"type": "Polygon", "coordinates": [[[-123.28682, 44.68279], [-123.28583, 44.68251], [-123.28403, 44.68253], [-123.28377, 44.68216], [-123.28283, 44.68192], [-123.28405, 44.6816], [-123.28579, 44.68171], [-123.28682, 44.68279]]]}, "properties": {"FID": 111, "ACRES": 5.51812352031, "STANDID": "030703", "DF_SITE": 105, "SITE_CLASS": 3, "Age": 159, "Shape__Area": 44181.875, "Shape__Length": 1062.8500183255799, "Age_Class": null}}, {"type": "Feature", "id": "112", "geometry": {"type": "Polygon", "coordinates": [[[-123.28027, 44.68215], [-123.27943, 44.6823], [-123.27879, 44.6828], [-123.27751, 44.68259], [-123.27695, 44.68281], [-123.2749, 44.68294], [-123.27414, 44.6825], [-123.27448, 44.6821], [-123.27503, 44.68209], [-123.27523, 44.68193], [-123.27586, 44.68221], [-123.27586, 44.68204], [-123.27628, 44.68181], [-123.27614, 44.68163], [-123.27691, 44.68144], [-123.2777, 44.68145], [-123.27816, 44.68172], [-123.27865, 44.68178], [-123.27942, 44.68166], [-123.28021, 44.68198], [-123.28027, 44.68215]]]}, "properties": {"FID": 112, "ACRES": 11.897611241, "STANDID": "030702", "DF_SITE": 113, "SITE_CLASS": 3, "Age": 152, "Shape__Area": 95260.9296875, "Shape__Length": 1711.6000296079676, "Age_Class": null}}, {"type": "Feature", "id": "113", "geometry": {"type": "Polygon", "coordinates": [[[-123.29197, 44.68231], [-123.29176, 44.68213], [-123.29049, 44.68182], [-123.29053, 44.68093], [-123.29112, 44.6807], [-123.29235, 44.68056], [-123.29479, 44.68125], [-123.29488, 44.68078], [-123.29372, 44.68042], [-123.29327, 44.68013], [-123.29294, 44.68031], [-123.2921, 44.6804], [-123.29109, 44.68023], [-123.29312, 44.67956], [-123.29514, 44.67954], [-123.29515, 44.68015], [-123.29562, 44.68087], [-123.29525, 44.68204], [-123.29475, 44.68224], [-123.29366, 44.68224], [-123.29266, 44.68199], [-123.29197, 44.68231]]]}, "properties": {"FID": 113, "ACRES": 20.4826340435, "STANDID": "020612", "DF_SITE": 104, "SITE_CLASS": 3, "Age": 31, "Shape__Area": 163991.953125, "Shape__Length": 2706.1893805833033, "Age_Class": "21-35"}}, {"type": "Feature", "id": "114", "geometry": {"type": "Polygon", "coordinates": [[[-123.27448, 44.6821], [-123.27545, 44.68151], [-123.27615, 44.68149], [-123.27801, 44.6805], [-123.27845, 44.6805], [-123.27848, 44.68102], [-123.27816, 44.68172], [-123.2777, 44.68145], [-123.27691, 44.68144], [-123.27614, 44.68163], [-123.27628, 44.68181], [-123.27586, 44.68204], [-123.27586, 44.68221], [-123.27523, 44.68193], [-123.27503, 44.68209], [-123.27448, 44.6821]]]}, "properties": {"FID": 114, "ACRES": 4.64840283764, "STANDID": "030705", "DF_SITE": 124, "SITE_CLASS": 2, "Age": 45, "Shape__Area": 37217.375, "Shape__Length": 1301.980197324937, "Age_Class": "36-50"}}, {"type": "Feature", "id": "115", "geometry": {"type": "Polygon", "coordinates": [[[-123.2819, 44.68202], [-123.28182, 44.6795], [-123.28333, 44.67934], [-123.285, 44.67956], [-123.28591, 44.67927], [-123.28604, 44.68102], [-123.28593, 44.68178], [-123.28405, 44.6816], [-123.28307, 44.68189], [-123.2819, 44.68202]]]}, "properties": {"FID": 115, "ACRES": 20.9295300509, "STANDID": "030714", "DF_SITE": 98, "SITE_CLASS": 3, "Age": 107, "Shape__Area": 167567.3828125, "Shape__Length": 1730.2794604809294, "Age_Class": null}}, {"type": "Feature", "id": "116", "geometry": {"type": "Polygon", "coordinates": [[[-123.27816, 44.68172], [-123.27848, 44.68102], [-123.27836, 44.68042], [-123.27997, 44.67996], [-123.28003, 44.68048], [-123.28023, 44.68073], [-123.28008, 44.68122], [-123.27978, 44.68115], [-123.27969, 44.6813], [-123.28006, 44.68159], [-123.28021, 44.68198], [-123.27942, 44.68166], [-123.27816, 44.68172]]]}, "properties": {"FID": 116, "ACRES": 5.63730951219, "STANDID": "030720", "DF_SITE": 121, "SITE_CLASS": 2, "Age": 56, "Shape__Area": 45134.421875, "Shape__Length": 1085.487260685552, "Age_Class": "51-60"}}, {"type": "Feature", "id": "117", "geometry": {"type": "Polygon", "coordinates": [[[-123.27874, 44.68033], [-123.27836, 44.68042], [-123.27725, 44.67999], [-123.27709, 44.67976], [-123.27775, 44.67946], [-123.27854, 44.67959], [-123.27913, 44.67925], [-123.27948, 44.6794], [-123.28207, 44.67881], [-123.28173, 44.67849], [-123.28139, 44.67866], [-123.2807, 44.67861], [-123.28049, 44.67871], [-123.28073, 44.67894], [-123.28059, 44.67907], [-123.27968, 44.67853], [-123.27998, 44.67894], [-123.2799, 44.67915], [-123.27881, 44.67859], [-123.27895, 44.6791], [-123.27866, 44.67922], [-123.27807, 44.67901], [-123.27812, 44.67872], [-123.27716, 44.67875], [-123.27714, 44.67838], [-123.27862, 44.67833], [-123.28024, 44.67802], [-123.2806, 44.67821], [-123.28139, 44.67807], [-123.28175, 44.6782], [-123.2827, 44.67811], [-123.28302, 44.67797], [-123.2832, 44.67699], [-123.28351, 44.6764], [-123.28411, 44.67667], [-123.28462, 44.67652], [-123.28486, 44.6768], [-123.28487, 44.67726], [-123.28456, 44.67755], [-123.28421, 44.67758], [-123.28426, 44.67791], [-123.28397, 44.67802], [-123.28411, 44.67889], [-123.28352, 44.67935], [-123.28182, 44.6795], [-123.28177, 44.67931], [-123.28072, 44.6793], [-123.27911, 44.67959], [-123.27817, 44.68], [-123.27874, 44.68033]]]}, "properties": {"FID": 117, "ACRES": 20.2735497279, "STANDID": "030842", "DF_SITE": 105, "SITE_CLASS": 3, "Age": 66, "Shape__Area": 162303.6171875, "Shape__Length": 4445.416837580894, "Age_Class": null}}, {"type": "Feature", "id": "118", "geometry": {"type": "Polygon", "coordinates": [[[-123.27013, 44.67952], [-123.26905, 44.6786], [-123.26638, 44.67806], [-123.26592, 44.67769], [-123.26599, 44.6767], [-123.26668, 44.67603], [-123.26708, 44.6759], [-123.26759, 44.67601], [-123.2673, 44.67568], [-123.26773, 44.67529], [-123.26908, 44.67532], [-123.26937, 44.67499], [-123.26968, 44.67513], [-123.26982, 44.67492], [-123.27052, 44.67486], [-123.27212, 44.67506], [-123.2718, 44.67466], [-123.27136, 44.67487], [-123.27095, 44.67469], [-123.27148, 44.67428], [-123.27147, 44.67411], [-123.271, 44.67399], [-123.27118, 44.6738], [-123.27296, 44.67356], [-123.27402, 44.67372], [-123.27437, 44.674], [-123.27512, 44.67339], [-123.27662, 44.67325], [-123.27612, 44.6735], [-123.27615, 44.67373], [-123.2755, 44.6738], [-123.27505, 44.67426], [-123.27457, 44.67437], [-123.27483, 44.67477], [-123.27431, 44.67513], [-123.27436, 44.67529], [-123.27537, 44.6751], [-123.27561, 44.67518], [-123.27572, 44.67543], [-123.27516, 44.67544], [-123.27508, 44.67556], [-123.27523, 44.67577], [-123.27453, 44.67609], [-123.27456, 44.67647], [-123.2743, 44.67643], [-123.27433, 44.6761], [-123.27359, 44.67529], [-123.27332, 44.67525], [-123.27322, 44.67539], [-123.27342, 44.67585], [-123.27315, 44.67601], [-123.27311, 44.67624], [-123.27376, 44.67603], [-123.27394, 44.67617], [-123.27392, 44.67653], [-123.27345, 44.67709], [-123.27344, 44.67784], [-123.27325, 44.67776], [-123.27317, 44.6771], [-123.27284, 44.67664], [-123.27287, 44.67628], [-123.2726, 44.67621], [-123.27269, 44.67683], [-123.27256, 44.67713], [-123.27276, 44.67761], [-123.27243, 44.67783], [-123.27255, 44.67807], [-123.27249, 44.67848], [-123.27181, 44.6787], [-123.272, 44.67894], [-123.27211, 44.68014], [-123.27232, 44.68044], [-123.2719, 44.68058], [-123.27149, 44.6805], [-123.27066, 44.68002], [-123.27058, 44.67964], [-123.27013, 44.67952]]]}, "properties": {"FID": 118, "ACRES": 71.2762319376, "STANDID": "030804", "DF_SITE": 116, "SITE_CLASS": 2, "Age": 83, "Shape__Area": 570578.0859375, "Shape__Length": 6119.610931705115, "Age_Class": null}}, {"type": "Feature", "id": "119", "geometry": {"type": "Polygon", "coordinates": [[[-123.29605, 44.67972], [-123.29575, 44.67963], [-123.2957, 44.67828], [-123.2953, 44.67807], [-123.29445, 44.67797], [-123.29548, 44.67683], [-123.29535, 44.67667], [-123.2956, 44.67677], [-123.29584, 44.67736], [-123.29614, 44.67737], [-123.29605, 44.67972]]]}, "properties": {"FID": 119, "ACRES": 4.12148596308, "STANDID": "030717", "DF_SITE": 0, "SITE_CLASS": 4, "Age": 9, "Shape__Area": 32994.765625, "Shape__Length": 1182.7925133461617, "Age_Class": "9-20"}}, {"type": "Feature", "id": "120", "geometry": {"type": "Polygon", "coordinates": [[[-123.29054, 44.6782], [-123.28919, 44.67774], [-123.2887, 44.67743], [-123.28783, 44.67554], [-123.28719, 44.67492], [-123.2882, 44.6744], [-123.2899, 44.67391], [-123.29099, 44.67481], [-123.29198, 44.67632], [-123.2921, 44.6771], [-123.29175, 44.67755], [-123.29054, 44.6782]]]}, "properties": {"FID": 120, "ACRES": 27.8191713757, "STANDID": "030823", "DF_SITE": 130, "SITE_CLASS": 2, "Age": 97, "Shape__Area": 222692.7109375, "Shape__Length": 1863.63683404705, "Age_Class": null}}, {"type": "Feature", "id": "121", "geometry": {"type": "Polygon", "coordinates": [[[-123.29407, 44.67508], [-123.29548, 44.67683], [-123.2951, 44.67726], [-123.29395, 44.67617], [-123.29352, 44.6763], [-123.29311, 44.67668], [-123.29286, 44.67664], [-123.29274, 44.67653], [-123.29321, 44.6761], [-123.29312, 44.6757], [-123.29324, 44.67548], [-123.29379, 44.67548], [-123.29398, 44.67521], [-123.29361, 44.67464], [-123.293, 44.67522], [-123.29281, 44.67519], [-123.2925, 44.67432], [-123.29441, 44.67421], [-123.29407, 44.67508]]]}, "properties": {"FID": 121, "ACRES": 7.49044273409, "STANDID": "030834", "DF_SITE": 117, "SITE_CLASS": 2, "Age": 75, "Shape__Area": 59960.078125, "Shape__Length": 1860.6461288641642, "Age_Class": null}}, {"type": "Feature", "id": "122", "geometry": {"type": "Polygon", "coordinates": [[[-123.28414, 44.67666], [-123.28351, 44.6764], [-123.28297, 44.67578], [-123.28385, 44.67571], [-123.28511, 44.67536], [-123.28541, 44.67541], [-123.28501, 44.67551], [-123.28528, 44.67579], [-123.28604, 44.67581], [-123.28647, 44.67549], [-123.28714, 44.67555], [-123.28739, 44.67578], [-123.2872, 44.6761], [-123.28638, 44.67611], [-123.28542, 44.67647], [-123.28414, 44.67666]]]}, "properties": {"FID": 122, "ACRES": 6.69741262392, "STANDID": "030811", "DF_SITE": 116, "SITE_CLASS": 2, "Age": 85, "Shape__Area": 53612.7578125, "Shape__Length": 1347.7784888760903, "Age_Class": null}}, {"type": "Feature", "id": "123", "geometry": {"type": "Polygon", "coordinates": [[[-123.28615, 44.67522], [-123.28297, 44.67578], [-123.28199, 44.6751], [-123.28188, 44.67456], [-123.28207, 44.67379], [-123.28281, 44.67336], [-123.28543, 44.6732], [-123.28613, 44.67291], [-123.28699, 44.67338], [-123.28922, 44.67362], [-123.28987, 44.67392], [-123.28615, 44.67522]]]}, "properties": {"FID": 123, "ACRES": 28.7426330039, "STANDID": "030824", "DF_SITE": 123, "SITE_CLASS": 2, "Age": 82, "Shape__Area": 230071.1015625, "Shape__Length": 2184.65548602792, "Age_Class": null}}, {"type": "Feature", "id": "124", "geometry": {"type": "Polygon", "coordinates": [[[-123.27431, 44.67513], [-123.27482, 44.67468], [-123.27457, 44.67437], [-123.27505, 44.67426], [-123.2753, 44.67389], [-123.27655, 44.67353], [-123.27724, 44.67356], [-123.27822, 44.67317], [-123.27938, 44.6734], [-123.27995, 44.67394], [-123.27974, 44.67446], [-123.2787, 44.67482], [-123.27853, 44.67511], [-123.27773, 44.67551], [-123.27625, 44.67553], [-123.27572, 44.67543], [-123.27561, 44.67518], [-123.27537, 44.6751], [-123.27436, 44.67529], [-123.27431, 44.67513]]]}, "properties": {"FID": 124, "ACRES": 18.5756763343, "STANDID": "030805", "DF_SITE": 95, "SITE_CLASS": 3, "Age": 51, "Shape__Area": 148690.0234375, "Shape__Length": 1736.3476754318508, "Age_Class": "51-60"}}, {"type": "Feature", "id": "125", "geometry": {"type": "Polygon", "coordinates": [[[-123.28197, 44.67497], [-123.28133, 44.67487], [-123.28091, 44.67457], [-123.28079, 44.67412], [-123.28132, 44.67366], [-123.28207, 44.67381], [-123.28188, 44.67456], [-123.28197, 44.67497]]]}, "properties": {"FID": 125, "ACRES": 2.59186887841, "STANDID": "030814", "DF_SITE": 124, "SITE_CLASS": 2, "Age": 95, "Shape__Area": 20746.6875, "Shape__Length": 589.7858223047556, "Age_Class": null}}, {"type": "Feature", "id": "126", "geometry": {"type": "Polygon", "coordinates": [[[-123.29288, 44.67409], [-123.29125, 44.67447], [-123.29105, 44.67428], [-123.29095, 44.67381], [-123.29025, 44.67398], [-123.2907, 44.67318], [-123.29031, 44.67313], [-123.29022, 44.67264], [-123.2905, 44.67229], [-123.29002, 44.67224], [-123.29028, 44.67189], [-123.28982, 44.67136], [-123.28939, 44.67129], [-123.28853, 44.67147], [-123.28765, 44.67121], [-123.28711, 44.67123], [-123.28654, 44.67061], [-123.28615, 44.67068], [-123.2853, 44.67043], [-123.28452, 44.67061], [-123.2844, 44.6709], [-123.28384, 44.67094], [-123.28352, 44.6708], [-123.28331, 44.67104], [-123.28421, 44.67119], [-123.28438, 44.67145], [-123.28428, 44.67175], [-123.28355, 44.6719], [-123.28327, 44.6717], [-123.28195, 44.67162], [-123.28071, 44.67133], [-123.28095, 44.67117], [-123.28103, 44.67082], [-123.28135, 44.6707], [-123.28177, 44.67091], [-123.28186, 44.67117], [-123.28291, 44.67102], [-123.28334, 44.67035], [-123.27984, 44.67029], [-123.27944, 44.67009], [-123.27959, 44.66986], [-123.28005, 44.66974], [-123.2803, 44.66919], [-123.28099, 44.66909], [-123.28207, 44.66919], [-123.28273, 44.66903], [-123.28288, 44.66951], [-123.28232, 44.66962], [-123.28229, 44.66974], [-123.28267, 44.66999], [-123.28366, 44.66955], [-123.28356, 44.6694], [-123.28374, 44.6691], [-123.28441, 44.66921], [-123.28484, 44.66899], [-123.28496, 44.66961], [-123.28551, 44.66958], [-123.28605, 44.67014], [-123.2867, 44.67015], [-123.28816, 44.67088], [-123.29019, 44.67086], [-123.29124, 44.67104], [-123.29247, 44.67093], [-123.29265, 44.67096], [-123.29296, 44.67141], [-123.29319, 44.67122], [-123.29326, 44.67047], [-123.29367, 44.67032], [-123.29452, 44.67048], [-123.29449, 44.66979], [-123.29464, 44.66962], [-123.29493, 44.66962], [-123.29509, 44.67002], [-123.29504, 44.67037], [-123.29539, 44.67047], [-123.2955, 44.67136], [-123.29441, 44.67421], [-123.29385, 44.67402], [-123.29376, 44.67374], [-123.29347, 44.67379], [-123.29322, 44.67359], [-123.29298, 44.67373], [-123.29288, 44.67409]], [[-123.29406, 44.67329], [-123.29456, 44.67192], [-123.29395, 44.67151], [-123.29311, 44.67154], [-123.29293, 44.67228], [-123.29326, 44.67325], [-123.29406, 44.67329]], [[-123.295, 44.67156], [-123.29533, 44.67103], [-123.29522, 44.6708], [-123.29429, 44.67079], [-123.29387, 44.67128], [-123.29417, 44.67148], [-123.295, 44.67156]]]}, "properties": {"FID": 126, "ACRES": 53.9730280857, "STANDID": "030818", "DF_SITE": 112, "SITE_CLASS": 3, "Age": 104, "Shape__Area": 431985.5546875, "Shape__Length": 8556.655786735535, "Age_Class": null}}, {"type": "Feature", "id": "127", "geometry": {"type": "Polygon", "coordinates": [[[-123.26095, 44.67384], [-123.26053, 44.67472], [-123.25936, 44.6741], [-123.25901, 44.67418], [-123.25867, 44.67393], [-123.25794, 44.67327], [-123.25688, 44.67166], [-123.25609, 44.671], [-123.25565, 44.6708], [-123.25514, 44.67086], [-123.2536, 44.67019], [-123.2541, 44.66882], [-123.25559, 44.67049], [-123.2565, 44.67088], [-123.25712, 44.67086], [-123.25728, 44.67121], [-123.25819, 44.67144], [-123.2593, 44.67139], [-123.26051, 44.67215], [-123.26087, 44.67264], [-123.26101, 44.6734], [-123.26095, 44.67384]]]}, "properties": {"FID": 127, "ACRES": 23.9654976745, "STANDID": "040417", "DF_SITE": 117, "SITE_CLASS": 2, "Age": 73, "Shape__Area": 191818.53125, "Shape__Length": 2800.217837509216, "Age_Class": null}}, {"type": "Feature", "id": "128", "geometry": {"type": "Polygon", "coordinates": [[[-123.2907, 44.67325], [-123.29025, 44.67394], [-123.29039, 44.67343], [-123.29027, 44.67329], [-123.28964, 44.67355], [-123.28939, 44.67332], [-123.28911, 44.67358], [-123.28922, 44.67362], [-123.2872, 44.67342], [-123.28681, 44.67318], [-123.28757, 44.67281], [-123.28805, 44.67279], [-123.28836, 44.67246], [-123.28873, 44.67246], [-123.28877, 44.67145], [-123.28969, 44.67132], [-123.29028, 44.67189], [-123.29002, 44.67224], [-123.2905, 44.67229], [-123.29022, 44.67264], [-123.29029, 44.67307], [-123.2907, 44.67325]]]}, "properties": {"FID": 128, "ACRES": 9.92408771092, "STANDID": "030816", "DF_SITE": 117, "SITE_CLASS": 2, "Age": 107, "Shape__Area": 79433.1875, "Shape__Length": 1762.3460313285914, "Age_Class": null}}, {"type": "Feature", "id": "129", "geometry": {"type": "Polygon", "coordinates": [[[-123.28408, 44.67327], [-123.28443, 44.67281], [-123.28449, 44.67262], [-123.28434, 44.67248], [-123.28472, 44.67227], [-123.28522, 44.6723], [-123.28581, 44.67264], [-123.28595, 44.67292], [-123.28543, 44.6732], [-123.28408, 44.67327]]]}, "properties": {"FID": 129, "ACRES": 2.704735309, "STANDID": "030826", "DF_SITE": 119, "SITE_CLASS": 2, "Age": 103, "Shape__Area": 21649.0078125, "Shape__Length": 619.1286099454753, "Age_Class": null}}, {"type": "Feature", "id": "130", "geometry": {"type": "Polygon", "coordinates": [[[-123.29524, 44.6695], [-123.29539, 44.67047], [-123.29504, 44.67037], [-123.29501, 44.66969], [-123.29464, 44.66962], [-123.2944, 44.67006], [-123.29459, 44.67039], [-123.2944, 44.67052], [-123.29367, 44.67032], [-123.29326, 44.67047], [-123.29319, 44.67122], [-123.29296, 44.67141], [-123.29265, 44.67096], [-123.29247, 44.67093], [-123.29124, 44.67104], [-123.29019, 44.67086], [-123.28816, 44.67088], [-123.28619, 44.66982], [-123.28594, 44.6694], [-123.28607, 44.66908], [-123.28666, 44.66884], [-123.28676, 44.66848], [-123.28706, 44.66836], [-123.28892, 44.66844], [-123.28977, 44.66811], [-123.29092, 44.66795], [-123.29162, 44.66823], [-123.29151, 44.6687], [-123.29164, 44.66876], [-123.29266, 44.66829], [-123.29441, 44.66883], [-123.29524, 44.6695]]]}, "properties": {"FID": 130, "ACRES": 43.8216796804, "STANDID": "030822", "DF_SITE": 118, "SITE_CLASS": 2, "Age": 34, "Shape__Area": 350714.734375, "Shape__Length": 3140.75083788745, "Age_Class": "21-35"}}, {"type": "Feature", "id": "131", "geometry": {"type": "Polygon", "coordinates": [[[-123.29539, 44.67047], [-123.29524, 44.6695], [-123.29441, 44.66883], [-123.29194, 44.66797], [-123.29304, 44.66826], [-123.29274, 44.668], [-123.29288, 44.66783], [-123.29283, 44.66748], [-123.29317, 44.66737], [-123.29302, 44.66722], [-123.29635, 44.66771], [-123.29631, 44.67131], [-123.29539, 44.67047]]]}, "properties": {"FID": 131, "ACRES": 14.9477095326, "STANDID": "030710", "DF_SITE": 108, "SITE_CLASS": 3, "Age": 100, "Shape__Area": 119626.109375, "Shape__Length": 2064.5857726817844, "Age_Class": null}}, {"type": "Feature", "id": "132", "geometry": {"type": "Polygon", "coordinates": [[[-123.25533, 44.67235], [-123.25373, 44.67238], [-123.25341, 44.67209], [-123.25263, 44.67216], [-123.25232, 44.67203], [-123.25244, 44.67182], [-123.25344, 44.67147], [-123.25404, 44.67146], [-123.25457, 44.67126], [-123.25512, 44.67163], [-123.25533, 44.67235]]]}, "properties": {"FID": 132, "ACRES": 4.541330048, "STANDID": "040402", "DF_SITE": 98, "SITE_CLASS": 3, "Age": 32, "Shape__Area": 36348.1484375, "Shape__Length": 873.9531358637919, "Age_Class": "21-35"}}, {"type": "Feature", "id": "133", "geometry": {"type": "Polygon", "coordinates": [[[-123.24826, 44.67249], [-123.23802, 44.67242], [-123.23787, 44.67206], [-123.23741, 44.67198], [-123.2374, 44.67169], [-123.23782, 44.67132], [-123.2381, 44.67056], [-123.23833, 44.67058], [-123.2382, 44.67106], [-123.23831, 44.67138], [-123.23906, 44.67153], [-123.23933, 44.67134], [-123.23921, 44.67115], [-123.23944, 44.67108], [-123.23961, 44.67121], [-123.24005, 44.67083], [-123.24031, 44.67106], [-123.24042, 44.67069], [-123.24067, 44.67062], [-123.2416, 44.67052], [-123.24174, 44.67069], [-123.24154, 44.67109], [-123.24182, 44.6712], [-123.24234, 44.6709], [-123.24334, 44.67072], [-123.24403, 44.67101], [-123.24535, 44.6703], [-123.24777, 44.66972], [-123.24754, 44.6699], [-123.24759, 44.67009], [-123.24808, 44.67061], [-123.24887, 44.67106], [-123.24907, 44.6719], [-123.24826, 44.67249]]]}, "properties": {"FID": 133, "ACRES": 44.1283250642, "STANDID": "040507", "DF_SITE": 113, "SITE_CLASS": 3, "Age": 30, "Shape__Area": 353187.609375, "Shape__Length": 3664.4607071277483, "Age_Class": "21-35"}}, {"type": "Feature", "id": "134", "geometry": {"type": "Polygon", "coordinates": [[[-123.23802, 44.67234], [-123.22774, 44.67234], [-123.22751, 44.67202], [-123.227, 44.67196], [-123.22685, 44.6718], [-123.22827, 44.67103], [-123.22882, 44.67051], [-123.23036, 44.66985], [-123.2311, 44.66928], [-123.23143, 44.66825], [-123.23102, 44.66795], [-123.23104, 44.66765], [-123.23057, 44.66726], [-123.23025, 44.66631], [-123.23034, 44.6655], [-123.23057, 44.66523], [-123.23172, 44.66504], [-123.23216, 44.6653], [-123.23267, 44.66529], [-123.23328, 44.66577], [-123.23307, 44.66637], [-123.23182, 44.66675], [-123.23197, 44.66715], [-123.2318, 44.66771], [-123.23223, 44.66837], [-123.23307, 44.6685], [-123.23306, 44.6679], [-123.23333, 44.66776], [-123.23369, 44.66791], [-123.23403, 44.66684], [-123.23616, 44.66881], [-123.2373, 44.66833], [-123.23876, 44.66813], [-123.23919, 44.6679], [-123.23989, 44.66798], [-123.24027, 44.66823], [-123.2402, 44.67062], [-123.23964, 44.67073], [-123.23932, 44.67098], [-123.23917, 44.67116], [-123.23933, 44.67134], [-123.23906, 44.67153], [-123.23831, 44.67138], [-123.2382, 44.67106], [-123.23833, 44.67058], [-123.2381, 44.67056], [-123.23782, 44.67132], [-123.2374, 44.67169], [-123.23741, 44.67198], [-123.23787, 44.67206], [-123.23802, 44.67234]]]}, "properties": {"FID": 134, "ACRES": 104.993914048, "STANDID": "040906", "DF_SITE": 119, "SITE_CLASS": 2, "Age": 68, "Shape__Area": 840297.1796875, "Shape__Length": 6202.190616243901, "Age_Class": null}}, {"type": "Feature", "id": "135", "geometry": {"type": "Polygon", "coordinates": [[[-123.22774, 44.67234], [-123.22391, 44.67233], [-123.22383, 44.67194], [-123.22418, 44.67184], [-123.22462, 44.67143], [-123.2253, 44.6714], [-123.22541, 44.67106], [-123.22517, 44.67049], [-123.22419, 44.66998], [-123.22323, 44.66908], [-123.22312, 44.6686], [-123.22351, 44.66835], [-123.22379, 44.66876], [-123.22561, 44.66878], [-123.22575, 44.66908], [-123.22552, 44.66916], [-123.22573, 44.66926], [-123.2256, 44.66943], [-123.22581, 44.6697], [-123.22548, 44.66971], [-123.22627, 44.67091], [-123.22655, 44.67087], [-123.22664, 44.6704], [-123.22764, 44.67059], [-123.22792, 44.67038], [-123.22831, 44.67048], [-123.22946, 44.67017], [-123.22882, 44.67051], [-123.22827, 44.67103], [-123.22686, 44.67176], [-123.227, 44.67196], [-123.22756, 44.67205], [-123.22774, 44.67234]]]}, "properties": {"FID": 135, "ACRES": 19.3418803349, "STANDID": "040902", "DF_SITE": 108, "SITE_CLASS": 3, "Age": 75, "Shape__Area": 154803.296875, "Shape__Length": 3040.88866482523, "Age_Class": null}}, {"type": "Feature", "id": "136", "geometry": {"type": "Polygon", "coordinates": [[[-123.25514, 44.67167], [-123.25446, 44.67116], [-123.25375, 44.67088], [-123.25347, 44.67059], [-123.2536, 44.67019], [-123.25508, 44.6708], [-123.25525, 44.67098], [-123.25514, 44.67167]]]}, "properties": {"FID": 136, "ACRES": 2.42819653802, "STANDID": "040209", "DF_SITE": 129, "SITE_CLASS": 2, "Age": 72, "Shape__Area": 19434.2734375, "Shape__Length": 692.2342421272341, "Age_Class": null}}, {"type": "Feature", "id": "137", "geometry": {"type": "Polygon", "coordinates": [[[-123.25728, 44.67121], [-123.257, 44.67065], [-123.25751, 44.67029], [-123.2576, 44.67], [-123.25643, 44.66967], [-123.2561, 44.66976], [-123.25557, 44.66953], [-123.25536, 44.66926], [-123.25485, 44.66966], [-123.25412, 44.66891], [-123.25424, 44.66858], [-123.25451, 44.66837], [-123.25505, 44.66833], [-123.25542, 44.66788], [-123.25602, 44.66784], [-123.25671, 44.66812], [-123.25706, 44.66802], [-123.25699, 44.66743], [-123.25725, 44.6672], [-123.2576, 44.66754], [-123.25825, 44.66883], [-123.25895, 44.66908], [-123.26059, 44.6691], [-123.26001, 44.67037], [-123.25901, 44.67103], [-123.25926, 44.67141], [-123.25819, 44.67144], [-123.25728, 44.67121]]]}, "properties": {"FID": 137, "ACRES": 26.0683500371, "STANDID": "040418", "DF_SITE": 98, "SITE_CLASS": 3, "Age": 16, "Shape__Area": 208629.6015625, "Shape__Length": 2633.950346768564, "Age_Class": "9-20"}}, {"type": "Feature", "id": "138", "geometry": {"type": "Polygon", "coordinates": [[[-123.26001, 44.67037], [-123.2607, 44.66885], [-123.2614, 44.66893], [-123.26249, 44.66934], [-123.26205, 44.67001], [-123.26196, 44.67042], [-123.26208, 44.67054], [-123.26246, 44.67027], [-123.26274, 44.67029], [-123.26243, 44.67097], [-123.26211, 44.67122], [-123.26174, 44.67125], [-123.26132, 44.6708], [-123.26038, 44.67068], [-123.2603, 44.67045], [-123.26001, 44.67037]]]}, "properties": {"FID": 138, "ACRES": 8.22701781061, "STANDID": "040301", "DF_SITE": 105, "SITE_CLASS": 3, "Age": 78, "Shape__Area": 65843.6796875, "Shape__Length": 1247.3815208921721, "Age_Class": null}}, {"type": "Feature", "id": "139", "geometry": {"type": "Polygon", "coordinates": [[[-123.22419, 44.66998], [-123.22517, 44.67049], [-123.22541, 44.67106], [-123.2253, 44.6714], [-123.22462, 44.67143], [-123.22418, 44.67184], [-123.22383, 44.67194], [-123.22323, 44.66908], [-123.22419, 44.66998]]]}, "properties": {"FID": 139, "ACRES": 6.1465790011, "STANDID": "040903", "DF_SITE": 0, "SITE_CLASS": 4, "Age": 9, "Shape__Area": 49194.3671875, "Shape__Length": 1119.9866212647944, "Age_Class": "9-20"}}, {"type": "Feature", "id": "140", "geometry": {"type": "Polygon", "coordinates": [[[-123.28679, 44.6702], [-123.28605, 44.67014], [-123.28551, 44.66958], [-123.28496, 44.66961], [-123.28481, 44.66934], [-123.28485, 44.669], [-123.28567, 44.66848], [-123.28692, 44.66804], [-123.28697, 44.66765], [-123.28909, 44.6676], [-123.2893, 44.66736], [-123.28915, 44.66713], [-123.29004, 44.66713], [-123.29266, 44.66829], [-123.29164, 44.66876], [-123.29151, 44.6687], [-123.29162, 44.66823], [-123.29092, 44.66795], [-123.28977, 44.66811], [-123.28892, 44.66844], [-123.28706, 44.66836], [-123.28676, 44.66848], [-123.28666, 44.66884], [-123.28607, 44.66908], [-123.28594, 44.6694], [-123.286, 44.66967], [-123.28679, 44.6702]]]}, "properties": {"FID": 140, "ACRES": 13.0761526401, "STANDID": "030820", "DF_SITE": 125, "SITE_CLASS": 2, "Age": 70, "Shape__Area": 104646.6796875, "Shape__Length": 2666.7337706287813, "Age_Class": null}}, {"type": "Feature", "id": "141", "geometry": {"type": "Polygon", "coordinates": [[[-123.25485, 44.66966], [-123.25536, 44.66926], [-123.25557, 44.66953], [-123.2561, 44.66976], [-123.257, 44.66978], [-123.2576, 44.67], [-123.25763, 44.67015], [-123.25708, 44.67052], [-123.257, 44.67065], [-123.25712, 44.67086], [-123.2565, 44.67088], [-123.25559, 44.67049], [-123.25485, 44.66966]]]}, "properties": {"FID": 141, "ACRES": 4.89684550004, "STANDID": "040422", "DF_SITE": 98, "SITE_CLASS": 3, "Age": 73, "Shape__Area": 39191.28125, "Shape__Length": 937.3352288263975, "Age_Class": null}}, {"type": "Feature", "id": "142", "geometry": {"type": "Polygon", "coordinates": [[[-123.23921, 44.67115], [-123.23964, 44.67073], [-123.2402, 44.67062], [-123.24024, 44.66844], [-123.24141, 44.66938], [-123.24186, 44.67031], [-123.24214, 44.66912], [-123.24258, 44.66888], [-123.2436, 44.6688], [-123.24399, 44.6684], [-123.24412, 44.66867], [-123.24405, 44.66891], [-123.24439, 44.66938], [-123.24496, 44.66945], [-123.24339, 44.67006], [-123.2432, 44.67043], [-123.24359, 44.67056], [-123.24441, 44.67018], [-123.24559, 44.66992], [-123.24586, 44.66969], [-123.24779, 44.66968], [-123.24535, 44.6703], [-123.24403, 44.67101], [-123.24334, 44.67072], [-123.24164, 44.67117], [-123.24154, 44.67109], [-123.24174, 44.67069], [-123.2416, 44.67052], [-123.24042, 44.67069], [-123.24031, 44.67106], [-123.24005, 44.67083], [-123.23961, 44.67121], [-123.23944, 44.67108], [-123.23921, 44.67115]]]}, "properties": {"FID": 142, "ACRES": 17.9433396748, "STANDID": "040703", "DF_SITE": 101, "SITE_CLASS": 3, "Age": 74, "Shape__Area": 143606.125, "Shape__Length": 3674.3201882289795, "Age_Class": null}}, {"type": "Feature", "id": "143", "geometry": {"type": "Polygon", "coordinates": [[[-123.23036, 44.66985], [-123.22831, 44.67048], [-123.22792, 44.67038], [-123.22764, 44.67059], [-123.22664, 44.6704], [-123.22655, 44.67087], [-123.22627, 44.67091], [-123.22548, 44.66971], [-123.22581, 44.6697], [-123.2256, 44.66943], [-123.22573, 44.66926], [-123.22552, 44.66916], [-123.22575, 44.66908], [-123.22561, 44.66878], [-123.22595, 44.66878], [-123.22604, 44.66897], [-123.2266, 44.66884], [-123.22622, 44.6684], [-123.22657, 44.66825], [-123.22968, 44.66831], [-123.2303, 44.66814], [-123.23143, 44.66825], [-123.2311, 44.66928], [-123.23036, 44.66985]], [[-123.2275, 44.66895], [-123.22738, 44.66866], [-123.22674, 44.66875], [-123.22706, 44.6694], [-123.2275, 44.66895]]]}, "properties": {"FID": 143, "ACRES": 22.4425736241, "STANDID": "040907", "DF_SITE": 122, "SITE_CLASS": 2, "Age": 64, "Shape__Area": 179611.3046875, "Shape__Length": 2470.365670476774, "Age_Class": null}}, {"type": "Feature", "id": "144", "geometry": {"type": "Polygon", "coordinates": [[[-123.24779, 44.66968], [-123.24586, 44.66969], [-123.24559, 44.66992], [-123.24441, 44.67018], [-123.24359, 44.67056], [-123.2432, 44.67043], [-123.24323, 44.67019], [-123.24379, 44.66985], [-123.24496, 44.66945], [-123.24621, 44.66949], [-123.24651, 44.66938], [-123.24694, 44.66883], [-123.24765, 44.66875], [-123.2479, 44.6685], [-123.24903, 44.66864], [-123.24847, 44.66878], [-123.24852, 44.66929], [-123.24755, 44.66929], [-123.24779, 44.66968]]]}, "properties": {"FID": 144, "ACRES": 6.74146969006, "STANDID": "040604", "DF_SITE": 106, "SITE_CLASS": 3, "Age": 121, "Shape__Area": 53953.2890625, "Shape__Length": 1743.205746209057, "Age_Class": null}}, {"type": "Feature", "id": "145", "geometry": {"type": "Polygon", "coordinates": [[[-123.25387, 44.66966], [-123.25217, 44.66952], [-123.25169, 44.66874], [-123.25211, 44.66828], [-123.25233, 44.6677], [-123.25274, 44.66733], [-123.25308, 44.66733], [-123.25499, 44.6683], [-123.25424, 44.66858], [-123.25387, 44.66966]]]}, "properties": {"FID": 145, "ACRES": 9.70116032251, "STANDID": "040424", "DF_SITE": 124, "SITE_CLASS": 2, "Age": 74, "Shape__Area": 77637.796875, "Shape__Length": 1197.4617052517533, "Age_Class": null}}, {"type": "Feature", "id": "146", "geometry": {"type": "Polygon", "coordinates": [[[-123.2611, 44.66696], [-123.26059, 44.6691], [-123.25997, 44.66918], [-123.25895, 44.66908], [-123.25825, 44.66883], [-123.2576, 44.66754], [-123.25725, 44.6672], [-123.25699, 44.66743], [-123.25706, 44.66802], [-123.25685, 44.6681], [-123.25602, 44.66784], [-123.25542, 44.66788], [-123.2572, 44.66571], [-123.2579, 44.66594], [-123.2588, 44.66543], [-123.25892, 44.66573], [-123.25854, 44.66645], [-123.25907, 44.66698], [-123.2611, 44.66696]]]}, "properties": {"FID": 146, "ACRES": 22.5391882921, "STANDID": "040419", "DF_SITE": 125, "SITE_CLASS": 2, "Age": 72, "Shape__Area": 180373.09375, "Shape__Length": 2393.3164210286573, "Age_Class": null}}, {"type": "Feature", "id": "147", "geometry": {"type": "Polygon", "coordinates": [[[-123.23627, 44.66881], [-123.23535, 44.6682], [-123.23403, 44.66684], [-123.23369, 44.66791], [-123.23333, 44.66776], [-123.23306, 44.6679], [-123.23307, 44.6685], [-123.23223, 44.66837], [-123.2318, 44.66771], [-123.23197, 44.66715], [-123.23182, 44.66675], [-123.23307, 44.66637], [-123.23329, 44.66585], [-123.23306, 44.66562], [-123.23394, 44.6659], [-123.23331, 44.66524], [-123.23353, 44.66492], [-123.23492, 44.66507], [-123.23521, 44.66551], [-123.23533, 44.66623], [-123.23522, 44.66673], [-123.23582, 44.66647], [-123.23584, 44.66694], [-123.23612, 44.66706], [-123.23571, 44.66744], [-123.23568, 44.66769], [-123.23636, 44.66854], [-123.23627, 44.66881]]]}, "properties": {"FID": 147, "ACRES": 18.55003518, "STANDID": "041201", "DF_SITE": 82, "SITE_CLASS": 4, "Age": 62, "Shape__Area": 148445.8984375, "Shape__Length": 2707.955844280683, "Age_Class": null}}, {"type": "Feature", "id": "148", "geometry": {"type": "Polygon", "coordinates": [[[-123.23632, 44.66881], [-123.23636, 44.66854], [-123.23571, 44.6677], [-123.23623, 44.66779], [-123.23648, 44.66752], [-123.23693, 44.66765], [-123.23747, 44.66736], [-123.23742, 44.66797], [-123.23764, 44.66828], [-123.23632, 44.66881]]]}, "properties": {"FID": 148, "ACRES": 3.06473302299, "STANDID": "041101", "DF_SITE": 110, "SITE_CLASS": 3, "Age": 49, "Shape__Area": 24526.421875, "Shape__Length": 791.5309366255512, "Age_Class": "36-50"}}, {"type": "Feature", "id": "149", "geometry": {"type": "Polygon", "coordinates": [[[-123.25511, 44.66827], [-123.25308, 44.66733], [-123.25396, 44.66629], [-123.25594, 44.66726], [-123.25511, 44.66827]]]}, "properties": {"FID": 149, "ACRES": 6.41312771938, "STANDID": "040409", "DF_SITE": 127, "SITE_CLASS": 2, "Age": 75, "Shape__Area": 51321.7421875, "Shape__Length": 920.281757596974, "Age_Class": null}}, {"type": "Feature", "id": "150", "geometry": {"type": "Polygon", "coordinates": [[[-123.2266, 44.66884], [-123.22604, 44.66897], [-123.22535, 44.66772], [-123.22447, 44.66687], [-123.22639, 44.66661], [-123.22661, 44.66625], [-123.22756, 44.66694], [-123.22759, 44.66716], [-123.22844, 44.66725], [-123.22872, 44.66711], [-123.2289, 44.66666], [-123.2289, 44.6665], [-123.22863, 44.66648], [-123.22881, 44.6663], [-123.22875, 44.66596], [-123.22987, 44.66587], [-123.22987, 44.66457], [-123.2307, 44.66467], [-123.23115, 44.6649], [-123.2312, 44.66514], [-123.23043, 44.66528], [-123.23037, 44.66608], [-123.23024, 44.66622], [-123.23063, 44.66737], [-123.23098, 44.66757], [-123.23102, 44.66795], [-123.23143, 44.66825], [-123.2303, 44.66814], [-123.22968, 44.66831], [-123.22634, 44.6683], [-123.22622, 44.6684], [-123.2266, 44.66884]]]}, "properties": {"FID": 150, "ACRES": 23.9702343635, "STANDID": "041204", "DF_SITE": 123, "SITE_CLASS": 2, "Age": 31, "Shape__Area": 191823.1640625, "Shape__Length": 3141.018379694422, "Age_Class": "21-35"}}, {"type": "Feature", "id": "151", "geometry": {"type": "Polygon", "coordinates": [[[-123.22593, 44.66877], [-123.22379, 44.66876], [-123.22351, 44.66834], [-123.22495, 44.66738], [-123.22535, 44.66772], [-123.22593, 44.66877]]]}, "properties": {"FID": 151, "ACRES": 4.3583853232, "STANDID": "041302", "DF_SITE": 131, "SITE_CLASS": 2, "Age": 84, "Shape__Area": 34879.5234375, "Shape__Length": 783.7642815954965, "Age_Class": null}}, {"type": "Feature", "id": "152", "geometry": {"type": "Polygon", "coordinates": [[[-123.23764, 44.66824], [-123.23742, 44.66797], [-123.23747, 44.66736], [-123.23808, 44.66718], [-123.23852, 44.66731], [-123.2389, 44.66673], [-123.23852, 44.66642], [-123.23809, 44.6656], [-123.23846, 44.6655], [-123.23898, 44.66567], [-123.23988, 44.66536], [-123.24078, 44.66555], [-123.24136, 44.66549], [-123.24186, 44.66638], [-123.24186, 44.6667], [-123.2407, 44.66765], [-123.24061, 44.66777], [-123.24073, 44.66789], [-123.24021, 44.66807], [-123.24027, 44.66823], [-123.23989, 44.66798], [-123.23919, 44.6679], [-123.23876, 44.66813], [-123.23764, 44.66824]]]}, "properties": {"FID": 152, "ACRES": 17.9239812557, "STANDID": "041108", "DF_SITE": 112, "SITE_CLASS": 3, "Age": 29, "Shape__Area": 143435.75, "Shape__Length": 1900.6698441966048, "Age_Class": "21-35"}}, {"type": "Feature", "id": "153", "geometry": {"type": "Polygon", "coordinates": [[[-123.22495, 44.66738], [-123.22312, 44.6686], [-123.22255, 44.66587], [-123.22889, 44.66587], [-123.22863, 44.66648], [-123.2289, 44.6665], [-123.2289, 44.66666], [-123.22861, 44.66718], [-123.22809, 44.66731], [-123.22759, 44.66716], [-123.22756, 44.66694], [-123.22661, 44.66625], [-123.22639, 44.66661], [-123.22447, 44.66687], [-123.22495, 44.66738]]]}, "properties": {"FID": 153, "ACRES": 18.0481254198, "STANDID": "041306", "DF_SITE": 137, "SITE_CLASS": 1, "Age": 65, "Shape__Area": 144431.390625, "Shape__Length": 2400.0566327259057, "Age_Class": null}}, {"type": "Feature", "id": "154", "geometry": {"type": "Polygon", "coordinates": [[[-123.23769, 44.66727], [-123.23693, 44.66765], [-123.23648, 44.66752], [-123.23623, 44.66779], [-123.23568, 44.66769], [-123.23571, 44.66744], [-123.23612, 44.66706], [-123.23584, 44.66694], [-123.23582, 44.66647], [-123.23522, 44.66673], [-123.23533, 44.66623], [-123.23521, 44.66551], [-123.23492, 44.66507], [-123.23514, 44.66499], [-123.23542, 44.66523], [-123.23594, 44.66529], [-123.23723, 44.66588], [-123.23783, 44.66689], [-123.23769, 44.66727]]]}, "properties": {"FID": 154, "ACRES": 9.26644060922, "STANDID": "041104", "DF_SITE": 103, "SITE_CLASS": 3, "Age": 79, "Shape__Area": 74153.453125, "Shape__Length": 1441.119766021396, "Age_Class": null}}, {"type": "Feature", "id": "155", "geometry": {"type": "Polygon", "coordinates": [[[-123.25594, 44.66726], [-123.25396, 44.66629], [-123.25483, 44.66526], [-123.25681, 44.66619], [-123.25594, 44.66726]]]}, "properties": {"FID": 155, "ACRES": 6.3575988555, "STANDID": "040410", "DF_SITE": 143, "SITE_CLASS": 1, "Age": 66, "Shape__Area": 50875.4375, "Shape__Length": 915.0627200694217, "Age_Class": null}}, {"type": "Feature", "id": "156", "geometry": {"type": "Polygon", "coordinates": [[[-123.2611, 44.66696], [-123.25917, 44.66703], [-123.25867, 44.66671], [-123.25854, 44.66645], [-123.25893, 44.66563], [-123.25876, 44.66534], [-123.25779, 44.66499], [-123.25854, 44.66408], [-123.2566, 44.66314], [-123.25511, 44.66493], [-123.25594, 44.66332], [-123.25663, 44.66249], [-123.25675, 44.662], [-123.25746, 44.66207], [-123.25733, 44.66338], [-123.26106, 44.66296], [-123.26099, 44.66373], [-123.26043, 44.66451], [-123.26057, 44.66497], [-123.26036, 44.66616], [-123.2611, 44.66696]]]}, "properties": {"FID": 156, "ACRES": 23.1133598365, "STANDID": "040421", "DF_SITE": 124, "SITE_CLASS": 2, "Age": 65, "Shape__Area": 184949.0859375, "Shape__Length": 3346.3257780571494, "Age_Class": null}}, {"type": "Feature", "id": "157", "geometry": {"type": "Polygon", "coordinates": [[[-123.25681, 44.66619], [-123.25483, 44.66526], [-123.25572, 44.66419], [-123.25767, 44.66513], [-123.25681, 44.66619]]]}, "properties": {"FID": 157, "ACRES": 6.3214888593, "STANDID": "040411", "DF_SITE": 135, "SITE_CLASS": 1, "Age": 61, "Shape__Area": 50584.640625, "Shape__Length": 911.4637870164727, "Age_Class": null}}, {"type": "Feature", "id": "158", "geometry": {"type": "Polygon", "coordinates": [[[-123.25725, 44.66575], [-123.25779, 44.66499], [-123.2588, 44.66543], [-123.2579, 44.66594], [-123.25725, 44.66575]]]}, "properties": {"FID": 158, "ACRES": 1.66242551703, "STANDID": "040423", "DF_SITE": 98, "SITE_CLASS": 3, "Age": 73, "Shape__Area": 13302.8359375, "Shape__Length": 490.22292360838424, "Age_Class": null}}, {"type": "Feature", "id": "159", "geometry": {"type": "Polygon", "coordinates": [[[-123.24277, 44.66592], [-123.24182, 44.66632], [-123.24143, 44.66569], [-123.24283, 44.66512], [-123.24179, 44.66508], [-123.24064, 44.66525], [-123.23964, 44.66501], [-123.23973, 44.66458], [-123.23946, 44.66435], [-123.23969, 44.66424], [-123.23996, 44.66375], [-123.2396, 44.66272], [-123.2392, 44.66273], [-123.23915, 44.66246], [-123.24026, 44.66273], [-123.24047, 44.6633], [-123.24012, 44.66437], [-123.24071, 44.66472], [-123.24151, 44.66434], [-123.24245, 44.66417], [-123.24427, 44.66431], [-123.24553, 44.66378], [-123.24591, 44.66349], [-123.24652, 44.66249], [-123.24604, 44.662], [-123.24511, 44.66165], [-123.2453, 44.66119], [-123.24526, 44.65886], [-123.24633, 44.66053], [-123.24673, 44.66154], [-123.24727, 44.66218], [-123.24749, 44.6623], [-123.24893, 44.6615], [-123.24894, 44.66229], [-123.24871, 44.663], [-123.24981, 44.66355], [-123.24944, 44.66371], [-123.24945, 44.66407], [-123.24876, 44.66426], [-123.24853, 44.66466], [-123.2476, 44.66494], [-123.24708, 44.66498], [-123.2459, 44.66462], [-123.24473, 44.66479], [-123.24424, 44.66508], [-123.24412, 44.66532], [-123.24296, 44.6655], [-123.24277, 44.66592]]]}, "properties": {"FID": 159, "ACRES": 40.0660548108, "STANDID": "041002", "DF_SITE": 106, "SITE_CLASS": 3, "Age": 338, "Shape__Area": 320590.4609375, "Shape__Length": 5513.4635311435995, "Age_Class": null}}, {"type": "Feature", "id": "160", "geometry": {"type": "Polygon", "coordinates": [[[-123.24455, 44.66488], [-123.2459, 44.66462], [-123.24708, 44.66498], [-123.2476, 44.66494], [-123.24853, 44.66466], [-123.24876, 44.66426], [-123.24945, 44.66407], [-123.24944, 44.66371], [-123.24993, 44.66352], [-123.25133, 44.66384], [-123.25163, 44.66407], [-123.25073, 44.66411], [-123.25042, 44.66436], [-123.25057, 44.66478], [-123.25045, 44.66516], [-123.25009, 44.66565], [-123.24963, 44.66589], [-123.24858, 44.66593], [-123.24844, 44.66574], [-123.24811, 44.6658], [-123.24799, 44.66568], [-123.24735, 44.66578], [-123.24552, 44.66554], [-123.24469, 44.66523], [-123.24412, 44.66532], [-123.24455, 44.66488]]]}, "properties": {"FID": 160, "ACRES": 16.2382388252, "STANDID": "041003", "DF_SITE": 98, "SITE_CLASS": 3, "Age": 137, "Shape__Area": 129937.3828125, "Shape__Length": 2210.6510032027372, "Age_Class": null}}, {"type": "Feature", "id": "161", "geometry": {"type": "Polygon", "coordinates": [[[-123.23811, 44.66572], [-123.23677, 44.66576], [-123.23514, 44.66499], [-123.23492, 44.66507], [-123.23492, 44.66436], [-123.23561, 44.66464], [-123.23804, 44.66496], [-123.23907, 44.66412], [-123.23973, 44.66458], [-123.2396, 44.66493], [-123.23991, 44.66513], [-123.24064, 44.66525], [-123.24179, 44.66508], [-123.24285, 44.66517], [-123.24156, 44.66567], [-123.24136, 44.66549], [-123.24078, 44.66555], [-123.23988, 44.66536], [-123.23898, 44.66567], [-123.23846, 44.6655], [-123.23809, 44.6656], [-123.23811, 44.66572]]]}, "properties": {"FID": 161, "ACRES": 11.2295464423, "STANDID": "041106", "DF_SITE": 115, "SITE_CLASS": 2, "Age": 84, "Shape__Area": 89858.7421875, "Shape__Length": 2272.5351963682406, "Age_Class": null}}, {"type": "Feature", "id": "162", "geometry": {"type": "Polygon", "coordinates": [[[-123.23394, 44.6659], [-123.23248, 44.66521], [-123.23216, 44.6653], [-123.23172, 44.66504], [-123.2312, 44.66518], [-123.23115, 44.6649], [-123.2307, 44.66467], [-123.22987, 44.66457], [-123.22987, 44.66433], [-123.23105, 44.66435], [-123.23353, 44.66492], [-123.23331, 44.66524], [-123.23394, 44.6659]]]}, "properties": {"FID": 162, "ACRES": 4.27990517546, "STANDID": "042103", "DF_SITE": 111, "SITE_CLASS": 4, "Age": 54, "Shape__Area": 34247.5390625, "Shape__Length": 1235.836212313994, "Age_Class": "51-60"}}, {"type": "Feature", "id": "163", "geometry": {"type": "Polygon", "coordinates": [[[-123.25767, 44.66513], [-123.25572, 44.66419], [-123.2566, 44.66314], [-123.25854, 44.66408], [-123.25767, 44.66513]]]}, "properties": {"FID": 163, "ACRES": 6.22899984704, "STANDID": "040412", "DF_SITE": 110, "SITE_CLASS": 3, "Age": 63, "Shape__Area": 49842.6015625, "Shape__Length": 904.666668815757, "Age_Class": null}}, {"type": "Feature", "id": "164", "geometry": {"type": "Polygon", "coordinates": [[[-123.23492, 44.66436], [-123.23493, 44.66402], [-123.23517, 44.66386], [-123.23596, 44.66371], [-123.23626, 44.66346], [-123.23807, 44.66322], [-123.23849, 44.66292], [-123.23918, 44.66294], [-123.23871, 44.66378], [-123.23907, 44.66412], [-123.23821, 44.66491], [-123.23561, 44.66464], [-123.23492, 44.66436]]]}, "properties": {"FID": 164, "ACRES": 11.4260210896, "STANDID": "041402", "DF_SITE": 107, "SITE_CLASS": 3, "Age": 140, "Shape__Area": 91427.46875, "Shape__Length": 1355.7889300738489, "Age_Class": null}}, {"type": "Feature", "id": "165", "geometry": {"type": "Polygon", "coordinates": [[[-123.24591, 44.66349], [-123.24427, 44.66431], [-123.24205, 44.66422], [-123.24136, 44.66439], [-123.24088, 44.6647], [-123.24058, 44.66469], [-123.24012, 44.66437], [-123.24047, 44.6633], [-123.24032, 44.66282], [-123.24015, 44.66265], [-123.23915, 44.66246], [-123.23918, 44.66294], [-123.23849, 44.66292], [-123.23807, 44.66322], [-123.23638, 44.66342], [-123.23596, 44.66371], [-123.23493, 44.66402], [-123.23498, 44.66021], [-123.23528, 44.66037], [-123.23579, 44.66016], [-123.23589, 44.65902], [-123.23672, 44.65882], [-123.23712, 44.65886], [-123.23766, 44.65959], [-123.23822, 44.6599], [-123.23759, 44.66007], [-123.23824, 44.66049], [-123.23906, 44.66022], [-123.23963, 44.66053], [-123.24048, 44.66058], [-123.24093, 44.66053], [-123.24145, 44.66021], [-123.24334, 44.66034], [-123.24368, 44.66023], [-123.24381, 44.65996], [-123.24324, 44.6596], [-123.24151, 44.65961], [-123.24106, 44.65895], [-123.2408, 44.65883], [-123.24001, 44.65911], [-123.23928, 44.65963], [-123.23925, 44.65986], [-123.23891, 44.65982], [-123.23891, 44.65945], [-123.23954, 44.65866], [-123.23958, 44.65827], [-123.23999, 44.65787], [-123.2417, 44.65807], [-123.24243, 44.65777], [-123.24348, 44.65802], [-123.24471, 44.65805], [-123.24516, 44.65843], [-123.24525, 44.65872], [-123.2453, 44.66119], [-123.24511, 44.66165], [-123.24604, 44.662], [-123.24652, 44.66257], [-123.24591, 44.66349]]]}, "properties": {"FID": 165, "ACRES": 106.388456086, "STANDID": "041810", "DF_SITE": 125, "SITE_CLASS": 2, "Age": 103, "Shape__Area": 851208.3984375, "Shape__Length": 6552.953890523191, "Age_Class": null}}, {"type": "Feature", "id": "166", "geometry": {"type": "Polygon", "coordinates": [[[-123.25163, 44.66407], [-123.25133, 44.66384], [-123.24981, 44.66355], [-123.24871, 44.663], [-123.24894, 44.66229], [-123.24893, 44.6615], [-123.24965, 44.66141], [-123.25018, 44.66154], [-123.25076, 44.66125], [-123.25216, 44.66119], [-123.25241, 44.66172], [-123.25261, 44.66177], [-123.25297, 44.66166], [-123.25317, 44.66119], [-123.25368, 44.66097], [-123.25486, 44.66131], [-123.2548, 44.66179], [-123.25406, 44.66246], [-123.25427, 44.66336], [-123.25337, 44.66346], [-123.25163, 44.66407]]]}, "properties": {"FID": 166, "ACRES": 27.5874197083, "STANDID": "040608", "DF_SITE": 118, "SITE_CLASS": 2, "Age": 169, "Shape__Area": 220733.7890625, "Shape__Length": 2154.1517356314366, "Age_Class": null}}, {"type": "Feature", "id": "167", "geometry": {"type": "Polygon", "coordinates": [[[-123.26553, 44.66058], [-123.26563, 44.66355], [-123.26528, 44.66313], [-123.26527, 44.66279], [-123.26418, 44.66178], [-123.26403, 44.66128], [-123.26234, 44.66036], [-123.26284, 44.65988], [-123.26309, 44.65937], [-123.26283, 44.65871], [-123.2631, 44.65801], [-123.26335, 44.65791], [-123.26398, 44.6581], [-123.26439, 44.65886], [-123.264, 44.65985], [-123.26473, 44.66006], [-123.26553, 44.66058]]]}, "properties": {"FID": 167, "ACRES": 15.8604691524, "STANDID": "041504", "DF_SITE": 107, "SITE_CLASS": 3, "Age": 338, "Shape__Area": 126894.53125, "Shape__Length": 2126.1892889108976, "Age_Class": null}}, {"type": "Feature", "id": "168", "geometry": {"type": "Polygon", "coordinates": [[[-123.26563, 44.66355], [-123.26106, 44.6636], [-123.26091, 44.66237], [-123.26036, 44.66167], [-123.25967, 44.66156], [-123.25857, 44.66175], [-123.25858, 44.66161], [-123.25821, 44.66139], [-123.26011, 44.6607], [-123.26234, 44.66036], [-123.26403, 44.66128], [-123.26418, 44.66178], [-123.26527, 44.66279], [-123.26528, 44.66313], [-123.26563, 44.66355]]]}, "properties": {"FID": 168, "ACRES": 27.9288682333, "STANDID": "041507", "DF_SITE": 114, "SITE_CLASS": 3, "Age": 31, "Shape__Area": 223461.9296875, "Shape__Length": 2269.349836381343, "Age_Class": "21-35"}}, {"type": "Feature", "id": "169", "geometry": {"type": "Polygon", "coordinates": [[[-123.26106, 44.66296], [-123.2604, 44.66313], [-123.25914, 44.66308], [-123.25733, 44.66338], [-123.25746, 44.66207], [-123.25934, 44.66159], [-123.26036, 44.66167], [-123.26089, 44.66233], [-123.26106, 44.66296]]]}, "properties": {"FID": 169, "ACRES": 10.7750550027, "STANDID": "040420", "DF_SITE": 113, "SITE_CLASS": 3, "Age": 13, "Shape__Area": 86213.9453125, "Shape__Length": 1231.1264085215341, "Age_Class": "9-20"}}, {"type": "Feature", "id": "170", "geometry": {"type": "Polygon", "coordinates": [[[-123.25675, 44.662], [-123.25725, 44.66078], [-123.25763, 44.66053], [-123.25788, 44.66008], [-123.25805, 44.65771], [-123.26001, 44.65825], [-123.2609, 44.65827], [-123.25993, 44.65892], [-123.25841, 44.66051], [-123.25746, 44.66199], [-123.25675, 44.662]]]}, "properties": {"FID": 170, "ACRES": 11.7977148417, "STANDID": "050301", "DF_SITE": 127, "SITE_CLASS": 2, "Age": 70, "Shape__Area": 94386.8984375, "Shape__Length": 1846.4054278786084, "Age_Class": null}}, {"type": "Feature", "id": "171", "geometry": {"type": "Polygon", "coordinates": [[[-123.25735, 44.66208], [-123.2581, 44.66088], [-123.25983, 44.65902], [-123.26167, 44.65783], [-123.2633, 44.65495], [-123.26271, 44.65472], [-123.26289, 44.65462], [-123.26362, 44.65514], [-123.26386, 44.65569], [-123.26389, 44.65628], [-123.26368, 44.65796], [-123.2631, 44.65801], [-123.26283, 44.65871], [-123.26309, 44.65937], [-123.26269, 44.66005], [-123.26234, 44.66036], [-123.26011, 44.6607], [-123.25869, 44.66115], [-123.25821, 44.66139], [-123.25858, 44.66161], [-123.25857, 44.66175], [-123.25735, 44.66208]]]}, "properties": {"FID": 171, "ACRES": 29.308712422, "STANDID": "041506", "DF_SITE": 112, "SITE_CLASS": 3, "Age": 84, "Shape__Area": 234476.828125, "Shape__Length": 3186.612223812171, "Age_Class": null}}, {"type": "Feature", "id": "172", "geometry": {"type": "Polygon", "coordinates": [[[-123.24749, 44.6623], [-123.24687, 44.66175], [-123.24672, 44.66141], [-123.24824, 44.6612], [-123.24863, 44.66081], [-123.24917, 44.66064], [-123.24995, 44.66055], [-123.2506, 44.66069], [-123.25049, 44.66094], [-123.25062, 44.66132], [-123.25035, 44.66148], [-123.24897, 44.66149], [-123.24749, 44.6623]]]}, "properties": {"FID": 172, "ACRES": 6.64504232897, "STANDID": "041702", "DF_SITE": 110, "SITE_CLASS": 3, "Age": 105, "Shape__Area": 53166.5859375, "Shape__Length": 1167.4036305190111, "Age_Class": null}}, {"type": "Feature", "id": "173", "geometry": {"type": "Polygon", "coordinates": [[[-123.25674, 44.66199], [-123.25567, 44.66146], [-123.25574, 44.66047], [-123.25552, 44.6604], [-123.25515, 44.65961], [-123.25486, 44.65958], [-123.2552, 44.65777], [-123.25499, 44.65749], [-123.25473, 44.65748], [-123.25465, 44.65726], [-123.2552, 44.65691], [-123.25534, 44.65647], [-123.25704, 44.65691], [-123.25794, 44.65788], [-123.25805, 44.65897], [-123.25788, 44.66008], [-123.25763, 44.66053], [-123.25725, 44.66078], [-123.25674, 44.66199]]]}, "properties": {"FID": 173, "ACRES": 26.2044607763, "STANDID": "041602", "DF_SITE": 115, "SITE_CLASS": 2, "Age": 68, "Shape__Area": 209643.421875, "Shape__Length": 2114.536842534677, "Age_Class": null}}, {"type": "Feature", "id": "174", "geometry": {"type": "Polygon", "coordinates": [[[-123.25567, 44.66146], [-123.25368, 44.66097], [-123.25317, 44.66119], [-123.25297, 44.66166], [-123.25253, 44.66177], [-123.25221, 44.66121], [-123.25289, 44.66061], [-123.25379, 44.66044], [-123.25484, 44.65958], [-123.25515, 44.65961], [-123.25552, 44.6604], [-123.25574, 44.66047], [-123.25567, 44.66146]]]}, "properties": {"FID": 174, "ACRES": 7.63840253981, "STANDID": "041601", "DF_SITE": 109, "SITE_CLASS": 3, "Age": 42, "Shape__Area": 61113.15625, "Shape__Length": 1297.1044451364571, "Age_Class": "36-50"}}, {"type": "Feature", "id": "175", "geometry": {"type": "Polygon", "coordinates": [[[-123.26436, 44.65861], [-123.26368, 44.65796], [-123.26386, 44.65569], [-123.26362, 44.65514], [-123.26289, 44.65462], [-123.26393, 44.65409], [-123.26587, 44.65536], [-123.26649, 44.655], [-123.26798, 44.65585], [-123.26738, 44.65617], [-123.26681, 44.65585], [-123.26637, 44.65619], [-123.26589, 44.65616], [-123.26568, 44.65672], [-123.26519, 44.65734], [-123.26524, 44.6576], [-123.26475, 44.65798], [-123.26461, 44.65827], [-123.2647, 44.6586], [-123.26544, 44.65795], [-123.26553, 44.66058], [-123.26473, 44.66006], [-123.264, 44.65985], [-123.26436, 44.65861]]]}, "properties": {"FID": 175, "ACRES": 23.0725417602, "STANDID": "050207", "DF_SITE": 129, "SITE_CLASS": 2, "Age": 83, "Shape__Area": 184573.078125, "Shape__Length": 3129.7068556522627, "Age_Class": null}}, {"type": "Feature", "id": "176", "geometry": {"type": "Polygon", "coordinates": [[[-123.25379, 44.66044], [-123.25316, 44.66061], [-123.25279, 44.65977], [-123.25199, 44.65949], [-123.25119, 44.65963], [-123.2513, 44.65983], [-123.25103, 44.66018], [-123.25045, 44.66021], [-123.25014, 44.65993], [-123.2499, 44.65859], [-123.2501, 44.6584], [-123.25036, 44.65844], [-123.25076, 44.65882], [-123.25172, 44.65912], [-123.25237, 44.65763], [-123.25207, 44.65728], [-123.2522, 44.65703], [-123.25283, 44.65677], [-123.25534, 44.65647], [-123.2552, 44.65691], [-123.25465, 44.65726], [-123.25473, 44.65748], [-123.25499, 44.65749], [-123.2552, 44.65777], [-123.25488, 44.65954], [-123.25379, 44.66044]]]}, "properties": {"FID": 176, "ACRES": 26.1409471501, "STANDID": "041607", "DF_SITE": 108, "SITE_CLASS": 3, "Age": 34, "Shape__Area": 209132.03125, "Shape__Length": 2575.6498026539357, "Age_Class": "21-35"}}, {"type": "Feature", "id": "177", "geometry": {"type": "Polygon", "coordinates": [[[-123.24633, 44.66053], [-123.24572, 44.65973], [-123.24516, 44.65843], [-123.24463, 44.65802], [-123.24464, 44.65776], [-123.24418, 44.65733], [-123.24431, 44.65673], [-123.24412, 44.65516], [-123.24504, 44.65533], [-123.24638, 44.65511], [-123.24687, 44.65535], [-123.24729, 44.65595], [-123.24746, 44.65687], [-123.24721, 44.65728], [-123.2479, 44.65786], [-123.24768, 44.65802], [-123.24786, 44.65888], [-123.24667, 44.65993], [-123.24633, 44.66053]]]}, "properties": {"FID": 177, "ACRES": 27.877172268, "STANDID": "041709", "DF_SITE": 120, "SITE_CLASS": 2, "Age": 162, "Shape__Area": 223013.484375, "Shape__Length": 2190.38229473944, "Age_Class": null}}, {"type": "Feature", "id": "178", "geometry": {"type": "Polygon", "coordinates": [[[-123.24368, 44.66023], [-123.24145, 44.66021], [-123.24093, 44.66053], [-123.24048, 44.66058], [-123.23963, 44.66053], [-123.23906, 44.66022], [-123.23858, 44.66045], [-123.23822, 44.6599], [-123.23766, 44.65959], [-123.23709, 44.65873], [-123.23681, 44.65867], [-123.23697, 44.65852], [-123.23666, 44.65781], [-123.23721, 44.65754], [-123.23779, 44.65786], [-123.2385, 44.659], [-123.23868, 44.65957], [-123.23901, 44.65921], [-123.23898, 44.65987], [-123.23925, 44.65986], [-123.23928, 44.65963], [-123.23965, 44.65944], [-123.23966, 44.65979], [-123.24036, 44.66026], [-123.24147, 44.65959], [-123.24304, 44.65957], [-123.24381, 44.65996], [-123.24368, 44.66023]]]}, "properties": {"FID": 178, "ACRES": 12.5081406336, "STANDID": "041803", "DF_SITE": 113, "SITE_CLASS": 3, "Age": 85, "Shape__Area": 100070.375, "Shape__Length": 2603.536862980213, "Age_Class": null}}, {"type": "Feature", "id": "179", "geometry": {"type": "Polygon", "coordinates": [[[-123.23965, 44.65944], [-123.24068, 44.65881], [-123.24106, 44.65895], [-123.24147, 44.65959], [-123.24036, 44.66026], [-123.23966, 44.65979], [-123.23965, 44.65944]]]}, "properties": {"FID": 179, "ACRES": 3.56700949723, "STANDID": "041811", "DF_SITE": 118, "SITE_CLASS": 2, "Age": 83, "Shape__Area": 28537.65625, "Shape__Length": 668.2297581812536, "Age_Class": null}}, {"type": "Feature", "id": "180", "geometry": {"type": "Polygon", "coordinates": [[[-123.23954, 44.65866], [-123.23868, 44.65957], [-123.23841, 44.65883], [-123.23751, 44.65763], [-123.23564, 44.65715], [-123.2349, 44.65669], [-123.23505, 44.65649], [-123.23457, 44.65634], [-123.23439, 44.65586], [-123.23487, 44.6556], [-123.23456, 44.65517], [-123.23463, 44.65477], [-123.23416, 44.65485], [-123.23399, 44.65464], [-123.23491, 44.65464], [-123.23492, 44.65191], [-123.23854, 44.65195], [-123.23906, 44.65208], [-123.23934, 44.65316], [-123.24051, 44.65399], [-123.2405, 44.65424], [-123.24029, 44.65438], [-123.23926, 44.65419], [-123.23886, 44.65381], [-123.23793, 44.65386], [-123.2376, 44.6544], [-123.2383, 44.6546], [-123.23817, 44.6548], [-123.23711, 44.65491], [-123.23661, 44.65478], [-123.23651, 44.65499], [-123.23681, 44.65513], [-123.23602, 44.65527], [-123.23687, 44.65654], [-123.24019, 44.65646], [-123.24009, 44.65763], [-123.23991, 44.65804], [-123.23958, 44.65827], [-123.23954, 44.65866]]]}, "properties": {"FID": 180, "ACRES": 49.5095685427, "STANDID": "042408", "DF_SITE": 124, "SITE_CLASS": 2, "Age": 73, "Shape__Area": 396037.1015625, "Shape__Length": 4603.669064846063, "Age_Class": null}}, {"type": "Feature", "id": "181", "geometry": {"type": "Polygon", "coordinates": [[[-123.24786, 44.65888], [-123.24769, 44.65831], [-123.24776, 44.65788], [-123.24852, 44.65773], [-123.2493, 44.65781], [-123.24958, 44.65803], [-123.24947, 44.6584], [-123.24984, 44.65847], [-123.25014, 44.65814], [-123.25014, 44.65777], [-123.24926, 44.65705], [-123.25034, 44.65671], [-123.25138, 44.65725], [-123.25212, 44.65717], [-123.25207, 44.65728], [-123.25237, 44.65763], [-123.25172, 44.65912], [-123.25076, 44.65882], [-123.25022, 44.6584], [-123.24962, 44.65879], [-123.24869, 44.65866], [-123.24786, 44.65888]]]}, "properties": {"FID": 181, "ACRES": 12.4476916001, "STANDID": "041605", "DF_SITE": 92, "SITE_CLASS": 4, "Age": 148, "Shape__Area": 99581.7421875, "Shape__Length": 1981.453550782249, "Age_Class": null}}, {"type": "Feature", "id": "182", "geometry": {"type": "Polygon", "coordinates": [[[-123.2647, 44.6586], [-123.26461, 44.65827], [-123.26475, 44.65798], [-123.26524, 44.6576], [-123.26519, 44.65734], [-123.26568, 44.65672], [-123.26589, 44.65616], [-123.26637, 44.65619], [-123.26681, 44.65585], [-123.26726, 44.65615], [-123.26766, 44.65602], [-123.26814, 44.65619], [-123.26853, 44.65659], [-123.26864, 44.65708], [-123.26972, 44.65714], [-123.26997, 44.65737], [-123.27099, 44.65744], [-123.27103, 44.65763], [-123.27092, 44.65789], [-123.26544, 44.65795], [-123.2647, 44.6586]]]}, "properties": {"FID": 182, "ACRES": 16.4590603269, "STANDID": "050108", "DF_SITE": 126, "SITE_CLASS": 2, "Age": 28, "Shape__Area": 131667.1328125, "Shape__Length": 2008.2757843267098, "Age_Class": "21-35"}}, {"type": "Feature", "id": "183", "geometry": {"type": "Polygon", "coordinates": [[[-123.2609, 44.65827], [-123.26001, 44.65825], [-123.25805, 44.65771], [-123.25882, 44.65571], [-123.25963, 44.65423], [-123.26012, 44.65376], [-123.26152, 44.65292], [-123.26272, 44.65186], [-123.26346, 44.65152], [-123.26578, 44.65101], [-123.26597, 44.6512], [-123.26579, 44.65149], [-123.26543, 44.65172], [-123.26497, 44.65141], [-123.26264, 44.65323], [-123.26393, 44.65409], [-123.26378, 44.65421], [-123.26271, 44.65472], [-123.26068, 44.6539], [-123.25949, 44.65537], [-123.25857, 44.65691], [-123.26161, 44.65781], [-123.2609, 44.65827]]]}, "properties": {"FID": 183, "ACRES": 23.727114011, "STANDID": "050306", "DF_SITE": 125, "SITE_CLASS": 2, "Age": 83, "Shape__Area": 189793.84375, "Shape__Length": 4026.819140060518, "Age_Class": null}}, {"type": "Feature", "id": "184", "geometry": {"type": "Polygon", "coordinates": [[[-123.27557, 44.65784], [-123.27486, 44.65784], [-123.27394, 44.65738], [-123.2716, 44.65676], [-123.27313, 44.65642], [-123.27305, 44.6562], [-123.27212, 44.65571], [-123.27369, 44.65394], [-123.27176, 44.65306], [-123.2728, 44.65255], [-123.27277, 44.6514], [-123.27349, 44.65077], [-123.27355, 44.65036], [-123.27373, 44.65021], [-123.27397, 44.65033], [-123.27402, 44.65077], [-123.27377, 44.6521], [-123.275, 44.6522], [-123.27587, 44.65201], [-123.2757, 44.65276], [-123.27585, 44.65344], [-123.27571, 44.65389], [-123.2753, 44.65316], [-123.275, 44.65305], [-123.27479, 44.65314], [-123.27478, 44.65388], [-123.27422, 44.65396], [-123.27419, 44.65422], [-123.27468, 44.6548], [-123.27554, 44.65531], [-123.27557, 44.65784]]]}, "properties": {"FID": 184, "ACRES": 33.3028648619, "STANDID": "050107", "DF_SITE": 129, "SITE_CLASS": 0, "Age": 85, "Shape__Area": 266391.6640625, "Shape__Length": 3895.1085392281284, "Age_Class": null}}, {"type": "Feature", "id": "185", "geometry": {"type": "Polygon", "coordinates": [[[-123.25032, 44.65671], [-123.24926, 44.65705], [-123.25014, 44.65777], [-123.25014, 44.65814], [-123.24984, 44.65847], [-123.24947, 44.6584], [-123.24958, 44.65803], [-123.2493, 44.65781], [-123.24852, 44.65773], [-123.2479, 44.65786], [-123.24722, 44.65734], [-123.24744, 44.65701], [-123.24745, 44.65639], [-123.24687, 44.65535], [-123.24773, 44.65554], [-123.24851, 44.65526], [-123.25125, 44.65508], [-123.25148, 44.65529], [-123.25159, 44.65574], [-123.25138, 44.65652], [-123.25113, 44.65671], [-123.25022, 44.65653], [-123.25032, 44.65671]]]}, "properties": {"FID": 185, "ACRES": 19.6649391086, "STANDID": "041707", "DF_SITE": 123, "SITE_CLASS": 2, "Age": 72, "Shape__Area": 157311.1015625, "Shape__Length": 2090.567411643013, "Age_Class": null}}, {"type": "Feature", "id": "186", "geometry": {"type": "Polygon", "coordinates": [[[-123.27486, 44.65784], [-123.27092, 44.65789], [-123.27099, 44.65744], [-123.26997, 44.65737], [-123.26939, 44.65707], [-123.27049, 44.65653], [-123.27114, 44.65661], [-123.27394, 44.65738], [-123.27486, 44.65784]]]}, "properties": {"FID": 186, "ACRES": 8.13228087089, "STANDID": "050102", "DF_SITE": 112, "SITE_CLASS": 3, "Age": 73, "Shape__Area": 65056.2109375, "Shape__Length": 1395.5356476430493, "Age_Class": null}}, {"type": "Feature", "id": "187", "geometry": {"type": "Polygon", "coordinates": [[[-123.26161, 44.65781], [-123.26013, 44.65737], [-123.26105, 44.6559], [-123.2625, 44.65639], [-123.26161, 44.65781]]]}, "properties": {"FID": 187, "ACRES": 5.63632328719, "STANDID": "050308", "DF_SITE": 116, "SITE_CLASS": 2, "Age": 73, "Shape__Area": 45088.8984375, "Shape__Length": 859.2306685317681, "Age_Class": null}}, {"type": "Feature", "id": "188", "geometry": {"type": "Polygon", "coordinates": [[[-123.25794, 44.65788], [-123.25755, 44.65735], [-123.25757, 44.65708], [-123.25806, 44.65621], [-123.2581, 44.6555], [-123.25859, 44.65511], [-123.25858, 44.65459], [-123.25943, 44.65379], [-123.26113, 44.65285], [-123.26177, 44.65233], [-123.26221, 44.65219], [-123.26317, 44.65132], [-123.26426, 44.65105], [-123.26522, 44.65025], [-123.26623, 44.65014], [-123.2683, 44.64914], [-123.26853, 44.64883], [-123.26825, 44.64859], [-123.26865, 44.6486], [-123.26915, 44.64781], [-123.27011, 44.64713], [-123.2702, 44.64691], [-123.27056, 44.6469], [-123.27046, 44.64724], [-123.27014, 44.64742], [-123.27, 44.6478], [-123.26974, 44.648], [-123.26952, 44.6486], [-123.26901, 44.64871], [-123.26843, 44.64972], [-123.26763, 44.6498], [-123.26533, 44.65052], [-123.26467, 44.65127], [-123.26346, 44.65152], [-123.26272, 44.65186], [-123.26152, 44.65292], [-123.25985, 44.65397], [-123.25882, 44.65571], [-123.25794, 44.65788]]]}, "properties": {"FID": 188, "ACRES": 14.7653817088, "STANDID": "050607", "DF_SITE": 129, "SITE_CLASS": 2, "Age": 68, "Shape__Area": 118100.140625, "Shape__Length": 4922.771064295684, "Age_Class": null}}, {"type": "Feature", "id": "189", "geometry": {"type": "Polygon", "coordinates": [[[-123.24461, 44.65801], [-123.24348, 44.65802], [-123.24243, 44.65777], [-123.2417, 44.65807], [-123.24001, 44.65789], [-123.24022, 44.65716], [-123.24014, 44.65541], [-123.24337, 44.65485], [-123.24374, 44.65491], [-123.24412, 44.65516], [-123.24431, 44.65673], [-123.24418, 44.65733], [-123.24464, 44.65776], [-123.24461, 44.65801]]]}, "properties": {"FID": 189, "ACRES": 25.841990831, "STANDID": "041809", "DF_SITE": 101, "SITE_CLASS": 3, "Age": 144, "Shape__Area": 206726.0546875, "Shape__Length": 1894.7713895719262, "Age_Class": null}}, {"type": "Feature", "id": "190", "geometry": {"type": "Polygon", "coordinates": [[[-123.25857, 44.65691], [-123.25949, 44.65537], [-123.26105, 44.6559], [-123.26013, 44.65737], [-123.25857, 44.65691]]]}, "properties": {"FID": 190, "ACRES": 6.10552825078, "STANDID": "050309", "DF_SITE": 121, "SITE_CLASS": 2, "Age": 77, "Shape__Area": 48841.6640625, "Shape__Length": 894.603414519792, "Age_Class": null}}, {"type": "Feature", "id": "191", "geometry": {"type": "Polygon", "coordinates": [[[-123.26932, 44.65706], [-123.26864, 44.65708], [-123.2685, 44.65653], [-123.26775, 44.65604], [-123.2694, 44.65456], [-123.27098, 44.65344], [-123.27183, 44.65304], [-123.26991, 44.6549], [-123.27196, 44.65589], [-123.27212, 44.65571], [-123.27305, 44.6562], [-123.27313, 44.65642], [-123.2716, 44.65676], [-123.27049, 44.65653], [-123.26932, 44.65706]]]}, "properties": {"FID": 191, "ACRES": 16.5831379148, "STANDID": "050106", "DF_SITE": 127, "SITE_CLASS": 2, "Age": 82, "Shape__Area": 132655.3671875, "Shape__Length": 2267.5364373049347, "Age_Class": null}}, {"type": "Feature", "id": "192", "geometry": {"type": "Polygon", "coordinates": [[[-123.25154, 44.65719], [-123.25112, 44.65716], [-123.25019, 44.65662], [-123.25067, 44.65653], [-123.25113, 44.65671], [-123.25138, 44.65652], [-123.25159, 44.65574], [-123.25148, 44.65529], [-123.25125, 44.65508], [-123.24931, 44.65517], [-123.24801, 44.65541], [-123.24743, 44.65465], [-123.24966, 44.65405], [-123.25028, 44.65426], [-123.25092, 44.6548], [-123.25185, 44.65485], [-123.2522, 44.65554], [-123.25154, 44.65719]]]}, "properties": {"FID": 192, "ACRES": 10.1054493764, "STANDID": "042202", "DF_SITE": 103, "SITE_CLASS": 3, "Age": 99, "Shape__Area": 80835.9921875, "Shape__Length": 2057.72020104176, "Age_Class": null}}, {"type": "Feature", "id": "193", "geometry": {"type": "Polygon", "coordinates": [[[-123.25154, 44.65719], [-123.25211, 44.65594], [-123.25211, 44.65521], [-123.25296, 44.65462], [-123.25466, 44.654], [-123.2543, 44.65418], [-123.25482, 44.65476], [-123.25633, 44.65554], [-123.25713, 44.65618], [-123.25695, 44.65662], [-123.25669, 44.65679], [-123.25507, 44.65645], [-123.25283, 44.65677], [-123.25212, 44.65717], [-123.25154, 44.65719]]]}, "properties": {"FID": 193, "ACRES": 19.7889914068, "STANDID": "042109", "DF_SITE": 104, "SITE_CLASS": 3, "Age": 150, "Shape__Area": 158300.0234375, "Shape__Length": 1910.569171722534, "Age_Class": null}}, {"type": "Feature", "id": "194", "geometry": {"type": "Polygon", "coordinates": [[[-123.23257, 44.65714], [-123.23226, 44.65714], [-123.22839, 44.65711], [-123.22847, 44.65652], [-123.2296, 44.6565], [-123.23017, 44.65603], [-123.23018, 44.65578], [-123.23075, 44.65598], [-123.23257, 44.65714]]]}, "properties": {"FID": 194, "ACRES": 6.33574130152, "STANDID": "042604", "DF_SITE": 109, "SITE_CLASS": 3, "Age": 99, "Shape__Area": 50683.6015625, "Shape__Length": 1179.2945221090376, "Age_Class": null}}, {"type": "Feature", "id": "195", "geometry": {"type": "Polygon", "coordinates": [[[-123.2625, 44.65639], [-123.26105, 44.6559], [-123.26198, 44.65442], [-123.2633, 44.65495], [-123.2625, 44.65639]]]}, "properties": {"FID": 195, "ACRES": 5.35095615373, "STANDID": "050310", "DF_SITE": 128, "SITE_CLASS": 2, "Age": 81, "Shape__Area": 42803.96875, "Shape__Length": 842.4350225557544, "Age_Class": null}}, {"type": "Feature", "id": "196", "geometry": {"type": "Polygon", "coordinates": [[[-123.22839, 44.65711], [-123.22815, 44.65711], [-123.22683, 44.6571], [-123.22802, 44.65618], [-123.22811, 44.65646], [-123.22847, 44.65652], [-123.22839, 44.65711]]]}, "properties": {"FID": 196, "ACRES": 1.83307659959, "STANDID": "042605", "DF_SITE": 174, "SITE_CLASS": 1, "Age": 77, "Shape__Area": 14664.0390625, "Shape__Length": 550.6791491464846, "Age_Class": null}}, {"type": "Feature", "id": "197", "geometry": {"type": "Polygon", "coordinates": [[[-123.27279, 44.65496], [-123.27196, 44.65589], [-123.26991, 44.6549], [-123.27087, 44.65397], [-123.27279, 44.65496]]]}, "properties": {"FID": 197, "ACRES": 5.93480863636, "STANDID": "050109", "DF_SITE": 129, "SITE_CLASS": 2, "Age": 77, "Shape__Area": 47473.453125, "Shape__Length": 891.9587624539815, "Age_Class": null}}, {"type": "Feature", "id": "198", "geometry": {"type": "Polygon", "coordinates": [[[-123.25713, 44.65618], [-123.25633, 44.65554], [-123.25482, 44.65476], [-123.2543, 44.65418], [-123.25501, 44.65379], [-123.25493, 44.65333], [-123.25524, 44.65231], [-123.25592, 44.65138], [-123.25821, 44.65274], [-123.25809, 44.65308], [-123.25746, 44.65301], [-123.2573, 44.65339], [-123.25688, 44.65375], [-123.25689, 44.6539], [-123.25729, 44.65386], [-123.25737, 44.65403], [-123.25706, 44.65457], [-123.25719, 44.65524], [-123.25713, 44.65618]]]}, "properties": {"FID": 198, "ACRES": 19.2647632437, "STANDID": "042110", "DF_SITE": 110, "SITE_CLASS": 3, "Age": 130, "Shape__Area": 154094.984375, "Shape__Length": 2021.317048935639, "Age_Class": null}}, {"type": "Feature", "id": "199", "geometry": {"type": "Polygon", "coordinates": [[[-123.26946, 44.65454], [-123.26795, 44.65583], [-123.26649, 44.655], [-123.26823, 44.6537], [-123.26946, 44.65454]]]}, "properties": {"FID": 199, "ACRES": 6.73984185192, "STANDID": "050210", "DF_SITE": 125, "SITE_CLASS": 2, "Age": 76, "Shape__Area": 53912.84375, "Shape__Length": 943.4351035386836, "Age_Class": null}}, {"type": "Feature", "id": "200", "geometry": {"type": "Polygon", "coordinates": [[[-123.23694, 44.65651], [-123.23602, 44.65527], [-123.23679, 44.65508], [-123.23902, 44.65521], [-123.2398, 44.65509], [-123.24013, 44.65521], [-123.24019, 44.65646], [-123.23694, 44.65651]]]}, "properties": {"FID": 200, "ACRES": 11.0246170406, "STANDID": "042402", "DF_SITE": 126, "SITE_CLASS": 2, "Age": 81, "Shape__Area": 88190.3515625, "Shape__Length": 1277.1371206382048, "Age_Class": null}}, {"type": "Feature", "id": "201", "geometry": {"type": "Polygon", "coordinates": [[[-123.26105, 44.6559], [-123.25949, 44.65537], [-123.26068, 44.6539], [-123.26198, 44.65442], [-123.26105, 44.6559]]]}, "properties": {"FID": 201, "ACRES": 5.81086114184, "STANDID": "050311", "DF_SITE": 133, "SITE_CLASS": 2, "Age": 79, "Shape__Area": 46482.0390625, "Shape__Length": 878.222427975457, "Age_Class": null}}, {"type": "Feature", "id": "202", "geometry": {"type": "Polygon", "coordinates": [[[-123.22833, 44.65649], [-123.2293, 44.65593], [-123.22967, 44.65543], [-123.23015, 44.65547], [-123.23017, 44.65603], [-123.2296, 44.6565], [-123.22833, 44.65649]]]}, "properties": {"FID": 202, "ACRES": 2.19759766313, "STANDID": "042606", "DF_SITE": 116, "SITE_CLASS": 2, "Age": 66, "Shape__Area": 17579.6484375, "Shape__Length": 630.3288975046695, "Age_Class": null}}, {"type": "Feature", "id": "203", "geometry": {"type": "Polygon", "coordinates": [[[-123.22833, 44.65649], [-123.22811, 44.65646], [-123.22802, 44.65618], [-123.22897, 44.65546], [-123.22925, 44.65557], [-123.22967, 44.65543], [-123.2293, 44.65593], [-123.22833, 44.65649]]]}, "properties": {"FID": 203, "ACRES": 1.59449990825, "STANDID": "042607", "DF_SITE": 97, "SITE_CLASS": 4, "Age": 87, "Shape__Area": 12755.1640625, "Shape__Length": 557.0329811011991, "Age_Class": null}}, {"type": "Feature", "id": "204", "geometry": {"type": "Polygon", "coordinates": [[[-123.27544, 44.65407], [-123.27554, 44.65531], [-123.27468, 44.6548], [-123.27419, 44.65422], [-123.27422, 44.65396], [-123.27478, 44.65388], [-123.27479, 44.65314], [-123.275, 44.65305], [-123.2753, 44.65316], [-123.27571, 44.65389], [-123.27544, 44.65407]]]}, "properties": {"FID": 204, "ACRES": 3.7960733997, "STANDID": "050112", "DF_SITE": 126, "SITE_CLASS": 2, "Age": 70, "Shape__Area": 30364.6875, "Shape__Length": 890.7252968642317, "Age_Class": null}}, {"type": "Feature", "id": "205", "geometry": {"type": "Polygon", "coordinates": [[[-123.26711, 44.65454], [-123.26587, 44.65536], [-123.26425, 44.6543], [-123.26543, 44.65342], [-123.26711, 44.65454]]]}, "properties": {"FID": 205, "ACRES": 6.01291052485, "STANDID": "050208", "DF_SITE": 119, "SITE_CLASS": 2, "Age": 75, "Shape__Area": 48097.4375, "Shape__Length": 881.7855828124549, "Age_Class": null}}, {"type": "Feature", "id": "206", "geometry": {"type": "Polygon", "coordinates": [[[-123.27279, 44.65496], [-123.27241, 44.65476], [-123.27087, 44.65397], [-123.27186, 44.65304], [-123.27369, 44.65394], [-123.27279, 44.65496]]]}, "properties": {"FID": 206, "ACRES": 5.94407736264, "STANDID": "050110", "DF_SITE": 127, "SITE_CLASS": 2, "Age": 78, "Shape__Area": 47546.1875, "Shape__Length": 882.9776921694238, "Age_Class": null}}, {"type": "Feature", "id": "207", "geometry": {"type": "Polygon", "coordinates": [[[-123.24773, 44.65554], [-123.24638, 44.65511], [-123.24699, 44.65456], [-123.24723, 44.65455], [-123.24802, 44.65544], [-123.24773, 44.65554]]]}, "properties": {"FID": 207, "ACRES": 1.86957922676, "STANDID": "042203", "DF_SITE": 110, "SITE_CLASS": 4, "Age": 82, "Shape__Area": 14955.1640625, "Shape__Length": 514.9860513128493, "Age_Class": null}}, {"type": "Feature", "id": "208", "geometry": {"type": "Polygon", "coordinates": [[[-123.25211, 44.65521], [-123.25145, 44.6538], [-123.25061, 44.65281], [-123.25058, 44.65207], [-123.25525, 44.65211], [-123.25526, 44.65102], [-123.25592, 44.65138], [-123.25524, 44.65231], [-123.25491, 44.65391], [-123.25313, 44.65455], [-123.25211, 44.65521]]]}, "properties": {"FID": 208, "ACRES": 21.9177464056, "STANDID": "042108", "DF_SITE": 99, "SITE_CLASS": 3, "Age": 159, "Shape__Area": 175313.5546875, "Shape__Length": 2127.182471193081, "Age_Class": null}}, {"type": "Feature", "id": "209", "geometry": {"type": "Polygon", "coordinates": [[[-123.24417, 44.65518], [-123.24318, 44.65406], [-123.24286, 44.65324], [-123.24266, 44.65199], [-123.2464, 44.65203], [-123.24673, 44.6548], [-123.24619, 44.65517], [-123.24469, 44.65534], [-123.24417, 44.65518]]]}, "properties": {"FID": 209, "ACRES": 24.0887818276, "STANDID": "042204", "DF_SITE": 107, "SITE_CLASS": 3, "Age": 146, "Shape__Area": 192681.5078125, "Shape__Length": 1713.5657567590406, "Age_Class": null}}, {"type": "Feature", "id": "210", "geometry": {"type": "Polygon", "coordinates": [[[-123.24023, 44.65541], [-123.24012, 44.65456], [-123.2405, 44.65424], [-123.24051, 44.65399], [-123.23934, 44.65316], [-123.23911, 44.65212], [-123.23854, 44.65195], [-123.24266, 44.65199], [-123.24299, 44.65365], [-123.24326, 44.65419], [-123.24412, 44.65516], [-123.24344, 44.65484], [-123.24023, 44.65541]]]}, "properties": {"FID": 210, "ACRES": 22.8722263904, "STANDID": "042303", "DF_SITE": 104, "SITE_CLASS": 3, "Age": 153, "Shape__Area": 182950.40625, "Shape__Length": 2142.087174594021, "Age_Class": null}}, {"type": "Feature", "id": "211", "geometry": {"type": "Polygon", "coordinates": [[[-123.26948, 44.65457], [-123.26785, 44.65342], [-123.26903, 44.65262], [-123.27061, 44.65379], [-123.26948, 44.65457]]]}, "properties": {"FID": 211, "ACRES": 5.63238976661, "STANDID": "050213", "DF_SITE": 122, "SITE_CLASS": 2, "Age": 79, "Shape__Area": 45052.4453125, "Shape__Length": 867.3764542930238, "Age_Class": null}}, {"type": "Feature", "id": "212", "geometry": {"type": "Polygon", "coordinates": [[[-123.26711, 44.65454], [-123.26543, 44.65342], [-123.26662, 44.65253], [-123.26823, 44.6537], [-123.26711, 44.65454]]]}, "properties": {"FID": 212, "ACRES": 5.96721562531, "STANDID": "050211", "DF_SITE": 123, "SITE_CLASS": 2, "Age": 76, "Shape__Area": 47730.3984375, "Shape__Length": 885.2202657779903, "Age_Class": null}}, {"type": "Feature", "id": "213", "geometry": {"type": "Polygon", "coordinates": [[[-123.24013, 44.65521], [-123.2398, 44.65509], [-123.23726, 44.65515], [-123.23651, 44.65499], [-123.23673, 44.65476], [-123.23711, 44.65491], [-123.23809, 44.65485], [-123.2383, 44.6546], [-123.2376, 44.6544], [-123.23764, 44.65427], [-123.23793, 44.65386], [-123.23855, 44.65377], [-123.23896, 44.65384], [-123.23926, 44.65419], [-123.24029, 44.65438], [-123.24012, 44.65456], [-123.24013, 44.65521]]]}, "properties": {"FID": 213, "ACRES": 6.16319113747, "STANDID": "042404", "DF_SITE": 118, "SITE_CLASS": 2, "Age": 79, "Shape__Area": 49299.765625, "Shape__Length": 1299.0462149554753, "Age_Class": null}}, {"type": "Feature", "id": "214", "geometry": {"type": "Polygon", "coordinates": [[[-123.24743, 44.65465], [-123.24699, 44.65456], [-123.24673, 44.6548], [-123.2464, 44.65203], [-123.25058, 44.65207], [-123.25061, 44.65281], [-123.25159, 44.65402], [-123.25185, 44.65485], [-123.25092, 44.6548], [-123.25028, 44.65426], [-123.24966, 44.65405], [-123.24743, 44.65465]]]}, "properties": {"FID": 214, "ACRES": 23.5503307166, "STANDID": "042205", "DF_SITE": 108, "SITE_CLASS": 3, "Age": 145, "Shape__Area": 188372.875, "Shape__Length": 2040.9386355086776, "Age_Class": null}}, {"type": "Feature", "id": "215", "geometry": {"type": "Polygon", "coordinates": [[[-123.26425, 44.6543], [-123.26264, 44.65323], [-123.2638, 44.65233], [-123.26543, 44.65342], [-123.26425, 44.6543]]]}, "properties": {"FID": 215, "ACRES": 5.90218492545, "STANDID": "050209", "DF_SITE": 123, "SITE_CLASS": 2, "Age": 77, "Shape__Area": 47209.953125, "Shape__Length": 876.3282972726097, "Age_Class": null}}, {"type": "Feature", "id": "216", "geometry": {"type": "Polygon", "coordinates": [[[-123.27061, 44.65379], [-123.26903, 44.65262], [-123.27019, 44.65184], [-123.27183, 44.65291], [-123.27061, 44.65379]]]}, "properties": {"FID": 216, "ACRES": 5.78863227916, "STANDID": "050215", "DF_SITE": 129, "SITE_CLASS": 2, "Age": 75, "Shape__Area": 46300.859375, "Shape__Length": 875.8529210297344, "Age_Class": null}}, {"type": "Feature", "id": "217", "geometry": {"type": "Polygon", "coordinates": [[[-123.25875, 44.65372], [-123.25781, 44.65402], [-123.25687, 44.65381], [-123.2573, 44.65339], [-123.25746, 44.65301], [-123.25809, 44.65308], [-123.25821, 44.65274], [-123.25894, 44.65228], [-123.25949, 44.65223], [-123.25998, 44.65245], [-123.2597, 44.65286], [-123.25893, 44.65317], [-123.25875, 44.65372]]]}, "properties": {"FID": 217, "ACRES": 5.15676438903, "STANDID": "042105", "DF_SITE": 107, "SITE_CLASS": 3, "Age": 49, "Shape__Area": 41247.2578125, "Shape__Length": 1046.2376997652575, "Age_Class": "36-50"}}, {"type": "Feature", "id": "218", "geometry": {"type": "Polygon", "coordinates": [[[-123.26903, 44.65262], [-123.26785, 44.65342], [-123.2662, 44.65225], [-123.26745, 44.65147], [-123.26903, 44.65262]]]}, "properties": {"FID": 218, "ACRES": 5.81147302952, "STANDID": "050214", "DF_SITE": 128, "SITE_CLASS": 2, "Age": 77, "Shape__Area": 46483.015625, "Shape__Length": 878.1113772098881, "Age_Class": null}}, {"type": "Feature", "id": "219", "geometry": {"type": "Polygon", "coordinates": [[[-123.26543, 44.65342], [-123.2638, 44.65233], [-123.26497, 44.65141], [-123.26662, 44.65253], [-123.26543, 44.65342]]]}, "properties": {"FID": 219, "ACRES": 6.06517273544, "STANDID": "050212", "DF_SITE": 123, "SITE_CLASS": 2, "Age": 80, "Shape__Area": 48512.1328125, "Shape__Length": 889.0742849986354, "Age_Class": null}}, {"type": "Feature", "id": "220", "geometry": {"type": "Polygon", "coordinates": [[[-123.35132, 44.6509], [-123.35166, 44.65055], [-123.35207, 44.64964], [-123.35207, 44.64903], [-123.34943, 44.6493], [-123.35046, 44.64997], [-123.35094, 44.65007], [-123.34978, 44.64989], [-123.3489, 44.64885], [-123.34792, 44.64812], [-123.34772, 44.64725], [-123.34693, 44.64587], [-123.34619, 44.64533], [-123.3453, 44.64513], [-123.34695, 44.64443], [-123.34788, 44.64343], [-123.34942, 44.64109], [-123.34953, 44.64054], [-123.34934, 44.63924], [-123.34989, 44.63946], [-123.35045, 44.63928], [-123.35286, 44.64058], [-123.35307, 44.64066], [-123.35339, 44.64052], [-123.35338, 44.64495], [-123.35167, 44.64419], [-123.35124, 44.64475], [-123.35101, 44.64543], [-123.35338, 44.64541], [-123.35338, 44.64572], [-123.35111, 44.64661], [-123.35187, 44.64719], [-123.35338, 44.64678], [-123.35336, 44.65091], [-123.35132, 44.6509]], [[-123.34843, 44.64826], [-123.35037, 44.64793], [-123.3503, 44.64697], [-123.34983, 44.64719], [-123.34805, 44.64744], [-123.34843, 44.64826]], [[-123.34868, 44.64457], [-123.35026, 44.64462], [-123.35038, 44.64332], [-123.34984, 44.64328], [-123.34854, 44.64389], [-123.34868, 44.64457]], [[-123.35017, 44.64249], [-123.35207, 44.64242], [-123.35246, 44.64188], [-123.35224, 44.64106], [-123.35057, 44.64192], [-123.35017, 44.64249]]]}, "properties": {"FID": 220, "ACRES": 95.7521270909, "STANDID": "080110", "DF_SITE": 124, "SITE_CLASS": 2, "Age": 74, "Shape__Area": 765675.7109375, "Shape__Length": 8778.624885946163, "Age_Class": null}}, {"type": "Feature", "id": "221", "geometry": {"type": "Polygon", "coordinates": [[[-123.35132, 44.6509], [-123.34268, 44.65083], [-123.33702, 44.6508], [-123.33765, 44.6503], [-123.33951, 44.64969], [-123.34219, 44.64901], [-123.34282, 44.64923], [-123.34322, 44.64915], [-123.34383, 44.64844], [-123.34487, 44.64813], [-123.34524, 44.64773], [-123.34554, 44.64765], [-123.3465, 44.64794], [-123.34782, 44.64782], [-123.34808, 44.64829], [-123.3489, 44.64885], [-123.34978, 44.64989], [-123.35084, 44.65008], [-123.35134, 44.64991], [-123.35171, 44.65013], [-123.35166, 44.65055], [-123.35132, 44.6509]]]}, "properties": {"FID": 221, "ACRES": 55.7521930976, "STANDID": "080117", "DF_SITE": 113, "SITE_CLASS": 3, "Age": 62, "Shape__Area": 445890.7265625, "Shape__Length": 3804.037270227864, "Age_Class": null}}, {"type": "Feature", "id": "222", "geometry": {"type": "Polygon", "coordinates": [[[-123.27457, 44.65217], [-123.27373, 44.65203], [-123.27402, 44.65077], [-123.27397, 44.65033], [-123.27379, 44.65021], [-123.27358, 44.65029], [-123.27349, 44.65077], [-123.2732, 44.65111], [-123.27277, 44.6514], [-123.2728, 44.65255], [-123.27246, 44.65237], [-123.27189, 44.65163], [-123.27189, 44.65143], [-123.27244, 44.65097], [-123.27252, 44.65074], [-123.27234, 44.64995], [-123.27263, 44.64951], [-123.27362, 44.64926], [-123.27447, 44.64949], [-123.27421, 44.64994], [-123.27444, 44.651], [-123.27425, 44.65146], [-123.27457, 44.65217]]]}, "properties": {"FID": 222, "ACRES": 9.32775691681, "STANDID": "050502", "DF_SITE": 129, "SITE_CLASS": 2, "Age": 62, "Shape__Area": 74603.4921875, "Shape__Length": 2050.3120763693955, "Age_Class": null}}, {"type": "Feature", "id": "223", "geometry": {"type": "Polygon", "coordinates": [[[-123.27019, 44.65184], [-123.26903, 44.65262], [-123.26745, 44.65147], [-123.26858, 44.65058], [-123.27019, 44.65184]]]}, "properties": {"FID": 223, "ACRES": 5.93820819317, "STANDID": "050216", "DF_SITE": 132, "SITE_CLASS": 2, "Age": 81, "Shape__Area": 47495.3125, "Shape__Length": 885.9347661250185, "Age_Class": null}}, {"type": "Feature", "id": "224", "geometry": {"type": "Polygon", "coordinates": [[[-123.33692, 44.6508], [-123.33652, 44.6508], [-123.33549, 44.65032], [-123.33533, 44.65056], [-123.33477, 44.65055], [-123.33426, 44.65031], [-123.33419, 44.65005], [-123.33384, 44.64986], [-123.33235, 44.64962], [-123.33212, 44.64938], [-123.33156, 44.64942], [-123.33135, 44.64914], [-123.33177, 44.64868], [-123.33172, 44.64851], [-123.33062, 44.64889], [-123.32977, 44.64884], [-123.32949, 44.64877], [-123.32882, 44.64804], [-123.32723, 44.64774], [-123.32705, 44.64783], [-123.3272, 44.64772], [-123.32672, 44.64703], [-123.3264, 44.64684], [-123.32637, 44.64611], [-123.32587, 44.64447], [-123.32528, 44.64416], [-123.3222, 44.64439], [-123.32218, 44.64319], [-123.32289, 44.6435], [-123.32394, 44.64368], [-123.32658, 44.64385], [-123.32699, 44.64407], [-123.32766, 44.645], [-123.32822, 44.64531], [-123.32849, 44.64583], [-123.33039, 44.64574], [-123.33176, 44.6461], [-123.33248, 44.64646], [-123.33458, 44.64698], [-123.33626, 44.64823], [-123.33775, 44.64819], [-123.33832, 44.6478], [-123.33867, 44.64718], [-123.33896, 44.64704], [-123.33966, 44.6469], [-123.3411, 44.64694], [-123.34215, 44.64654], [-123.34255, 44.64665], [-123.34252, 44.64696], [-123.34215, 44.64718], [-123.3419, 44.64784], [-123.34259, 44.64809], [-123.3418, 44.64855], [-123.34194, 44.64891], [-123.34219, 44.64901], [-123.3389, 44.64987], [-123.33765, 44.6503], [-123.33692, 44.6508]]]}, "properties": {"FID": 224, "ACRES": 102.536388646, "STANDID": "080213", "DF_SITE": 126, "SITE_CLASS": 2, "Age": 55, "Shape__Area": 820000.515625, "Shape__Length": 6645.409645555018, "Age_Class": "51-60"}}, {"type": "Feature", "id": "225", "geometry": {"type": "Polygon", "coordinates": [[[-123.33652, 44.65079], [-123.33357, 44.65078], [-123.33093, 44.64969], [-123.32847, 44.64909], [-123.32798, 44.64836], [-123.32699, 44.64786], [-123.32723, 44.64774], [-123.32882, 44.64804], [-123.32949, 44.64877], [-123.32977, 44.64884], [-123.33062, 44.64889], [-123.33172, 44.64851], [-123.33177, 44.64868], [-123.33135, 44.64914], [-123.33156, 44.64942], [-123.33212, 44.64938], [-123.33235, 44.64962], [-123.33384, 44.64986], [-123.33419, 44.65005], [-123.33426, 44.65031], [-123.33477, 44.65055], [-123.33533, 44.65056], [-123.33549, 44.65032], [-123.33652, 44.65079]]]}, "properties": {"FID": 225, "ACRES": 13.3261979554, "STANDID": "080202", "DF_SITE": 105, "SITE_CLASS": 3, "Age": 65, "Shape__Area": 106578, "Shape__Length": 2724.0220367436127, "Age_Class": null}}, {"type": "Feature", "id": "226", "geometry": {"type": "Polygon", "coordinates": [[[-123.32771, 44.65078], [-123.32747, 44.65047], [-123.32598, 44.65002], [-123.32379, 44.64875], [-123.32313, 44.64601], [-123.32222, 44.64571], [-123.3222, 44.64439], [-123.32487, 44.64415], [-123.32557, 44.64423], [-123.32587, 44.64447], [-123.32637, 44.64611], [-123.3264, 44.64684], [-123.32672, 44.64703], [-123.3272, 44.64772], [-123.32699, 44.64786], [-123.32798, 44.64836], [-123.32847, 44.64909], [-123.33093, 44.64969], [-123.33357, 44.65078], [-123.32771, 44.65078]]]}, "properties": {"FID": 226, "ACRES": 58.4062913775, "STANDID": "080308", "DF_SITE": 106, "SITE_CLASS": 3, "Age": 66, "Shape__Area": 467086.0859375, "Shape__Length": 3873.1237180133976, "Age_Class": null}}, {"type": "Feature", "id": "227", "geometry": {"type": "Polygon", "coordinates": [[[-123.275, 44.6522], [-123.27457, 44.65217], [-123.27434, 44.65186], [-123.27425, 44.65146], [-123.27444, 44.651], [-123.27421, 44.64994], [-123.27432, 44.64961], [-123.27447, 44.64949], [-123.2765, 44.65003], [-123.27749, 44.64835], [-123.27791, 44.64827], [-123.27909, 44.64845], [-123.27901, 44.64947], [-123.27876, 44.64977], [-123.27706, 44.65091], [-123.27613, 44.65192], [-123.275, 44.6522]]]}, "properties": {"FID": 227, "ACRES": 20.4912186093, "STANDID": "050514", "DF_SITE": 125, "SITE_CLASS": 2, "Age": 75, "Shape__Area": 163886.4609375, "Shape__Length": 2010.3474944900802, "Age_Class": null}}, {"type": "Feature", "id": "228", "geometry": {"type": "Polygon", "coordinates": [[[-123.32231, 44.65079], [-123.32222, 44.64571], [-123.32313, 44.64601], [-123.32379, 44.64875], [-123.32598, 44.65002], [-123.32747, 44.65047], [-123.32771, 44.65078], [-123.32231, 44.65079]]]}, "properties": {"FID": 228, "ACRES": 22.6174582187, "STANDID": "080301", "DF_SITE": 121, "SITE_CLASS": 2, "Age": 70, "Shape__Area": 180882.65625, "Shape__Length": 2505.8607934784363, "Age_Class": null}}, {"type": "Feature", "id": "229", "geometry": {"type": "Polygon", "coordinates": [[[-123.26624, 44.65223], [-123.26543, 44.65172], [-123.26596, 44.6513], [-123.26568, 44.65095], [-123.26707, 44.64997], [-123.26904, 44.64995], [-123.26981, 44.64979], [-123.26624, 44.65223]]]}, "properties": {"FID": 229, "ACRES": 9.23739127519, "STANDID": "050507", "DF_SITE": 138, "SITE_CLASS": 1, "Age": 83, "Shape__Area": 73880.9765625, "Shape__Length": 1369.5449780820218, "Age_Class": null}}, {"type": "Feature", "id": "230", "geometry": {"type": "Polygon", "coordinates": [[[-123.2702, 44.65168], [-123.26858, 44.65058], [-123.2698, 44.64982], [-123.27142, 44.65083], [-123.2702, 44.65168]]]}, "properties": {"FID": 230, "ACRES": 5.66725665003, "STANDID": "050217", "DF_SITE": 138, "SITE_CLASS": 1, "Age": 79, "Shape__Area": 45326.765625, "Shape__Length": 861.5437432047406, "Age_Class": null}}, {"type": "Feature", "id": "231", "geometry": {"type": "Polygon", "coordinates": [[[-123.26467, 44.65127], [-123.26557, 44.65041], [-123.26763, 44.6498], [-123.26849, 44.64968], [-123.26901, 44.64871], [-123.26952, 44.6486], [-123.26974, 44.648], [-123.27, 44.6478], [-123.27014, 44.64742], [-123.27046, 44.64724], [-123.27056, 44.6469], [-123.27148, 44.64689], [-123.27148, 44.64564], [-123.27293, 44.64595], [-123.27296, 44.64572], [-123.27408, 44.64638], [-123.2756, 44.64697], [-123.27563, 44.64713], [-123.2735, 44.64653], [-123.27219, 44.64887], [-123.27362, 44.64926], [-123.27325, 44.64941], [-123.27252, 44.64946], [-123.27172, 44.64874], [-123.27066, 44.64945], [-123.26976, 44.64981], [-123.26707, 44.64997], [-123.26574, 44.65091], [-123.26467, 44.65127]]]}, "properties": {"FID": 231, "ACRES": 26.3696398711, "STANDID": "050603", "DF_SITE": 130, "SITE_CLASS": 2, "Age": 72, "Shape__Area": 210885.328125, "Shape__Length": 3971.1087366789134, "Age_Class": null}}, {"type": "Feature", "id": "232", "geometry": {"type": "Polygon", "coordinates": [[[-123.34335, 44.64907], [-123.34269, 44.64921], [-123.34205, 44.649], [-123.34181, 44.64866], [-123.34259, 44.64809], [-123.3419, 44.64784], [-123.34215, 44.64718], [-123.34256, 44.64688], [-123.34245, 44.64659], [-123.3418, 44.64659], [-123.3411, 44.64694], [-123.33966, 44.6469], [-123.33896, 44.64704], [-123.33846, 44.64751], [-123.3379, 44.64697], [-123.33791, 44.64672], [-123.33869, 44.64609], [-123.33881, 44.64557], [-123.33947, 44.6455], [-123.34086, 44.64569], [-123.34324, 44.64572], [-123.34488, 44.64514], [-123.34535, 44.64513], [-123.34619, 44.64533], [-123.34693, 44.64587], [-123.34772, 44.64725], [-123.34782, 44.64782], [-123.3465, 44.64794], [-123.3454, 44.64767], [-123.34487, 44.64813], [-123.34383, 44.64844], [-123.34335, 44.64907]]]}, "properties": {"FID": 232, "ACRES": 43.1376473746, "STANDID": "080103", "DF_SITE": 105, "SITE_CLASS": 3, "Age": 73, "Shape__Area": 344968.5859375, "Shape__Length": 3478.1947771193004, "Age_Class": null}}, {"type": "Feature", "id": "233", "geometry": {"type": "Polygon", "coordinates": [[[-123.2765, 44.65003], [-123.27438, 44.64946], [-123.27503, 44.6483], [-123.27717, 44.64889], [-123.2765, 44.65003]]]}, "properties": {"FID": 233, "ACRES": 6.15882674658, "STANDID": "050510", "DF_SITE": 122, "SITE_CLASS": 2, "Age": 76, "Shape__Area": 49255.578125, "Shape__Length": 895.6881138847083, "Age_Class": null}}, {"type": "Feature", "id": "234", "geometry": {"type": "Polygon", "coordinates": [[[-123.33846, 44.64751], [-123.33832, 44.6478], [-123.33775, 44.64819], [-123.33626, 44.64823], [-123.33458, 44.64698], [-123.33248, 44.64646], [-123.33176, 44.6461], [-123.33039, 44.64574], [-123.32849, 44.64583], [-123.32822, 44.64531], [-123.32766, 44.645], [-123.32699, 44.64407], [-123.32614, 44.64373], [-123.3257, 44.64373], [-123.32567, 44.64343], [-123.3269, 44.6434], [-123.32735, 44.64367], [-123.32761, 44.64351], [-123.32841, 44.64364], [-123.32886, 44.64347], [-123.32993, 44.64362], [-123.33176, 44.64309], [-123.33209, 44.64326], [-123.33236, 44.64316], [-123.333, 44.6433], [-123.33381, 44.64371], [-123.33443, 44.64427], [-123.33536, 44.6445], [-123.33584, 44.64488], [-123.3366, 44.64495], [-123.33795, 44.64547], [-123.33881, 44.64557], [-123.33869, 44.64609], [-123.33791, 44.64672], [-123.3379, 44.64697], [-123.33846, 44.64751]]]}, "properties": {"FID": 234, "ACRES": 66.8208136058, "STANDID": "080214", "DF_SITE": 124, "SITE_CLASS": 2, "Age": 55, "Shape__Area": 534334.7421875, "Shape__Length": 3889.9590010246943, "Age_Class": "51-60"}}, {"type": "Feature", "id": "235", "geometry": {"type": "Polygon", "coordinates": [[[-123.27939, 44.64846], [-123.27791, 44.64827], [-123.27749, 44.64835], [-123.27785, 44.64775], [-123.27563, 44.64713], [-123.27533, 44.64678], [-123.27408, 44.64638], [-123.27302, 44.64579], [-123.27252, 44.6448], [-123.27315, 44.64462], [-123.27459, 44.64468], [-123.27644, 44.64438], [-123.27687, 44.64468], [-123.27809, 44.64486], [-123.27983, 44.64479], [-123.27977, 44.64532], [-123.2792, 44.64516], [-123.27879, 44.64522], [-123.27952, 44.64556], [-123.2802, 44.64612], [-123.28052, 44.64645], [-123.28058, 44.64686], [-123.28164, 44.64757], [-123.28163, 44.64939], [-123.28084, 44.64894], [-123.27984, 44.64888], [-123.27939, 44.64846]]]}, "properties": {"FID": 235, "ACRES": 48.6116728264, "STANDID": "050413", "DF_SITE": 112, "SITE_CLASS": 3, "Age": 72, "Shape__Area": 388739.015625, "Shape__Length": 3304.1578090181897, "Age_Class": null}}, {"type": "Feature", "id": "236", "geometry": {"type": "Polygon", "coordinates": [[[-123.27438, 44.64946], [-123.27219, 44.64887], [-123.27285, 44.64769], [-123.27503, 44.6483], [-123.27438, 44.64946]]]}, "properties": {"FID": 236, "ACRES": 6.46272642882, "STANDID": "050511", "DF_SITE": 115, "SITE_CLASS": 2, "Age": 76, "Shape__Area": 51685.234375, "Shape__Length": 917.5352936258942, "Age_Class": null}}, {"type": "Feature", "id": "237", "geometry": {"type": "Polygon", "coordinates": [[[-123.27717, 44.64889], [-123.27503, 44.6483], [-123.27567, 44.64714], [-123.27785, 44.64775], [-123.27717, 44.64889]]]}, "properties": {"FID": 237, "ACRES": 6.28286672486, "STANDID": "050512", "DF_SITE": 118, "SITE_CLASS": 2, "Age": 79, "Shape__Area": 50245.7109375, "Shape__Length": 905.6141867719074, "Age_Class": null}}, {"type": "Feature", "id": "238", "geometry": {"type": "Polygon", "coordinates": [[[-123.27503, 44.6483], [-123.27285, 44.64769], [-123.2735, 44.64653], [-123.27567, 44.64714], [-123.27503, 44.6483]]]}, "properties": {"FID": 238, "ACRES": 6.35284955666, "STANDID": "050513", "DF_SITE": 125, "SITE_CLASS": 2, "Age": 73, "Shape__Area": 50804.1953125, "Shape__Length": 911.024124435265, "Age_Class": null}}, {"type": "Feature", "id": "239", "geometry": {"type": "Polygon", "coordinates": [[[-123.34353, 44.64559], [-123.34324, 44.64572], [-123.33873, 44.64556], [-123.33854, 44.64545], [-123.33854, 44.6452], [-123.33885, 44.64482], [-123.33856, 44.6447], [-123.33793, 44.64483], [-123.33489, 44.64417], [-123.33305, 44.64306], [-123.33134, 44.64263], [-123.33401, 44.64214], [-123.33454, 44.64286], [-123.33479, 44.64298], [-123.33543, 44.64298], [-123.33612, 44.64271], [-123.33657, 44.64277], [-123.33742, 44.64348], [-123.33858, 44.64345], [-123.33914, 44.64368], [-123.34008, 44.6447], [-123.3405, 44.64482], [-123.34228, 44.64477], [-123.34353, 44.64559]]]}, "properties": {"FID": 239, "ACRES": 28.1669656139, "STANDID": "080210", "DF_SITE": 145, "SITE_CLASS": 1, "Age": 73, "Shape__Area": 225227.7265625, "Shape__Length": 3307.2076656349072, "Age_Class": null}}, {"type": "Feature", "id": "240", "geometry": {"type": "Polygon", "coordinates": [[[-123.3453, 44.64513], [-123.34353, 44.64559], [-123.34228, 44.64477], [-123.34472, 44.64452], [-123.345, 44.64434], [-123.34542, 44.64316], [-123.34531, 44.64269], [-123.34473, 44.6424], [-123.34406, 44.64093], [-123.34538, 44.64089], [-123.34757, 44.64166], [-123.34852, 44.64239], [-123.34785, 44.64347], [-123.3469, 44.64446], [-123.3453, 44.64513]]]}, "properties": {"FID": 240, "ACRES": 26.3972870737, "STANDID": "080118", "DF_SITE": 144, "SITE_CLASS": 1, "Age": 66, "Shape__Area": 211070.2265625, "Shape__Length": 2472.713947308604, "Age_Class": null}}, {"type": "Feature", "id": "241", "geometry": {"type": "Polygon", "coordinates": [[[-123.33584, 44.64488], [-123.33536, 44.6445], [-123.33443, 44.64427], [-123.33381, 44.64371], [-123.333, 44.6433], [-123.33236, 44.64316], [-123.33216, 44.64326], [-123.33163, 44.64311], [-123.32993, 44.64362], [-123.32886, 44.64347], [-123.32841, 44.64364], [-123.32761, 44.64351], [-123.32735, 44.64367], [-123.3269, 44.6434], [-123.32585, 44.64333], [-123.32567, 44.64343], [-123.3257, 44.64373], [-123.3253, 44.64383], [-123.32289, 44.6435], [-123.32218, 44.64319], [-123.32315, 44.64304], [-123.32946, 44.64305], [-123.32995, 44.64288], [-123.33036, 44.64252], [-123.33073, 44.64252], [-123.33305, 44.64306], [-123.33489, 44.64417], [-123.33793, 44.64483], [-123.33856, 44.6447], [-123.33885, 44.64482], [-123.33854, 44.6452], [-123.33863, 44.6455], [-123.33795, 44.64547], [-123.3366, 44.64495], [-123.33584, 44.64488]]]}, "properties": {"FID": 241, "ACRES": 17.0681465141, "STANDID": "080211", "DF_SITE": 118, "SITE_CLASS": 2, "Age": 73, "Shape__Area": 136477.7265625, "Shape__Length": 4262.851653485018, "Age_Class": null}}, {"type": "Feature", "id": "242", "geometry": {"type": "Polygon", "coordinates": [[[-123.28654, 44.64673], [-123.28332, 44.64673], [-123.28299, 44.6464], [-123.28191, 44.64646], [-123.28087, 44.64563], [-123.27976, 44.64527], [-123.27977, 44.64323], [-123.27998, 44.64275], [-123.27964, 44.64195], [-123.27843, 44.64133], [-123.27898, 44.64105], [-123.28017, 44.64139], [-123.28098, 44.64079], [-123.28309, 44.6411], [-123.28363, 44.64094], [-123.28451, 44.64125], [-123.28547, 44.64107], [-123.28563, 44.6416], [-123.28641, 44.6421], [-123.28668, 44.64252], [-123.2864, 44.64308], [-123.28508, 44.64339], [-123.2851, 44.64419], [-123.28518, 44.64445], [-123.28658, 44.64473], [-123.28654, 44.64673]]]}, "properties": {"FID": 242, "ACRES": 73.6508962145, "STANDID": "050706", "DF_SITE": 129, "SITE_CLASS": 2, "Age": 83, "Shape__Area": 588917.5, "Shape__Length": 3668.7023073243963, "Age_Class": null}}, {"type": "Feature", "id": "243", "geometry": {"type": "Polygon", "coordinates": [[[-123.34228, 44.64477], [-123.34025, 44.64476], [-123.33974, 44.64446], [-123.33937, 44.64393], [-123.34003, 44.64365], [-123.34034, 44.64328], [-123.34146, 44.64267], [-123.34072, 44.6424], [-123.34048, 44.64129], [-123.34078, 44.64035], [-123.34131, 44.63977], [-123.34179, 44.63996], [-123.34158, 44.64027], [-123.34167, 44.64063], [-123.34128, 44.64116], [-123.34119, 44.64173], [-123.34318, 44.64109], [-123.34354, 44.64147], [-123.34462, 44.64206], [-123.34473, 44.6424], [-123.34531, 44.64269], [-123.34541, 44.64309], [-123.345, 44.64434], [-123.34472, 44.64452], [-123.34228, 44.64477]], [[-123.3425, 44.64247], [-123.34296, 44.64297], [-123.34325, 44.64242], [-123.34282, 44.64229], [-123.34272, 44.64212], [-123.3425, 44.64247]]]}, "properties": {"FID": 243, "ACRES": 34.539499267, "STANDID": "080411", "DF_SITE": 133, "SITE_CLASS": 2, "Age": 71, "Shape__Area": 276173.7734375, "Shape__Length": 3153.9447687174475, "Age_Class": null}}, {"type": "Feature", "id": "244", "geometry": {"type": "Polygon", "coordinates": [[[-123.27296, 44.64572], [-123.27293, 44.64595], [-123.27148, 44.64564], [-123.27146, 44.64222], [-123.27177, 44.64143], [-123.27246, 44.64149], [-123.2732, 44.6412], [-123.27387, 44.64167], [-123.27422, 44.64168], [-123.2748, 44.64145], [-123.27446, 44.64118], [-123.27466, 44.64093], [-123.27526, 44.64136], [-123.27602, 44.64144], [-123.27652, 44.64139], [-123.27696, 44.64098], [-123.27748, 44.64082], [-123.27805, 44.64073], [-123.27866, 44.64098], [-123.27865, 44.64123], [-123.27843, 44.64133], [-123.27861, 44.64143], [-123.27778, 44.6421], [-123.27666, 44.64225], [-123.27684, 44.64313], [-123.27677, 44.64391], [-123.27726, 44.64452], [-123.27713, 44.64471], [-123.27644, 44.64438], [-123.27459, 44.64468], [-123.27355, 44.64459], [-123.27265, 44.64473], [-123.27252, 44.6448], [-123.27296, 44.64572]]]}, "properties": {"FID": 244, "ACRES": 44.5938488705, "STANDID": "050810", "DF_SITE": 114, "SITE_CLASS": 3, "Age": 73, "Shape__Area": 356567, "Shape__Length": 3403.798101206272, "Age_Class": null}}, {"type": "Feature", "id": "245", "geometry": {"type": "Polygon", "coordinates": [[[-123.34146, 44.64267], [-123.33937, 44.64393], [-123.33858, 44.64345], [-123.33742, 44.64348], [-123.33766, 44.64319], [-123.33723, 44.64269], [-123.33839, 44.64242], [-123.33901, 44.64175], [-123.33966, 44.64156], [-123.34012, 44.64115], [-123.34057, 44.64098], [-123.34048, 44.64129], [-123.34072, 44.6424], [-123.34146, 44.64267]]]}, "properties": {"FID": 245, "ACRES": 12.4019247018, "STANDID": "080413", "DF_SITE": 138, "SITE_CLASS": 1, "Age": 74, "Shape__Area": 99163.0078125, "Shape__Length": 1524.808842395742, "Age_Class": null}}, {"type": "Feature", "id": "246", "geometry": {"type": "Polygon", "coordinates": [[[-123.28659, 44.64314], [-123.28658, 44.64473], [-123.28518, 44.64445], [-123.28508, 44.64339], [-123.28641, 44.64306], [-123.28659, 44.64314]]]}, "properties": {"FID": 246, "ACRES": 4.43536655114, "STANDID": "050707", "DF_SITE": 113, "SITE_CLASS": 0, "Age": 83, "Shape__Area": 35465.6953125, "Shape__Length": 774.0593349603225, "Age_Class": null}}, {"type": "Feature", "id": "247", "geometry": {"type": "Polygon", "coordinates": [[[-123.33763, 44.64311], [-123.33742, 44.64348], [-123.33644, 44.64274], [-123.33479, 44.64298], [-123.33454, 44.64286], [-123.33401, 44.64214], [-123.33272, 44.64242], [-123.3328, 44.64211], [-123.3326, 44.64146], [-123.33192, 44.64128], [-123.33321, 44.64041], [-123.33438, 44.64011], [-123.33461, 44.63984], [-123.33467, 44.6394], [-123.33588, 44.63957], [-123.33603, 44.63965], [-123.3352, 44.64043], [-123.33523, 44.64071], [-123.3358, 44.64126], [-123.33714, 44.6419], [-123.33731, 44.64244], [-123.33723, 44.6428], [-123.33763, 44.64311]]]}, "properties": {"FID": 247, "ACRES": 21.4694655244, "STANDID": "080412", "DF_SITE": 144, "SITE_CLASS": 1, "Age": 70, "Shape__Area": 171658.2421875, "Shape__Length": 2311.5128691698283, "Age_Class": null}}, {"type": "Feature", "id": "248", "geometry": {"type": "Polygon", "coordinates": [[[-123.32963, 44.64302], [-123.32315, 44.64304], [-123.32218, 44.64319], [-123.32212, 44.63919], [-123.32357, 44.63841], [-123.32369, 44.63821], [-123.32299, 44.63768], [-123.32353, 44.6372], [-123.32348, 44.63689], [-123.32211, 44.63619], [-123.32185, 44.63586], [-123.32656, 44.63589], [-123.32662, 44.63614], [-123.32725, 44.63645], [-123.32715, 44.63694], [-123.3274, 44.637], [-123.32785, 44.63872], [-123.32755, 44.6391], [-123.32721, 44.63867], [-123.32703, 44.6387], [-123.32705, 44.63927], [-123.32652, 44.63983], [-123.32638, 44.63972], [-123.32646, 44.63891], [-123.32678, 44.63844], [-123.32645, 44.63767], [-123.32659, 44.6369], [-123.32604, 44.63712], [-123.32564, 44.63643], [-123.3246, 44.63596], [-123.32411, 44.63611], [-123.32465, 44.63655], [-123.32526, 44.63679], [-123.32556, 44.63731], [-123.32524, 44.63803], [-123.32532, 44.63895], [-123.32468, 44.63926], [-123.32471, 44.63959], [-123.32586, 44.63989], [-123.3261, 44.64015], [-123.32613, 44.64062], [-123.32737, 44.64019], [-123.3274, 44.63989], [-123.32811, 44.63985], [-123.32779, 44.63948], [-123.32883, 44.63893], [-123.32948, 44.63811], [-123.33199, 44.63825], [-123.33537, 44.63818], [-123.33426, 44.6394], [-123.3319, 44.64095], [-123.33093, 44.64173], [-123.33054, 44.64222], [-123.33053, 44.6425], [-123.32963, 44.64302]], [[-123.32843, 44.64103], [-123.32759, 44.64136], [-123.32743, 44.64156], [-123.32742, 44.64191], [-123.32784, 44.64196], [-123.329, 44.64262], [-123.32961, 44.64246], [-123.3297, 44.6421], [-123.32938, 44.64206], [-123.32903, 44.6414], [-123.32843, 44.64103]]]}, "properties": {"FID": 248, "ACRES": 109.518417375, "STANDID": "080508", "DF_SITE": 109, "SITE_CLASS": 3, "Age": 66, "Shape__Area": 875605.1953125, "Shape__Length": 8628.860272336997, "Age_Class": null}}, {"type": "Feature", "id": "249", "geometry": {"type": "Polygon", "coordinates": [[[-123.33839, 44.64242], [-123.33723, 44.64269], [-123.33728, 44.64231], [-123.33699, 44.64175], [-123.33765, 44.64133], [-123.33771, 44.64086], [-123.33815, 44.64087], [-123.33833, 44.64038], [-123.33794, 44.64016], [-123.3377, 44.63976], [-123.33729, 44.63984], [-123.3372, 44.63924], [-123.33777, 44.63927], [-123.338, 44.63903], [-123.33807, 44.63862], [-123.3384, 44.63843], [-123.33939, 44.63836], [-123.33964, 44.638], [-123.34017, 44.63797], [-123.34056, 44.63775], [-123.34142, 44.63773], [-123.34093, 44.63793], [-123.34106, 44.6381], [-123.34137, 44.63812], [-123.34009, 44.63881], [-123.33928, 44.63894], [-123.33819, 44.63984], [-123.3385, 44.64011], [-123.3395, 44.63983], [-123.34095, 44.63867], [-123.34099, 44.63932], [-123.34131, 44.63977], [-123.34078, 44.64035], [-123.34057, 44.64098], [-123.34012, 44.64115], [-123.33966, 44.64156], [-123.33901, 44.64175], [-123.33839, 44.64242]]]}, "properties": {"FID": 249, "ACRES": 21.7780640989, "STANDID": "080417", "DF_SITE": 119, "SITE_CLASS": 2, "Age": 66, "Shape__Area": 174117.5703125, "Shape__Length": 3278.879439584159, "Age_Class": null}}, {"type": "Feature", "id": "250", "geometry": {"type": "Polygon", "coordinates": [[[-123.34852, 44.64239], [-123.34757, 44.64166], [-123.34618, 44.64119], [-123.3461, 44.64101], [-123.34696, 44.64081], [-123.34713, 44.64029], [-123.34814, 44.63998], [-123.34865, 44.63937], [-123.34934, 44.63924], [-123.34953, 44.64054], [-123.34941, 44.64114], [-123.34852, 44.64239]]]}, "properties": {"FID": 250, "ACRES": 11.8084163702, "STANDID": "080120", "DF_SITE": 122, "SITE_CLASS": 2, "Age": 62, "Shape__Area": 94411.4609375, "Shape__Length": 1391.999878690482, "Age_Class": null}}, {"type": "Feature", "id": "251", "geometry": {"type": "Polygon", "coordinates": [[[-123.31472, 44.64312], [-123.31395, 44.64288], [-123.31365, 44.64232], [-123.31335, 44.64243], [-123.31306, 44.64227], [-123.31266, 44.64164], [-123.31237, 44.64043], [-123.3125, 44.63933], [-123.31242, 44.63858], [-123.31273, 44.63793], [-123.31313, 44.63622], [-123.31357, 44.63583], [-123.31621, 44.63584], [-123.31548, 44.63657], [-123.31439, 44.6373], [-123.31452, 44.63817], [-123.3157, 44.63842], [-123.31632, 44.63877], [-123.31742, 44.63813], [-123.31758, 44.63774], [-123.31777, 44.63774], [-123.31799, 44.63806], [-123.31888, 44.63754], [-123.31912, 44.63772], [-123.31985, 44.6378], [-123.31978, 44.63791], [-123.3202, 44.63869], [-123.31995, 44.63909], [-123.32012, 44.6395], [-123.31714, 44.63949], [-123.31719, 44.64313], [-123.31472, 44.64312]]]}, "properties": {"FID": 251, "ACRES": 66.5307065696, "STANDID": "080603", "DF_SITE": 106, "SITE_CLASS": 3, "Age": 260, "Shape__Area": 531910.703125, "Shape__Length": 4329.566204063198, "Age_Class": null}}, {"type": "Feature", "id": "252", "geometry": {"type": "Polygon", "coordinates": [[[-123.33134, 44.64263], [-123.33036, 44.64252], [-123.33053, 44.6425], [-123.33054, 44.64222], [-123.33093, 44.64173], [-123.33171, 44.64111], [-123.33193, 44.64129], [-123.33255, 44.64139], [-123.3328, 44.64211], [-123.33272, 44.64242], [-123.33134, 44.64263]]]}, "properties": {"FID": 252, "ACRES": 5.04211415067, "STANDID": "080415", "DF_SITE": 136, "SITE_CLASS": 1, "Age": 75, "Shape__Area": 40314.6953125, "Shape__Length": 837.277951903554, "Age_Class": null}}, {"type": "Feature", "id": "253", "geometry": {"type": "Polygon", "coordinates": [[[-123.31274, 44.64311], [-123.30877, 44.64311], [-123.30887, 44.64243], [-123.30826, 44.64213], [-123.30778, 44.64156], [-123.30714, 44.64115], [-123.30664, 44.64048], [-123.30756, 44.64066], [-123.30868, 44.64134], [-123.3093, 44.64209], [-123.30921, 44.64258], [-123.30946, 44.64299], [-123.31113, 44.64299], [-123.31155, 44.64284], [-123.31177, 44.64214], [-123.31141, 44.64113], [-123.31161, 44.64085], [-123.31129, 44.64041], [-123.3113, 44.63995], [-123.31252, 44.63665], [-123.31264, 44.63582], [-123.31357, 44.63583], [-123.31313, 44.63622], [-123.31239, 44.63879], [-123.3125, 44.63933], [-123.31243, 44.64101], [-123.31286, 44.64198], [-123.31335, 44.64243], [-123.31317, 44.64246], [-123.31328, 44.64269], [-123.31292, 44.64283], [-123.31274, 44.64311]]]}, "properties": {"FID": 253, "ACRES": 19.5942971009, "STANDID": "060101", "DF_SITE": 88, "SITE_CLASS": 4, "Age": 187, "Shape__Area": 156659.859375, "Shape__Length": 4271.062955448137, "Age_Class": null}}, {"type": "Feature", "id": "254", "geometry": {"type": "Polygon", "coordinates": [[[-123.32843, 44.64103], [-123.32903, 44.6414], [-123.32938, 44.64206], [-123.3297, 44.6421], [-123.32961, 44.64246], [-123.329, 44.64262], [-123.32784, 44.64196], [-123.32742, 44.64191], [-123.32743, 44.64156], [-123.32759, 44.64136], [-123.32843, 44.64103]]]}, "properties": {"FID": 254, "ACRES": 4.5708092887, "STANDID": "080507", "DF_SITE": 107, "SITE_CLASS": 4, "Age": 29, "Shape__Area": 36546.0703125, "Shape__Length": 785.1109825767679, "Age_Class": "21-35"}}, {"type": "Feature", "id": "255", "geometry": {"type": "Polygon", "coordinates": [[[-123.30877, 44.64311], [-123.30528, 44.64311], [-123.30509, 44.64223], [-123.30666, 44.64142], [-123.30677, 44.64109], [-123.30647, 44.64105], [-123.30661, 44.64044], [-123.30714, 44.64115], [-123.30778, 44.64156], [-123.30826, 44.64213], [-123.30889, 44.64246], [-123.30877, 44.64311]]]}, "properties": {"FID": 255, "ACRES": 11.5204500883, "STANDID": "060102", "DF_SITE": 93, "SITE_CLASS": 4, "Age": 141, "Shape__Area": 92113.4375, "Shape__Length": 1472.4437866686976, "Age_Class": null}}, {"type": "Feature", "id": "256", "geometry": {"type": "Polygon", "coordinates": [[[-123.3093, 44.64209], [-123.30872, 44.64152], [-123.3086, 44.64108], [-123.30894, 44.64076], [-123.31061, 44.64093], [-123.31161, 44.64085], [-123.31141, 44.64113], [-123.31164, 44.64151], [-123.31178, 44.64242], [-123.31155, 44.64284], [-123.31113, 44.64299], [-123.30966, 44.64304], [-123.30929, 44.64281], [-123.3093, 44.64209]]]}, "properties": {"FID": 256, "ACRES": 12.1167187694, "STANDID": "060104", "DF_SITE": 106, "SITE_CLASS": 3, "Age": 159, "Shape__Area": 96879.9921875, "Shape__Length": 1273.7407420852487, "Age_Class": null}}, {"type": "Feature", "id": "257", "geometry": {"type": "Polygon", "coordinates": [[[-123.30528, 44.64311], [-123.30142, 44.64312], [-123.29934, 44.64221], [-123.3013, 44.64286], [-123.30236, 44.64263], [-123.30264, 44.64272], [-123.3035, 44.64212], [-123.30471, 44.64209], [-123.30509, 44.64223], [-123.30528, 44.64311]]]}, "properties": {"FID": 257, "ACRES": 6.40886900275, "STANDID": "060103", "DF_SITE": 114, "SITE_CLASS": 3, "Age": 49, "Shape__Area": 51243.6015625, "Shape__Length": 1590.9619463521876, "Age_Class": "36-50"}}, {"type": "Feature", "id": "258", "geometry": {"type": "Polygon", "coordinates": [[[-123.34462, 44.64206], [-123.34354, 44.64147], [-123.34319, 44.64113], [-123.34282, 44.64034], [-123.34243, 44.64017], [-123.34279, 44.63984], [-123.34261, 44.63929], [-123.34291, 44.6388], [-123.34319, 44.63882], [-123.34332, 44.63932], [-123.3438, 44.63981], [-123.34407, 44.64098], [-123.34462, 44.64206]]]}, "properties": {"FID": 258, "ACRES": 5.61578164188, "STANDID": "080121", "DF_SITE": 152, "SITE_CLASS": 1, "Age": 61, "Shape__Area": 44898.9375, "Shape__Length": 1234.9930057039683, "Age_Class": null}}, {"type": "Feature", "id": "259", "geometry": {"type": "Polygon", "coordinates": [[[-123.29564, 44.64313], [-123.29486, 44.64312], [-123.29189, 44.64314], [-123.29235, 44.64257], [-123.29293, 44.64232], [-123.29284, 44.64189], [-123.29325, 44.64178], [-123.29343, 44.64194], [-123.29422, 44.64192], [-123.29461, 44.64229], [-123.29466, 44.64296], [-123.29556, 44.64295], [-123.29564, 44.64313]]]}, "properties": {"FID": 259, "ACRES": 6.05523272004, "STANDID": "050902", "DF_SITE": 122, "SITE_CLASS": 2, "Age": 48, "Shape__Area": 48415.921875, "Shape__Length": 1152.126139672961, "Age_Class": "36-50"}}, {"type": "Feature", "id": "260", "geometry": {"type": "Polygon", "coordinates": [[[-123.29189, 44.64314], [-123.29072, 44.64314], [-123.28976, 44.6421], [-123.28982, 44.64182], [-123.29051, 44.6414], [-123.29167, 44.64188], [-123.29284, 44.64189], [-123.29293, 44.64232], [-123.29235, 44.64257], [-123.29189, 44.64314]]]}, "properties": {"FID": 260, "ACRES": 7.34833953716, "STANDID": "050903", "DF_SITE": 119, "SITE_CLASS": 2, "Age": 202, "Shape__Area": 58754.953125, "Shape__Length": 1015.4690613768914, "Age_Class": null}}, {"type": "Feature", "id": "261", "geometry": {"type": "Polygon", "coordinates": [[[-123.29072, 44.64314], [-123.28641, 44.64306], [-123.28668, 44.64252], [-123.28659, 44.64225], [-123.28563, 44.6416], [-123.28543, 44.6412], [-123.28563, 44.6409], [-123.28701, 44.6404], [-123.28872, 44.64032], [-123.28902, 44.64004], [-123.28921, 44.63929], [-123.28973, 44.63908], [-123.29054, 44.63901], [-123.29179, 44.63958], [-123.29183, 44.64021], [-123.29145, 44.64011], [-123.29128, 44.64027], [-123.29117, 44.64113], [-123.29177, 44.64188], [-123.29051, 44.6414], [-123.28976, 44.64191], [-123.28978, 44.64213], [-123.29072, 44.64314]]]}, "properties": {"FID": 261, "ACRES": 33.8029316841, "STANDID": "050904", "DF_SITE": 111, "SITE_CLASS": 3, "Age": 237, "Shape__Area": 270266.8046875, "Shape__Length": 2724.793494517706, "Age_Class": null}}, {"type": "Feature", "id": "262", "geometry": {"type": "Polygon", "coordinates": [[[-123.30509, 44.64223], [-123.30471, 44.64209], [-123.3035, 44.64212], [-123.30264, 44.64272], [-123.30236, 44.64263], [-123.3013, 44.64286], [-123.29984, 44.64241], [-123.30319, 44.64122], [-123.30483, 44.64088], [-123.30551, 44.64088], [-123.30585, 44.6407], [-123.30649, 44.64088], [-123.30658, 44.64114], [-123.30677, 44.64109], [-123.30656, 44.64152], [-123.30509, 44.64223]]]}, "properties": {"FID": 262, "ACRES": 14.1547981036, "STANDID": "060206", "DF_SITE": 121, "SITE_CLASS": 2, "Age": 31, "Shape__Area": 113175.28125, "Shape__Length": 1853.6530588705689, "Age_Class": "21-35"}}, {"type": "Feature", "id": "263", "geometry": {"type": "Polygon", "coordinates": [[[-123.34318, 44.64109], [-123.34213, 44.64151], [-123.34117, 44.6417], [-123.34128, 44.64116], [-123.34167, 44.64063], [-123.34158, 44.64027], [-123.34179, 44.63996], [-123.34282, 44.64034], [-123.34318, 44.64109]]]}, "properties": {"FID": 263, "ACRES": 4.57447380851, "STANDID": "080416", "DF_SITE": 135, "SITE_CLASS": 1, "Age": 70, "Shape__Area": 36574.1796875, "Shape__Length": 807.0267640813161, "Age_Class": null}}, {"type": "Feature", "id": "264", "geometry": {"type": "Polygon", "coordinates": [[[-123.33765, 44.64133], [-123.33699, 44.64175], [-123.3358, 44.64126], [-123.33532, 44.64086], [-123.3352, 44.64043], [-123.33638, 44.63935], [-123.33668, 44.63859], [-123.33809, 44.63851], [-123.33794, 44.63913], [-123.33755, 44.63934], [-123.33723, 44.63921], [-123.33715, 44.63943], [-123.33729, 44.63984], [-123.3377, 44.63976], [-123.33794, 44.64016], [-123.33833, 44.64038], [-123.33829, 44.64055], [-123.33815, 44.64087], [-123.33771, 44.64086], [-123.33765, 44.64133]]]}, "properties": {"FID": 264, "ACRES": 12.8047607548, "STANDID": "080418", "DF_SITE": 108, "SITE_CLASS": 3, "Age": 72, "Shape__Area": 102375.3046875, "Shape__Length": 1609.8493499857084, "Age_Class": null}}, {"type": "Feature", "id": "265", "geometry": {"type": "Polygon", "coordinates": [[[-123.34612, 44.64097], [-123.34639, 44.64127], [-123.34587, 44.64113], [-123.34538, 44.64089], [-123.34406, 44.64093], [-123.34397, 44.6405], [-123.34438, 44.64069], [-123.3446, 44.64062], [-123.34578, 44.63938], [-123.34728, 44.63892], [-123.34777, 44.639], [-123.34806, 44.6388], [-123.34833, 44.63896], [-123.34859, 44.63941], [-123.3482, 44.63992], [-123.34713, 44.64029], [-123.34701, 44.64078], [-123.34612, 44.64097]]]}, "properties": {"FID": 265, "ACRES": 10.8820491229, "STANDID": "080119", "DF_SITE": 114, "SITE_CLASS": 3, "Age": 59, "Shape__Area": 87002.359375, "Shape__Length": 1556.1012622025535, "Age_Class": "51-60"}}, {"type": "Feature", "id": "266", "geometry": {"type": "Polygon", "coordinates": [[[-123.29984, 44.64241], [-123.29879, 44.64198], [-123.29742, 44.6406], [-123.29855, 44.64024], [-123.30062, 44.64005], [-123.30114, 44.63963], [-123.30213, 44.63921], [-123.30236, 44.63893], [-123.30384, 44.63998], [-123.30449, 44.64003], [-123.30505, 44.64053], [-123.30577, 44.6407], [-123.30551, 44.64088], [-123.30491, 44.64086], [-123.30319, 44.64122], [-123.29984, 44.64241]]]}, "properties": {"FID": 266, "ACRES": 28.5622539969, "STANDID": "060207", "DF_SITE": 122, "SITE_CLASS": 2, "Age": 154, "Shape__Area": 228362.3828125, "Shape__Length": 2305.528797916955, "Age_Class": null}}, {"type": "Feature", "id": "267", "geometry": {"type": "Polygon", "coordinates": [[[-123.35339, 44.64052], [-123.35307, 44.64066], [-123.35286, 44.64058], [-123.35045, 44.63928], [-123.35005, 44.63945], [-123.34949, 44.6394], [-123.34918, 44.63925], [-123.34914, 44.63892], [-123.34849, 44.6384], [-123.34804, 44.63851], [-123.34799, 44.63886], [-123.3478, 44.63899], [-123.34728, 44.63892], [-123.34565, 44.63943], [-123.34495, 44.64032], [-123.34438, 44.64069], [-123.34394, 44.64047], [-123.34387, 44.63995], [-123.34337, 44.63939], [-123.34311, 44.63876], [-123.34285, 44.63885], [-123.34263, 44.63923], [-123.34279, 44.63984], [-123.34243, 44.64017], [-123.3412, 44.63969], [-123.34097, 44.63923], [-123.34095, 44.63867], [-123.33966, 44.63976], [-123.3385, 44.64011], [-123.33819, 44.63989], [-123.33928, 44.63894], [-123.34009, 44.63881], [-123.34137, 44.63812], [-123.34171, 44.63813], [-123.34266, 44.63777], [-123.34388, 44.63768], [-123.34395, 44.63793], [-123.34443, 44.63809], [-123.34531, 44.63802], [-123.34634, 44.63825], [-123.34687, 44.63793], [-123.34922, 44.63766], [-123.3534, 44.63759], [-123.35339, 44.64052]]]}, "properties": {"FID": 267, "ACRES": 51.2751497357, "STANDID": "080108", "DF_SITE": 121, "SITE_CLASS": 2, "Age": 67, "Shape__Area": 409931.0390625, "Shape__Length": 5135.171355591533, "Age_Class": null}}, {"type": "Feature", "id": "268", "geometry": {"type": "Polygon", "coordinates": [[[-123.27151, 44.64214], [-123.27145, 44.63922], [-123.28099, 44.63917], [-123.28122, 44.63929], [-123.28124, 44.63946], [-123.28017, 44.63988], [-123.27742, 44.64028], [-123.27609, 44.64028], [-123.27491, 44.64004], [-123.27348, 44.64026], [-123.27315, 44.64052], [-123.2733, 44.64098], [-123.2735, 44.64114], [-123.2745, 44.64113], [-123.2748, 44.64145], [-123.27448, 44.64165], [-123.27387, 44.64167], [-123.2732, 44.6412], [-123.27246, 44.64149], [-123.27177, 44.64143], [-123.27151, 44.64214]]]}, "properties": {"FID": 268, "ACRES": 25.7337130018, "STANDID": "051206", "DF_SITE": 88, "SITE_CLASS": 4, "Age": 85, "Shape__Area": 205742.71875, "Shape__Length": 3387.3195924099514, "Age_Class": null}}, {"type": "Feature", "id": "269", "geometry": {"type": "Polygon", "coordinates": [[[-123.32948, 44.63811], [-123.32883, 44.63893], [-123.32779, 44.63948], [-123.32811, 44.63985], [-123.3274, 44.63989], [-123.32737, 44.64019], [-123.32608, 44.64061], [-123.32613, 44.64029], [-123.32597, 44.63998], [-123.32528, 44.63967], [-123.32476, 44.63965], [-123.32466, 44.63934], [-123.32532, 44.63895], [-123.32524, 44.63803], [-123.32556, 44.63731], [-123.32526, 44.63679], [-123.32465, 44.63655], [-123.32411, 44.63611], [-123.3246, 44.63596], [-123.32564, 44.63643], [-123.32604, 44.63712], [-123.32659, 44.6369], [-123.32645, 44.63767], [-123.32678, 44.63844], [-123.32646, 44.63891], [-123.32647, 44.63982], [-123.32668, 44.63976], [-123.32705, 44.63927], [-123.32707, 44.63867], [-123.32751, 44.63909], [-123.3277, 44.63905], [-123.32787, 44.63857], [-123.32766, 44.63785], [-123.32948, 44.63811]]]}, "properties": {"FID": 269, "ACRES": 16.9238348257, "STANDID": "080503", "DF_SITE": 120, "SITE_CLASS": 2, "Age": 64, "Shape__Area": 135300.109375, "Shape__Length": 3239.515223925424, "Age_Class": null}}, {"type": "Feature", "id": "270", "geometry": {"type": "Polygon", "coordinates": [[[-123.30655, 44.64093], [-123.30505, 44.64053], [-123.30449, 44.64003], [-123.30384, 44.63998], [-123.30318, 44.63939], [-123.30254, 44.63912], [-123.30043, 44.63719], [-123.30037, 44.63671], [-123.30089, 44.63554], [-123.30175, 44.63447], [-123.30235, 44.63409], [-123.30273, 44.63412], [-123.30328, 44.63444], [-123.30418, 44.63445], [-123.30422, 44.6351], [-123.30512, 44.6357], [-123.3052, 44.63607], [-123.30572, 44.63646], [-123.30485, 44.63712], [-123.30491, 44.63748], [-123.30551, 44.63823], [-123.30568, 44.63872], [-123.30514, 44.63897], [-123.30508, 44.63923], [-123.30585, 44.63981], [-123.30636, 44.63988], [-123.30687, 44.64026], [-123.30654, 44.64052], [-123.30655, 44.64093]]]}, "properties": {"FID": 270, "ACRES": 47.4630232311, "STANDID": "060210", "DF_SITE": 121, "SITE_CLASS": 2, "Age": 287, "Shape__Area": 379432.65625, "Shape__Length": 3063.497635937456, "Age_Class": null}}, {"type": "Feature", "id": "271", "geometry": {"type": "Polygon", "coordinates": [[[-123.30676, 44.64034], [-123.30807, 44.63984], [-123.30821, 44.63966], [-123.30803, 44.63925], [-123.30819, 44.63914], [-123.30894, 44.63897], [-123.31066, 44.63947], [-123.31075, 44.63928], [-123.31042, 44.63879], [-123.31112, 44.63899], [-123.31174, 44.63894], [-123.31129, 44.64006], [-123.30997, 44.64062], [-123.30676, 44.64034]]]}, "properties": {"FID": 271, "ACRES": 10.7823195498, "STANDID": "060106", "DF_SITE": 94, "SITE_CLASS": 4, "Age": 38, "Shape__Area": 86204.5078125, "Shape__Length": 1615.0506508147757, "Age_Class": "36-50"}}, {"type": "Feature", "id": "272", "geometry": {"type": "Polygon", "coordinates": [[[-123.28017, 44.64139], [-123.27939, 44.64109], [-123.27871, 44.64112], [-123.27866, 44.64098], [-123.27805, 44.64073], [-123.2771, 44.64092], [-123.27637, 44.64144], [-123.2753, 44.64137], [-123.27479, 44.64098], [-123.27484, 44.64081], [-123.27554, 44.64075], [-123.27608, 44.64045], [-123.27609, 44.64028], [-123.27742, 44.64028], [-123.28017, 44.63988], [-123.28124, 44.63946], [-123.28099, 44.63917], [-123.28174, 44.63916], [-123.28173, 44.63886], [-123.2821, 44.63873], [-123.28322, 44.63867], [-123.28338, 44.63885], [-123.28485, 44.63892], [-123.28542, 44.63912], [-123.28623, 44.63907], [-123.28663, 44.63869], [-123.28704, 44.63872], [-123.29011, 44.63793], [-123.29034, 44.6379], [-123.29052, 44.63818], [-123.29044, 44.639], [-123.28929, 44.63922], [-123.28908, 44.63988], [-123.28838, 44.64016], [-123.28832, 44.64006], [-123.28862, 44.63974], [-123.28765, 44.6396], [-123.28752, 44.63971], [-123.28757, 44.64009], [-123.28733, 44.64037], [-123.28607, 44.64068], [-123.28544, 44.64107], [-123.28451, 44.64125], [-123.28363, 44.64094], [-123.28309, 44.6411], [-123.28098, 44.64079], [-123.28017, 44.64139]]]}, "properties": {"FID": 272, "ACRES": 48.4442828977, "STANDID": "051001", "DF_SITE": 118, "SITE_CLASS": 2, "Age": 232, "Shape__Area": 387312.96875, "Shape__Length": 4542.474564063688, "Age_Class": null}}, {"type": "Feature", "id": "273", "geometry": {"type": "Polygon", "coordinates": [[[-123.2745, 44.64113], [-123.2735, 44.64114], [-123.27315, 44.64052], [-123.27348, 44.64026], [-123.27441, 44.64005], [-123.27522, 44.64008], [-123.27612, 44.64033], [-123.27554, 44.64075], [-123.27484, 44.64081], [-123.2745, 44.64113]]]}, "properties": {"FID": 273, "ACRES": 4.84541959392, "STANDID": "051204", "DF_SITE": 106, "SITE_CLASS": 3, "Age": 118, "Shape__Area": 38740.0859375, "Shape__Length": 849.1349505898652, "Age_Class": null}}, {"type": "Feature", "id": "274", "geometry": {"type": "Polygon", "coordinates": [[[-123.29742, 44.6406], [-123.2968, 44.63891], [-123.2966, 44.63768], [-123.29605, 44.63669], [-123.29757, 44.63651], [-123.29864, 44.63571], [-123.29867, 44.63501], [-123.29898, 44.63393], [-123.30061, 44.63285], [-123.30049, 44.63215], [-123.30067, 44.63191], [-123.3014, 44.63169], [-123.30311, 44.63168], [-123.30458, 44.63122], [-123.30504, 44.63231], [-123.30557, 44.63277], [-123.30536, 44.63339], [-123.30461, 44.6343], [-123.30418, 44.63445], [-123.30328, 44.63444], [-123.30253, 44.63408], [-123.3019, 44.63436], [-123.30089, 44.63554], [-123.30037, 44.63671], [-123.30047, 44.63726], [-123.30236, 44.63893], [-123.30213, 44.63921], [-123.30114, 44.63963], [-123.30062, 44.64005], [-123.29855, 44.64024], [-123.29742, 44.6406]]]}, "properties": {"FID": 274, "ACRES": 78.7514715608, "STANDID": "060208", "DF_SITE": 116, "SITE_CLASS": 2, "Age": 160, "Shape__Area": 629531.8046875, "Shape__Length": 4520.173259906754, "Age_Class": null}}, {"type": "Feature", "id": "275", "geometry": {"type": "Polygon", "coordinates": [[[-123.30687, 44.64026], [-123.30636, 44.63988], [-123.30585, 44.63981], [-123.30508, 44.63923], [-123.30514, 44.63897], [-123.30568, 44.63872], [-123.30551, 44.63823], [-123.30491, 44.63748], [-123.30485, 44.63712], [-123.30572, 44.63646], [-123.3052, 44.63607], [-123.30512, 44.6357], [-123.30422, 44.6351], [-123.30411, 44.63471], [-123.30418, 44.63445], [-123.30461, 44.6343], [-123.3055, 44.63316], [-123.30557, 44.63277], [-123.30524, 44.63245], [-123.30597, 44.63242], [-123.30688, 44.63209], [-123.30715, 44.63217], [-123.30708, 44.6358], [-123.30677, 44.63595], [-123.3075, 44.63645], [-123.30884, 44.63642], [-123.30921, 44.63661], [-123.30909, 44.63701], [-123.30833, 44.63722], [-123.30848, 44.63769], [-123.30819, 44.63796], [-123.30886, 44.63864], [-123.3089, 44.63889], [-123.30805, 44.63919], [-123.30821, 44.63966], [-123.308, 44.63989], [-123.30687, 44.64026]]]}, "properties": {"FID": 275, "ACRES": 44.3467209962, "STANDID": "060209", "DF_SITE": 99, "SITE_CLASS": 3, "Age": 163, "Shape__Area": 354511.25, "Shape__Length": 3571.154971440433, "Age_Class": null}}, {"type": "Feature", "id": "276", "geometry": {"type": "Polygon", "coordinates": [[[-123.32146, 44.63951], [-123.32112, 44.63882], [-123.32097, 44.63792], [-123.32119, 44.63781], [-123.32175, 44.6379], [-123.32212, 44.63726], [-123.32227, 44.63645], [-123.32216, 44.6362], [-123.32348, 44.63689], [-123.32353, 44.6372], [-123.32299, 44.63768], [-123.32368, 44.6383], [-123.32223, 44.63909], [-123.32211, 44.63951], [-123.32146, 44.63951]]]}, "properties": {"FID": 276, "ACRES": 9.96718299268, "STANDID": "080504", "DF_SITE": 126, "SITE_CLASS": 2, "Age": 71, "Shape__Area": 79682.5625, "Shape__Length": 1461.7929207444668, "Age_Class": null}}, {"type": "Feature", "id": "277", "geometry": {"type": "Polygon", "coordinates": [[[-123.32012, 44.6395], [-123.31995, 44.63909], [-123.3202, 44.63869], [-123.31978, 44.63791], [-123.31985, 44.6378], [-123.31912, 44.63772], [-123.31888, 44.63754], [-123.31799, 44.63806], [-123.31777, 44.63774], [-123.31758, 44.63774], [-123.31742, 44.63813], [-123.31694, 44.63852], [-123.31627, 44.63877], [-123.3157, 44.63842], [-123.31452, 44.63817], [-123.31439, 44.6373], [-123.31548, 44.63657], [-123.31621, 44.63584], [-123.32185, 44.63586], [-123.32227, 44.63645], [-123.32212, 44.63726], [-123.32175, 44.6379], [-123.32119, 44.63781], [-123.32097, 44.63792], [-123.32095, 44.6381], [-123.32146, 44.63951], [-123.32012, 44.6395]]]}, "properties": {"FID": 277, "ACRES": 38.0593207359, "STANDID": "080604", "DF_SITE": 113, "SITE_CLASS": 3, "Age": 47, "Shape__Area": 304256.671875, "Shape__Length": 3020.3297376775326, "Age_Class": "36-50"}}, {"type": "Feature", "id": "278", "geometry": {"type": "Polygon", "coordinates": [[[-123.30885, 44.63897], [-123.30886, 44.63864], [-123.30819, 44.63796], [-123.30848, 44.63769], [-123.30833, 44.63722], [-123.30902, 44.63704], [-123.31054, 44.63766], [-123.31107, 44.63825], [-123.31177, 44.63869], [-123.31174, 44.63894], [-123.31148, 44.63887], [-123.31127, 44.639], [-123.31042, 44.63879], [-123.31075, 44.63928], [-123.31066, 44.63947], [-123.30885, 44.63897]]]}, "properties": {"FID": 278, "ACRES": 10.0013293173, "STANDID": "060107", "DF_SITE": 94, "SITE_CLASS": 4, "Age": 45, "Shape__Area": 79956.2578125, "Shape__Length": 1371.8140420784302, "Age_Class": "36-50"}}, {"type": "Feature", "id": "279", "geometry": {"type": "Polygon", "coordinates": [[[-123.33782, 44.6385], [-123.33792, 44.63833], [-123.33648, 44.63819], [-123.336, 44.63797], [-123.33759, 44.63794], [-123.34117, 44.63669], [-123.34369, 44.63632], [-123.34638, 44.6363], [-123.34715, 44.63613], [-123.34715, 44.63656], [-123.34742, 44.63678], [-123.345, 44.63671], [-123.34412, 44.63714], [-123.34308, 44.63723], [-123.34142, 44.63773], [-123.34056, 44.63775], [-123.34017, 44.63797], [-123.33973, 44.63797], [-123.33932, 44.63838], [-123.33782, 44.6385]]]}, "properties": {"FID": 279, "ACRES": 16.7861342323, "STANDID": "080410", "DF_SITE": 145, "SITE_CLASS": 1, "Age": 60, "Shape__Area": 134192.9921875, "Shape__Length": 2861.886642972738, "Age_Class": "51-60"}}, {"type": "Feature", "id": "280", "geometry": {"type": "Polygon", "coordinates": [[[-123.29179, 44.63958], [-123.29044, 44.639], [-123.29052, 44.63818], [-123.29034, 44.6379], [-123.29148, 44.63786], [-123.29211, 44.63823], [-123.29202, 44.63778], [-123.29286, 44.63794], [-123.29332, 44.63835], [-123.29373, 44.63837], [-123.29445, 44.63809], [-123.29511, 44.63731], [-123.29609, 44.63675], [-123.29652, 44.6375], [-123.29547, 44.6381], [-123.29502, 44.63864], [-123.2943, 44.63905], [-123.29368, 44.63963], [-123.29312, 44.63967], [-123.29236, 44.63949], [-123.29179, 44.63958]]]}, "properties": {"FID": 280, "ACRES": 16.3371159538, "STANDID": "051003", "DF_SITE": 114, "SITE_CLASS": 3, "Age": 50, "Shape__Area": 130609.0390625, "Shape__Length": 2087.123984896839, "Age_Class": "36-50"}}, {"type": "Feature", "id": "281", "geometry": {"type": "Polygon", "coordinates": [[[-123.3534, 44.63759], [-123.34922, 44.63766], [-123.34687, 44.63793], [-123.34634, 44.63825], [-123.34531, 44.63802], [-123.34443, 44.63809], [-123.34395, 44.63793], [-123.34388, 44.63768], [-123.34266, 44.63777], [-123.34171, 44.63813], [-123.34106, 44.6381], [-123.34093, 44.63793], [-123.34241, 44.63738], [-123.34412, 44.63714], [-123.345, 44.63671], [-123.34804, 44.63673], [-123.34849, 44.63642], [-123.34916, 44.6365], [-123.35061, 44.63606], [-123.35247, 44.63615], [-123.3534, 44.63644], [-123.3534, 44.63759]]]}, "properties": {"FID": 281, "ACRES": 30.6311427146, "STANDID": "080708", "DF_SITE": 98, "SITE_CLASS": 3, "Age": 52, "Shape__Area": 244873.484375, "Shape__Length": 3165.2040711286736, "Age_Class": "51-60"}}, {"type": "Feature", "id": "282", "geometry": {"type": "Polygon", "coordinates": [[[-123.33543, 44.63818], [-123.33552, 44.63747], [-123.33503, 44.63633], [-123.33462, 44.63434], [-123.33381, 44.63225], [-123.33401, 44.63216], [-123.33449, 44.63227], [-123.33506, 44.63198], [-123.33637, 44.63218], [-123.33897, 44.63395], [-123.34084, 44.63383], [-123.34165, 44.63319], [-123.34219, 44.63322], [-123.34359, 44.63387], [-123.34414, 44.63466], [-123.34465, 44.6349], [-123.34633, 44.63524], [-123.34663, 44.63601], [-123.34706, 44.63615], [-123.34202, 44.6365], [-123.33759, 44.63794], [-123.3365, 44.63787], [-123.33543, 44.63818]]]}, "properties": {"FID": 282, "ACRES": 88.6083279656, "STANDID": "080801", "DF_SITE": 134, "SITE_CLASS": 2, "Age": 65, "Shape__Area": 708308.5390625, "Shape__Length": 4237.93923958849, "Age_Class": null}}, {"type": "Feature", "id": "283", "geometry": {"type": "Polygon", "coordinates": [[[-123.33537, 44.63818], [-123.33199, 44.63825], [-123.32869, 44.6381], [-123.3276, 44.63784], [-123.3274, 44.637], [-123.32786, 44.63682], [-123.32779, 44.63607], [-123.32825, 44.63559], [-123.32847, 44.63569], [-123.32864, 44.63518], [-123.32941, 44.63518], [-123.33015, 44.63581], [-123.3306, 44.63559], [-123.33077, 44.63506], [-123.33057, 44.63494], [-123.33056, 44.63426], [-123.33026, 44.63379], [-123.33022, 44.63356], [-123.33041, 44.63327], [-123.33125, 44.63357], [-123.33181, 44.63322], [-123.33294, 44.63329], [-123.33332, 44.63262], [-123.33382, 44.63228], [-123.33462, 44.63434], [-123.33503, 44.63633], [-123.33552, 44.63747], [-123.33537, 44.63818]]]}, "properties": {"FID": 283, "ACRES": 64.5077724258, "STANDID": "080506", "DF_SITE": 119, "SITE_CLASS": 2, "Age": 64, "Shape__Area": 515671.0546875, "Shape__Length": 3557.396590074295, "Age_Class": null}}, {"type": "Feature", "id": "284", "geometry": {"type": "Polygon", "coordinates": [[[-123.28672, 44.63867], [-123.28623, 44.63907], [-123.28542, 44.63912], [-123.28485, 44.63892], [-123.28338, 44.63885], [-123.2832, 44.63853], [-123.28321, 44.63769], [-123.28217, 44.63778], [-123.28171, 44.6376], [-123.28164, 44.63287], [-123.28273, 44.63276], [-123.28341, 44.63292], [-123.28382, 44.63327], [-123.28396, 44.63406], [-123.28478, 44.63459], [-123.28653, 44.63479], [-123.288, 44.63518], [-123.29016, 44.63494], [-123.29118, 44.63539], [-123.29142, 44.63618], [-123.29132, 44.63678], [-123.29172, 44.63731], [-123.29156, 44.63756], [-123.29202, 44.63778], [-123.29211, 44.63823], [-123.29148, 44.63786], [-123.29067, 44.63786], [-123.28704, 44.63872], [-123.28672, 44.63867]]]}, "properties": {"FID": 284, "ACRES": 84.3301882977, "STANDID": "051107", "DF_SITE": 118, "SITE_CLASS": 2, "Age": 110, "Shape__Area": 674138.8046875, "Shape__Length": 3973.5753049879117, "Age_Class": null}}, {"type": "Feature", "id": "285", "geometry": {"type": "Polygon", "coordinates": [[[-123.28173, 44.63886], [-123.28171, 44.6376], [-123.28217, 44.63778], [-123.28321, 44.63769], [-123.28322, 44.63867], [-123.28173, 44.63886]]]}, "properties": {"FID": 285, "ACRES": 3.28777530831, "STANDID": "051102", "DF_SITE": 105, "SITE_CLASS": 3, "Age": 72, "Shape__Area": 26284.25, "Shape__Length": 698.4971796840508, "Age_Class": null}}, {"type": "Feature", "id": "286", "geometry": {"type": "Polygon", "coordinates": [[[-123.29373, 44.63837], [-123.29332, 44.63835], [-123.29286, 44.63794], [-123.29163, 44.63763], [-123.29154, 44.63749], [-123.29173, 44.63737], [-123.29157, 44.63719], [-123.2929, 44.63701], [-123.29296, 44.63719], [-123.29355, 44.63687], [-123.29475, 44.63695], [-123.29609, 44.63675], [-123.29511, 44.63731], [-123.29445, 44.63809], [-123.29373, 44.63837]]]}, "properties": {"FID": 286, "ACRES": 8.07163473608, "STANDID": "051106", "DF_SITE": 138, "SITE_CLASS": 1, "Age": 67, "Shape__Area": 64527.5, "Shape__Length": 1325.035473971443, "Age_Class": null}}, {"type": "Feature", "id": "287", "geometry": {"type": "Polygon", "coordinates": [[[-123.34742, 44.63678], [-123.34715, 44.63656], [-123.34719, 44.63623], [-123.34732, 44.63633], [-123.34788, 44.63541], [-123.34769, 44.63479], [-123.34799, 44.63417], [-123.34775, 44.63366], [-123.34709, 44.6333], [-123.34563, 44.63294], [-123.34556, 44.63268], [-123.34498, 44.63233], [-123.34456, 44.63266], [-123.34454, 44.63252], [-123.34421, 44.63247], [-123.34424, 44.63211], [-123.34366, 44.63169], [-123.34378, 44.63159], [-123.34429, 44.63189], [-123.34479, 44.63187], [-123.34515, 44.63206], [-123.34534, 44.63172], [-123.34587, 44.63184], [-123.34603, 44.63175], [-123.34608, 44.63143], [-123.34647, 44.63132], [-123.34688, 44.6316], [-123.34662, 44.63166], [-123.34665, 44.63189], [-123.34649, 44.63201], [-123.34647, 44.63222], [-123.34664, 44.63227], [-123.34719, 44.63188], [-123.34719, 44.6317], [-123.34743, 44.63177], [-123.34793, 44.63145], [-123.34835, 44.63158], [-123.3485, 44.63131], [-123.34886, 44.63119], [-123.34929, 44.63123], [-123.34943, 44.63099], [-123.35091, 44.62998], [-123.35137, 44.63014], [-123.35175, 44.62983], [-123.35229, 44.63025], [-123.35288, 44.63003], [-123.35342, 44.63004], [-123.3534, 44.63644], [-123.35247, 44.63615], [-123.35061, 44.63606], [-123.34916, 44.6365], [-123.34849, 44.63642], [-123.34804, 44.63673], [-123.34742, 44.63678]]]}, "properties": {"FID": 287, "ACRES": 80.1543208754, "STANDID": "080709", "DF_SITE": 118, "SITE_CLASS": 2, "Age": 60, "Shape__Area": 640688.984375, "Shape__Length": 4742.905186178789, "Age_Class": "51-60"}}, {"type": "Feature", "id": "288", "geometry": {"type": "Polygon", "coordinates": [[[-123.34732, 44.63633], [-123.34715, 44.63613], [-123.34663, 44.63601], [-123.34633, 44.63524], [-123.34465, 44.6349], [-123.34414, 44.63466], [-123.34359, 44.63387], [-123.34219, 44.63322], [-123.34165, 44.63319], [-123.34084, 44.63383], [-123.33923, 44.63397], [-123.33897, 44.63395], [-123.33775, 44.63309], [-123.33888, 44.63311], [-123.33944, 44.63293], [-123.34029, 44.63193], [-123.34029, 44.63151], [-123.34047, 44.63151], [-123.3405, 44.63166], [-123.34088, 44.63182], [-123.34123, 44.63162], [-123.34133, 44.63185], [-123.34153, 44.63189], [-123.34161, 44.63222], [-123.34188, 44.63205], [-123.34238, 44.63242], [-123.34346, 44.63233], [-123.34384, 44.63266], [-123.3448, 44.63287], [-123.34488, 44.63315], [-123.34563, 44.63294], [-123.34709, 44.6333], [-123.34775, 44.63366], [-123.34799, 44.63417], [-123.34769, 44.63479], [-123.34788, 44.63541], [-123.34732, 44.63633]], [[-123.34504, 44.63447], [-123.34587, 44.63509], [-123.34667, 44.63477], [-123.34678, 44.63427], [-123.34636, 44.63411], [-123.34503, 44.63431], [-123.34504, 44.63447]]]}, "properties": {"FID": 288, "ACRES": 33.341653393, "STANDID": "070202", "DF_SITE": 108, "SITE_CLASS": 3, "Age": 58, "Shape__Area": 266509.15625, "Shape__Length": 4023.9953481427706, "Age_Class": "51-60"}}, {"type": "Feature", "id": "289", "geometry": {"type": "Polygon", "coordinates": [[[-123.29163, 44.63711], [-123.29156, 44.63723], [-123.29132, 44.63678], [-123.29142, 44.63618], [-123.29109, 44.6353], [-123.2948, 44.63534], [-123.29507, 44.63548], [-123.29605, 44.63669], [-123.29475, 44.63695], [-123.29355, 44.63687], [-123.29296, 44.63719], [-123.29297, 44.63701], [-123.29163, 44.63711]]]}, "properties": {"FID": 289, "ACRES": 15.3676771603, "STANDID": "051105", "DF_SITE": 106, "SITE_CLASS": 3, "Age": 73, "Shape__Area": 122848.9609375, "Shape__Length": 1570.2796321374956, "Age_Class": null}}, {"type": "Feature", "id": "290", "geometry": {"type": "Polygon", "coordinates": [[[-123.29605, 44.63669], [-123.29507, 44.63548], [-123.2948, 44.63534], [-123.29201, 44.63528], [-123.29188, 44.63396], [-123.29297, 44.63387], [-123.29366, 44.63418], [-123.29445, 44.63416], [-123.29569, 44.63481], [-123.29623, 44.63449], [-123.29653, 44.63453], [-123.29672, 44.63466], [-123.2965, 44.63488], [-123.29658, 44.6351], [-123.29696, 44.63526], [-123.29697, 44.63544], [-123.29743, 44.63584], [-123.29712, 44.63632], [-123.29605, 44.63669]]]}, "properties": {"FID": 290, "ACRES": 15.6970549011, "STANDID": "060408", "DF_SITE": 94, "SITE_CLASS": 4, "Age": 93, "Shape__Area": 125477.40625, "Shape__Length": 1862.887531974539, "Age_Class": null}}, {"type": "Feature", "id": "291", "geometry": {"type": "Polygon", "coordinates": [[[-123.29634, 44.63667], [-123.29712, 44.63632], [-123.29743, 44.63584], [-123.29697, 44.63544], [-123.29696, 44.63526], [-123.29658, 44.6351], [-123.2965, 44.63488], [-123.29672, 44.63466], [-123.29623, 44.63449], [-123.29569, 44.63481], [-123.29445, 44.63416], [-123.29366, 44.63418], [-123.29297, 44.63387], [-123.29188, 44.63396], [-123.29199, 44.6337], [-123.29268, 44.63371], [-123.29495, 44.63173], [-123.29535, 44.63229], [-123.29544, 44.63315], [-123.29681, 44.63386], [-123.29686, 44.63436], [-123.29769, 44.63569], [-123.29843, 44.63589], [-123.29757, 44.63651], [-123.29634, 44.63667]]]}, "properties": {"FID": 291, "ACRES": 16.2432425246, "STANDID": "060316", "DF_SITE": 96, "SITE_CLASS": 3, "Age": 54, "Shape__Area": 129837.9453125, "Shape__Length": 2681.067407982094, "Age_Class": "51-60"}}, {"type": "Feature", "id": "292", "geometry": {"type": "Polygon", "coordinates": [[[-123.29843, 44.63589], [-123.29769, 44.63569], [-123.2973, 44.63481], [-123.29867, 44.63501], [-123.29871, 44.63558], [-123.29843, 44.63589]]]}, "properties": {"FID": 292, "ACRES": 2.16916489055, "STANDID": "060303", "DF_SITE": 97, "SITE_CLASS": 3, "Age": 145, "Shape__Area": 17339.78125, "Shape__Length": 539.4926168256591, "Age_Class": null}}, {"type": "Feature", "id": "293", "geometry": {"type": "Polygon", "coordinates": [[[-123.29201, 44.63528], [-123.2912, 44.63533], [-123.29016, 44.63494], [-123.28828, 44.63518], [-123.28715, 44.63497], [-123.28741, 44.63453], [-123.28739, 44.63282], [-123.28752, 44.63267], [-123.29199, 44.6337], [-123.29186, 44.63449], [-123.29201, 44.63528]]]}, "properties": {"FID": 293, "ACRES": 19.3682783148, "STANDID": "060407", "DF_SITE": 113, "SITE_CLASS": 3, "Age": 88, "Shape__Area": 154818.875, "Shape__Length": 1717.494084606618, "Age_Class": null}}, {"type": "Feature", "id": "294", "geometry": {"type": "Polygon", "coordinates": [[[-123.29741, 44.63509], [-123.29686, 44.63436], [-123.29681, 44.63386], [-123.29544, 44.63315], [-123.29535, 44.63229], [-123.29495, 44.63173], [-123.29525, 44.63151], [-123.29655, 44.63106], [-123.29722, 44.631], [-123.29764, 44.6313], [-123.29754, 44.63169], [-123.29827, 44.63243], [-123.29813, 44.63307], [-123.29869, 44.63332], [-123.29766, 44.63391], [-123.29772, 44.63413], [-123.2972, 44.63468], [-123.29741, 44.63509]]]}, "properties": {"FID": 294, "ACRES": 16.1981710162, "STANDID": "060306", "DF_SITE": 97, "SITE_CLASS": 3, "Age": 152, "Shape__Area": 129472.0078125, "Shape__Length": 1764.070891731871, "Age_Class": null}}, {"type": "Feature", "id": "295", "geometry": {"type": "Polygon", "coordinates": [[[-123.29867, 44.63501], [-123.29719, 44.63473], [-123.29772, 44.63413], [-123.29778, 44.63379], [-123.29849, 44.6335], [-123.29906, 44.63382], [-123.29881, 44.63471], [-123.29867, 44.63501]]]}, "properties": {"FID": 295, "ACRES": 3.97039148016, "STANDID": "060305", "DF_SITE": 124, "SITE_CLASS": 2, "Age": 98, "Shape__Area": 31737.1953125, "Shape__Length": 719.9438157087112, "Age_Class": null}}, {"type": "Feature", "id": "296", "geometry": {"type": "Polygon", "coordinates": [[[-123.28715, 44.63497], [-123.28464, 44.63454], [-123.28539, 44.63402], [-123.28568, 44.63363], [-123.28565, 44.63316], [-123.28492, 44.63256], [-123.28489, 44.63214], [-123.28772, 44.6321], [-123.28699, 44.63243], [-123.28752, 44.63267], [-123.28732, 44.63313], [-123.28741, 44.63453], [-123.28715, 44.63497]]]}, "properties": {"FID": 296, "ACRES": 12.1081522323, "STANDID": "060406", "DF_SITE": 106, "SITE_CLASS": 3, "Age": 106, "Shape__Area": 96783.3046875, "Shape__Length": 1606.381396734886, "Age_Class": null}}, {"type": "Feature", "id": "297", "geometry": {"type": "MultiPolygon", "coordinates": [[[[-123.28168, 44.63285], [-123.28171, 44.63283], [-123.28181, 44.63283], [-123.28168, 44.63285]]], [[[-123.28168, 44.63285], [-123.28164, 44.63287], [-123.28164, 44.63285], [-123.28168, 44.63285]]], [[[-123.28464, 44.63454], [-123.28419, 44.63429], [-123.28382, 44.63381], [-123.28388, 44.6326], [-123.28492, 44.63256], [-123.28565, 44.63316], [-123.28563, 44.63376], [-123.28464, 44.63454]]]]}, "properties": {"FID": 297, "ACRES": 6.09236277349, "STANDID": "060405", "DF_SITE": 100, "SITE_CLASS": 3, "Age": 29, "Shape__Area": 48697.6953125, "Shape__Length": 890.7244799208587, "Age_Class": "21-35"}}, {"type": "Feature", "id": "298", "geometry": {"type": "Polygon", "coordinates": [[[-123.29912, 44.63377], [-123.29856, 44.63351], [-123.29865, 44.63326], [-123.29813, 44.63307], [-123.2983, 44.63266], [-123.29821, 44.63227], [-123.29754, 44.63169], [-123.29764, 44.6313], [-123.29722, 44.631], [-123.29766, 44.63088], [-123.29804, 44.63039], [-123.2986, 44.63062], [-123.2985, 44.63092], [-123.29893, 44.63137], [-123.29937, 44.63139], [-123.30014, 44.6309], [-123.30109, 44.63113], [-123.30146, 44.63169], [-123.30067, 44.63191], [-123.30049, 44.63215], [-123.30061, 44.63285], [-123.29912, 44.63377]]]}, "properties": {"FID": 298, "ACRES": 14.785512542, "STANDID": "060308", "DF_SITE": 92, "SITE_CLASS": 4, "Age": 116, "Shape__Area": 118178.34375, "Shape__Length": 1793.8297927092701, "Age_Class": null}}, {"type": "Feature", "id": "299", "geometry": {"type": "Polygon", "coordinates": [[[-123.33699, 44.63262], [-123.33637, 44.63218], [-123.33527, 44.632], [-123.33449, 44.63227], [-123.33401, 44.63216], [-123.33369, 44.63238], [-123.33255, 44.63198], [-123.33256, 44.63068], [-123.33295, 44.63044], [-123.33291, 44.63029], [-123.33325, 44.63034], [-123.33365, 44.62978], [-123.33383, 44.62887], [-123.33447, 44.62891], [-123.33535, 44.63031], [-123.33573, 44.63004], [-123.33595, 44.63007], [-123.33635, 44.63051], [-123.3368, 44.63043], [-123.33723, 44.6314], [-123.33687, 44.63153], [-123.33692, 44.6322], [-123.33717, 44.63239], [-123.33699, 44.63262]]]}, "properties": {"FID": 299, "ACRES": 21.8720948271, "STANDID": "070302", "DF_SITE": 115, "SITE_CLASS": 2, "Age": 62, "Shape__Area": 174813.8359375, "Shape__Length": 2135.58150658599, "Age_Class": null}}, {"type": "Feature", "id": "300", "geometry": {"type": "Polygon", "coordinates": [[[-123.34515, 44.63206], [-123.34366, 44.63169], [-123.34345, 44.63128], [-123.34281, 44.63132], [-123.34201, 44.63097], [-123.34088, 44.63103], [-123.34033, 44.63122], [-123.33992, 44.63067], [-123.33983, 44.63022], [-123.34043, 44.63028], [-123.34096, 44.62982], [-123.34183, 44.62954], [-123.34264, 44.62996], [-123.34226, 44.6288], [-123.34231, 44.62792], [-123.34317, 44.62616], [-123.34322, 44.62524], [-123.34451, 44.62601], [-123.34618, 44.62646], [-123.34715, 44.62719], [-123.34786, 44.62746], [-123.34859, 44.62748], [-123.34918, 44.62775], [-123.34928, 44.62813], [-123.34981, 44.62847], [-123.35045, 44.62849], [-123.35244, 44.62943], [-123.35071, 44.63007], [-123.35027, 44.63052], [-123.34943, 44.63099], [-123.34929, 44.63123], [-123.34886, 44.63119], [-123.3485, 44.63131], [-123.34835, 44.63158], [-123.34793, 44.63145], [-123.34743, 44.63177], [-123.34716, 44.63172], [-123.34719, 44.63188], [-123.34668, 44.63227], [-123.34647, 44.63222], [-123.34649, 44.63201], [-123.34665, 44.63189], [-123.34662, 44.63166], [-123.34688, 44.6316], [-123.34647, 44.63132], [-123.34608, 44.63143], [-123.34603, 44.63175], [-123.34587, 44.63184], [-123.34534, 44.63172], [-123.34515, 44.63206]], [[-123.34555, 44.62888], [-123.34599, 44.62866], [-123.34669, 44.62869], [-123.34683, 44.62826], [-123.34673, 44.62781], [-123.34617, 44.62761], [-123.34601, 44.62706], [-123.34569, 44.62669], [-123.34524, 44.62702], [-123.34559, 44.62767], [-123.34551, 44.62833], [-123.34482, 44.62825], [-123.34464, 44.62866], [-123.34525, 44.6287], [-123.34555, 44.62888]]]}, "properties": {"FID": 300, "ACRES": 84.8953994281, "STANDID": "070110", "DF_SITE": 106, "SITE_CLASS": 3, "Age": 57, "Shape__Area": 678491.515625, "Shape__Length": 5713.989710820276, "Age_Class": "51-60"}}, {"type": "Feature", "id": "301", "geometry": {"type": "Polygon", "coordinates": [[[-123.34024, 44.63167], [-123.33968, 44.6317], [-123.33914, 44.63142], [-123.33867, 44.63142], [-123.33834, 44.63124], [-123.33834, 44.63082], [-123.3382, 44.63068], [-123.33715, 44.63067], [-123.33689, 44.62975], [-123.3372, 44.6294], [-123.33762, 44.62924], [-123.33971, 44.62894], [-123.33995, 44.62961], [-123.33986, 44.63047], [-123.34033, 44.63122], [-123.34024, 44.63167]]]}, "properties": {"FID": 301, "ACRES": 12.9433951379, "STANDID": "070305", "DF_SITE": 114, "SITE_CLASS": 3, "Age": 59, "Shape__Area": 103448.0703125, "Shape__Length": 1449.8374266929522, "Age_Class": "51-60"}}, {"type": "Feature", "id": "302", "geometry": {"type": "Polygon", "coordinates": [[[-123.30541, 44.63246], [-123.30504, 44.63231], [-123.30456, 44.63142], [-123.30461, 44.63107], [-123.30493, 44.63055], [-123.30542, 44.63057], [-123.30603, 44.63028], [-123.30687, 44.62933], [-123.30897, 44.63067], [-123.30988, 44.63165], [-123.31015, 44.63218], [-123.30688, 44.63209], [-123.30541, 44.63246]]]}, "properties": {"FID": 302, "ACRES": 21.6291317785, "STANDID": "060609", "DF_SITE": 123, "SITE_CLASS": 2, "Age": 37, "Shape__Area": 172873.015625, "Shape__Length": 1800.368458045205, "Age_Class": "36-50"}}, {"type": "Feature", "id": "303", "geometry": {"type": "Polygon", "coordinates": [[[-123.31222, 44.63219], [-123.31015, 44.63218], [-123.30988, 44.63165], [-123.30897, 44.63067], [-123.30687, 44.62933], [-123.30694, 44.62904], [-123.30674, 44.6288], [-123.30668, 44.62831], [-123.30626, 44.62775], [-123.30649, 44.62712], [-123.30633, 44.62681], [-123.30681, 44.6266], [-123.30701, 44.62624], [-123.30673, 44.62571], [-123.30681, 44.62553], [-123.30736, 44.62547], [-123.30802, 44.62567], [-123.3085, 44.62635], [-123.31229, 44.62908], [-123.31222, 44.63219]]]}, "properties": {"FID": 303, "ACRES": 49.5581505149, "STANDID": "060605", "DF_SITE": 111, "SITE_CLASS": 3, "Age": 287, "Shape__Area": 396069.234375, "Shape__Length": 2860.8348955095926, "Age_Class": null}}, {"type": "Feature", "id": "304", "geometry": {"type": "Polygon", "coordinates": [[[-123.30237, 44.63171], [-123.30213, 44.63111], [-123.30035, 44.62994], [-123.30039, 44.62953], [-123.30017, 44.62915], [-123.29988, 44.62909], [-123.2999, 44.62729], [-123.29869, 44.6261], [-123.29898, 44.62546], [-123.29873, 44.62534], [-123.29879, 44.6251], [-123.29917, 44.625], [-123.29938, 44.62527], [-123.30041, 44.62541], [-123.30102, 44.62517], [-123.30121, 44.62493], [-123.30195, 44.62485], [-123.30217, 44.62437], [-123.30203, 44.62364], [-123.30401, 44.6245], [-123.30366, 44.62514], [-123.30532, 44.62645], [-123.30548, 44.62705], [-123.30524, 44.62716], [-123.30502, 44.62764], [-123.30363, 44.6269], [-123.30361, 44.62657], [-123.30333, 44.6266], [-123.30304, 44.6269], [-123.30323, 44.62877], [-123.30348, 44.62895], [-123.30467, 44.62894], [-123.30454, 44.62929], [-123.30409, 44.62964], [-123.30496, 44.62996], [-123.30492, 44.63063], [-123.30458, 44.63122], [-123.30311, 44.63168], [-123.30237, 44.63171]]]}, "properties": {"FID": 304, "ACRES": 62.689140626, "STANDID": "060707", "DF_SITE": 99, "SITE_CLASS": 3, "Age": 35, "Shape__Area": 500990.0078125, "Shape__Length": 4301.154742878334, "Age_Class": "21-35"}}, {"type": "Feature", "id": "305", "geometry": {"type": "Polygon", "coordinates": [[[-123.30237, 44.63171], [-123.30146, 44.63169], [-123.30109, 44.63113], [-123.30014, 44.6309], [-123.29937, 44.63139], [-123.29893, 44.63137], [-123.2985, 44.63092], [-123.29857, 44.63059], [-123.29811, 44.6305], [-123.29807, 44.63015], [-123.2983, 44.62971], [-123.29899, 44.62913], [-123.29908, 44.62876], [-123.29949, 44.62875], [-123.29969, 44.62909], [-123.30017, 44.62915], [-123.30039, 44.62953], [-123.3004, 44.63], [-123.30213, 44.63111], [-123.30237, 44.63171]]]}, "properties": {"FID": 305, "ACRES": 12.3560030751, "STANDID": "060314", "DF_SITE": 102, "SITE_CLASS": 3, "Age": 159, "Shape__Area": 98753.828125, "Shape__Length": 1660.1512832861777, "Age_Class": null}}, {"type": "Feature", "id": "306", "geometry": {"type": "Polygon", "coordinates": [[[-123.33708, 44.6305], [-123.33522, 44.62931], [-123.33504, 44.62863], [-123.33473, 44.62823], [-123.33427, 44.628], [-123.33426, 44.62611], [-123.33529, 44.62691], [-123.33646, 44.6269], [-123.33712, 44.62729], [-123.33705, 44.62774], [-123.33721, 44.62833], [-123.33782, 44.6279], [-123.33778, 44.62758], [-123.33746, 44.62744], [-123.3374, 44.62721], [-123.33836, 44.6266], [-123.33783, 44.62712], [-123.33784, 44.62734], [-123.33818, 44.62755], [-123.33832, 44.62827], [-123.33803, 44.62861], [-123.33686, 44.6287], [-123.33681, 44.62901], [-123.33704, 44.62913], [-123.3376, 44.62899], [-123.33816, 44.62909], [-123.33713, 44.62945], [-123.33686, 44.62987], [-123.33708, 44.6305]]]}, "properties": {"FID": 306, "ACRES": 18.8454218486, "STANDID": "070303", "DF_SITE": 130, "SITE_CLASS": 2, "Age": 59, "Shape__Area": 150608.59375, "Shape__Length": 2815.560923221104, "Age_Class": "51-60"}}, {"type": "Feature", "id": "307", "geometry": {"type": "Polygon", "coordinates": [[[-123.34227, 44.62862], [-123.34264, 44.62996], [-123.34187, 44.62954], [-123.34096, 44.62982], [-123.34162, 44.62932], [-123.34089, 44.62927], [-123.34081, 44.62895], [-123.34045, 44.62866], [-123.34059, 44.62824], [-123.33989, 44.62803], [-123.33989, 44.62748], [-123.33959, 44.62706], [-123.33916, 44.62685], [-123.33876, 44.62691], [-123.33841, 44.62658], [-123.33898, 44.62643], [-123.33959, 44.6267], [-123.34073, 44.62657], [-123.34093, 44.62638], [-123.34149, 44.6272], [-123.34143, 44.6275], [-123.34196, 44.62842], [-123.34227, 44.62862]]]}, "properties": {"FID": 307, "ACRES": 11.667473293, "STANDID": "070308", "DF_SITE": 103, "SITE_CLASS": 4, "Age": 58, "Shape__Area": 93243.2109375, "Shape__Length": 1980.1790721514333, "Age_Class": "51-60"}}, {"type": "Feature", "id": "308", "geometry": {"type": "Polygon", "coordinates": [[[-123.35342, 44.62946], [-123.35244, 44.62943], [-123.35045, 44.62849], [-123.34981, 44.62847], [-123.34928, 44.62813], [-123.34918, 44.62775], [-123.34859, 44.62748], [-123.34786, 44.62746], [-123.34715, 44.62719], [-123.34618, 44.62646], [-123.34451, 44.62601], [-123.34392, 44.6257], [-123.34322, 44.62524], [-123.34275, 44.6243], [-123.34256, 44.6233], [-123.34155, 44.62226], [-123.34232, 44.62235], [-123.34418, 44.62304], [-123.3458, 44.62477], [-123.34733, 44.62558], [-123.34742, 44.62572], [-123.34719, 44.6257], [-123.34713, 44.6259], [-123.34752, 44.62615], [-123.34754, 44.626], [-123.3477, 44.626], [-123.34786, 44.62617], [-123.34775, 44.6265], [-123.34797, 44.62675], [-123.34822, 44.62661], [-123.34878, 44.62683], [-123.34894, 44.62656], [-123.34881, 44.62616], [-123.34954, 44.62674], [-123.34997, 44.6267], [-123.35041, 44.62643], [-123.35214, 44.62631], [-123.35237, 44.62665], [-123.35345, 44.62725], [-123.35342, 44.62946]]]}, "properties": {"FID": 308, "ACRES": 47.680664953, "STANDID": "070113", "DF_SITE": 117, "SITE_CLASS": 2, "Age": 58, "Shape__Area": 381028.515625, "Shape__Length": 4360.3868698021715, "Age_Class": "51-60"}}, {"type": "Feature", "id": "309", "geometry": {"type": "Polygon", "coordinates": [[[-123.30494, 44.63049], [-123.3049, 44.63011], [-123.30538, 44.62936], [-123.3053, 44.62798], [-123.30502, 44.62764], [-123.30559, 44.62768], [-123.30546, 44.62742], [-123.30583, 44.62734], [-123.30602, 44.6275], [-123.3063, 44.62747], [-123.30626, 44.62775], [-123.30659, 44.62809], [-123.30692, 44.6293], [-123.30585, 44.63041], [-123.30542, 44.63057], [-123.30494, 44.63049]]]}, "properties": {"FID": 309, "ACRES": 8.75776322524, "STANDID": "060606", "DF_SITE": 169, "SITE_CLASS": 1, "Age": 57, "Shape__Area": 69992.1015625, "Shape__Length": 1344.388266415376, "Age_Class": "51-60"}}, {"type": "Feature", "id": "310", "geometry": {"type": "Polygon", "coordinates": [[[-123.30496, 44.62996], [-123.30409, 44.62964], [-123.30454, 44.62929], [-123.30467, 44.62894], [-123.30348, 44.62895], [-123.30323, 44.62877], [-123.30302, 44.627], [-123.30333, 44.6266], [-123.30361, 44.62657], [-123.30363, 44.6269], [-123.30527, 44.62787], [-123.30538, 44.62936], [-123.30496, 44.62996]]]}, "properties": {"FID": 310, "ACRES": 9.87537663113, "STANDID": "060702", "DF_SITE": 127, "SITE_CLASS": 2, "Age": 49, "Shape__Area": 78921.9921875, "Shape__Length": 1462.9820732706237, "Age_Class": "36-50"}}, {"type": "Feature", "id": "311", "geometry": {"type": "Polygon", "coordinates": [[[-123.34227, 44.62862], [-123.34196, 44.62842], [-123.34143, 44.6275], [-123.34149, 44.6272], [-123.34093, 44.62638], [-123.34113, 44.62593], [-123.34023, 44.62377], [-123.33799, 44.6228], [-123.33808, 44.6226], [-123.33782, 44.62186], [-123.33805, 44.62128], [-123.33805, 44.62074], [-123.33716, 44.62019], [-123.33915, 44.62072], [-123.33975, 44.62134], [-123.34155, 44.62226], [-123.34256, 44.6233], [-123.34275, 44.6243], [-123.34326, 44.6254], [-123.34317, 44.62616], [-123.34233, 44.62783], [-123.34227, 44.62862]]]}, "properties": {"FID": 311, "ACRES": 37.313794341, "STANDID": "070317", "DF_SITE": 97, "SITE_CLASS": 3, "Age": 104, "Shape__Area": 298160.0234375, "Shape__Length": 3265.3787824058677, "Age_Class": null}}, {"type": "Feature", "id": "312", "geometry": {"type": "Polygon", "coordinates": [[[-123.33077, 44.62859], [-123.32943, 44.6286], [-123.32949, 44.62805], [-123.32841, 44.62718], [-123.32849, 44.6268], [-123.32795, 44.62584], [-123.32804, 44.62535], [-123.32782, 44.62492], [-123.32635, 44.6243], [-123.32582, 44.62356], [-123.32515, 44.62328], [-123.32459, 44.62326], [-123.32363, 44.62365], [-123.3237, 44.6228], [-123.32431, 44.62148], [-123.32456, 44.6205], [-123.32502, 44.6199], [-123.32506, 44.61957], [-123.32547, 44.6194], [-123.32622, 44.62035], [-123.32649, 44.62043], [-123.3266, 44.62033], [-123.32617, 44.61963], [-123.3261, 44.61918], [-123.32654, 44.61879], [-123.32727, 44.6176], [-123.32804, 44.61723], [-123.32866, 44.61666], [-123.3292, 44.61761], [-123.32912, 44.61814], [-123.32925, 44.61836], [-123.33071, 44.61724], [-123.3316, 44.61735], [-123.33157, 44.61767], [-123.33179, 44.61808], [-123.33168, 44.61834], [-123.33128, 44.61844], [-123.33078, 44.61821], [-123.33047, 44.61828], [-123.3301, 44.61854], [-123.32998, 44.61887], [-123.33021, 44.61904], [-123.33161, 44.61921], [-123.33185, 44.6197], [-123.33153, 44.61987], [-123.33083, 44.61941], [-123.33034, 44.6195], [-123.32917, 44.61919], [-123.32884, 44.61918], [-123.32851, 44.61939], [-123.32973, 44.62014], [-123.33017, 44.6202], [-123.33048, 44.62054], [-123.33139, 44.62024], [-123.33161, 44.62043], [-123.33145, 44.62072], [-123.33158, 44.62076], [-123.33222, 44.62038], [-123.33255, 44.62035], [-123.33332, 44.62099], [-123.3321, 44.62187], [-123.33146, 44.62284], [-123.33143, 44.6232], [-123.33117, 44.62333], [-123.33144, 44.62382], [-123.331, 44.62412], [-123.33124, 44.6245], [-123.33074, 44.62484], [-123.33068, 44.62507], [-123.33173, 44.62519], [-123.33257, 44.62457], [-123.33269, 44.62466], [-123.33258, 44.62513], [-123.3312, 44.62605], [-123.33117, 44.6263], [-123.33143, 44.62647], [-123.33058, 44.62725], [-123.33084, 44.62739], [-123.33066, 44.62787], [-123.33077, 44.62859]]]}, "properties": {"FID": 312, "ACRES": 117.33181485, "STANDID": "070414", "DF_SITE": 99, "SITE_CLASS": 3, "Age": 148, "Shape__Area": 937498.4921875, "Shape__Length": 7518.692163713732, "Age_Class": null}}, {"type": "Feature", "id": "313", "geometry": {"type": "Polygon", "coordinates": [[[-123.32943, 44.6286], [-123.32186, 44.62862], [-123.32186, 44.6282], [-123.32239, 44.62735], [-123.32316, 44.62684], [-123.32318, 44.62637], [-123.32397, 44.62458], [-123.32383, 44.62403], [-123.32365, 44.62405], [-123.3235, 44.62381], [-123.32459, 44.62326], [-123.32515, 44.62328], [-123.32582, 44.62356], [-123.32635, 44.6243], [-123.32782, 44.62492], [-123.32804, 44.62535], [-123.32795, 44.62584], [-123.32849, 44.6268], [-123.32841, 44.62718], [-123.32949, 44.62805], [-123.32943, 44.6286]]]}, "properties": {"FID": 313, "ACRES": 54.371820831, "STANDID": "070410", "DF_SITE": 103, "SITE_CLASS": 3, "Age": 33, "Shape__Area": 434501.25, "Shape__Length": 3017.7350282533653, "Age_Class": "21-35"}}, {"type": "Feature", "id": "314", "geometry": {"type": "Polygon", "coordinates": [[[-123.33784, 44.6278], [-123.33721, 44.62833], [-123.33705, 44.62774], [-123.33712, 44.62729], [-123.33646, 44.6269], [-123.33529, 44.62691], [-123.33425, 44.62608], [-123.33429, 44.62561], [-123.33465, 44.62506], [-123.33447, 44.62446], [-123.33465, 44.62389], [-123.33521, 44.62404], [-123.33598, 44.62387], [-123.3356, 44.6232], [-123.33596, 44.62284], [-123.33536, 44.62228], [-123.33529, 44.622], [-123.33591, 44.62123], [-123.33761, 44.62278], [-123.33899, 44.62313], [-123.34023, 44.62377], [-123.34113, 44.62593], [-123.34073, 44.62657], [-123.33959, 44.6267], [-123.33885, 44.62642], [-123.33803, 44.62671], [-123.3374, 44.62721], [-123.3374, 44.62737], [-123.33778, 44.62758], [-123.33784, 44.6278]]]}, "properties": {"FID": 314, "ACRES": 52.3083186125, "STANDID": "070315", "DF_SITE": 98, "SITE_CLASS": 3, "Age": 37, "Shape__Area": 417989.015625, "Shape__Length": 3387.814522744583, "Age_Class": "36-50"}}, {"type": "Feature", "id": "315", "geometry": {"type": "Polygon", "coordinates": [[[-123.32186, 44.62862], [-123.31627, 44.62861], [-123.31601, 44.62835], [-123.31612, 44.62819], [-123.31664, 44.62845], [-123.31793, 44.62832], [-123.31826, 44.62798], [-123.31838, 44.62731], [-123.31929, 44.62638], [-123.31954, 44.62581], [-123.32004, 44.62572], [-123.32041, 44.62546], [-123.32064, 44.62576], [-123.3211, 44.62549], [-123.32139, 44.62558], [-123.32175, 44.62544], [-123.32295, 44.62477], [-123.32328, 44.62389], [-123.32364, 44.62368], [-123.3235, 44.62381], [-123.32365, 44.62405], [-123.32383, 44.62403], [-123.32398, 44.6245], [-123.32353, 44.62544], [-123.32349, 44.6259], [-123.32318, 44.62637], [-123.32316, 44.62684], [-123.32239, 44.62735], [-123.32186, 44.6282], [-123.32186, 44.62862]]]}, "properties": {"FID": 315, "ACRES": 31.1158008058, "STANDID": "070501", "DF_SITE": 91, "SITE_CLASS": 4, "Age": 158, "Shape__Area": 248658.796875, "Shape__Length": 2987.638094008245, "Age_Class": null}}, {"type": "Feature", "id": "316", "geometry": {"type": "Polygon", "coordinates": [[[-123.33423, 44.62583], [-123.33421, 44.62812], [-123.33395, 44.62809], [-123.33343, 44.62759], [-123.3334, 44.62708], [-123.33307, 44.62681], [-123.3329, 44.62618], [-123.33121, 44.62672], [-123.33143, 44.62647], [-123.33117, 44.6263], [-123.3312, 44.62605], [-123.33258, 44.62513], [-123.33268, 44.62459], [-123.33173, 44.62519], [-123.33116, 44.62521], [-123.33065, 44.62503], [-123.33124, 44.6245], [-123.331, 44.62412], [-123.33144, 44.62382], [-123.33117, 44.62333], [-123.33143, 44.6232], [-123.33146, 44.62284], [-123.3321, 44.62187], [-123.33332, 44.62099], [-123.33547, 44.62069], [-123.33568, 44.62046], [-123.33558, 44.61974], [-123.33506, 44.61944], [-123.33434, 44.61842], [-123.33389, 44.61672], [-123.33389, 44.61593], [-123.33275, 44.61487], [-123.33284, 44.61467], [-123.33351, 44.61486], [-123.33393, 44.61462], [-123.33455, 44.61524], [-123.33493, 44.61593], [-123.33503, 44.61673], [-123.33571, 44.61794], [-123.33602, 44.61964], [-123.33794, 44.62069], [-123.33775, 44.62087], [-123.3365, 44.62074], [-123.33619, 44.62089], [-123.33521, 44.622], [-123.33503, 44.62268], [-123.33463, 44.62301], [-123.33465, 44.62389], [-123.33447, 44.62446], [-123.33465, 44.62506], [-123.33423, 44.62583]]]}, "properties": {"FID": 316, "ACRES": 58.3780805629, "STANDID": "070701", "DF_SITE": 100, "SITE_CLASS": 3, "Age": 178, "Shape__Area": 466447.53125, "Shape__Length": 6104.920980845775, "Age_Class": null}}, {"type": "Feature", "id": "317", "geometry": {"type": "Polygon", "coordinates": [[[-123.31627, 44.62861], [-123.3145, 44.6286], [-123.3131, 44.62628], [-123.31252, 44.62461], [-123.3118, 44.62384], [-123.31171, 44.62334], [-123.31185, 44.62307], [-123.31284, 44.62315], [-123.31304, 44.62296], [-123.313, 44.62266], [-123.31328, 44.62257], [-123.31551, 44.62387], [-123.31721, 44.62559], [-123.31776, 44.62577], [-123.31767, 44.62606], [-123.31785, 44.62627], [-123.31756, 44.62657], [-123.31801, 44.62736], [-123.31832, 44.62752], [-123.31826, 44.62798], [-123.31776, 44.62836], [-123.31664, 44.62845], [-123.31605, 44.62822], [-123.31627, 44.62861]]]}, "properties": {"FID": 317, "ACRES": 47.5715841635, "STANDID": "060501", "DF_SITE": 122, "SITE_CLASS": 2, "Age": 337, "Shape__Area": 380150.890625, "Shape__Length": 2866.3589384590678, "Age_Class": null}}, {"type": "Feature", "id": "318", "geometry": {"type": "Polygon", "coordinates": [[[-123.35349, 44.62404], [-123.35345, 44.62725], [-123.35237, 44.62665], [-123.35145, 44.62531], [-123.35051, 44.62465], [-123.34931, 44.62343], [-123.35351, 44.62226], [-123.35349, 44.62349], [-123.35344, 44.62339], [-123.35303, 44.62349], [-123.35325, 44.62389], [-123.35295, 44.6238], [-123.35303, 44.62387], [-123.35277, 44.62391], [-123.35258, 44.62415], [-123.35186, 44.62425], [-123.35349, 44.62404]]]}, "properties": {"FID": 318, "ACRES": 22.6361983915, "STANDID": "070112", "DF_SITE": 109, "SITE_CLASS": 3, "Age": 89, "Shape__Area": 180879.7578125, "Shape__Length": 2538.1212855343438, "Age_Class": null}}, {"type": "Feature", "id": "319", "geometry": {"type": "Polygon", "coordinates": [[[-123.35214, 44.62631], [-123.35041, 44.62643], [-123.34997, 44.6267], [-123.34954, 44.62674], [-123.34881, 44.62616], [-123.34897, 44.62598], [-123.34953, 44.62611], [-123.34963, 44.626], [-123.34948, 44.62576], [-123.34876, 44.6257], [-123.34841, 44.62586], [-123.34687, 44.62539], [-123.34526, 44.62431], [-123.34418, 44.62304], [-123.34827, 44.62348], [-123.34931, 44.62343], [-123.35051, 44.62465], [-123.35145, 44.62531], [-123.35214, 44.62631]]]}, "properties": {"FID": 319, "ACRES": 29.703628326, "STANDID": "070111", "DF_SITE": 115, "SITE_CLASS": 2, "Age": 52, "Shape__Area": 237356.71875, "Shape__Length": 2554.5486508136005, "Age_Class": "51-60"}}, {"type": "Feature", "id": "320", "geometry": {"type": "Polygon", "coordinates": [[[-123.31937, 44.62628], [-123.31832, 44.62752], [-123.31801, 44.62736], [-123.31756, 44.62657], [-123.31785, 44.62627], [-123.31767, 44.62606], [-123.31776, 44.62577], [-123.31721, 44.62559], [-123.31551, 44.62387], [-123.31328, 44.62257], [-123.31437, 44.62232], [-123.31435, 44.62278], [-123.31517, 44.62286], [-123.31517, 44.62267], [-123.31479, 44.62252], [-123.31473, 44.62228], [-123.31524, 44.62179], [-123.31612, 44.62173], [-123.31647, 44.62147], [-123.31722, 44.62131], [-123.31805, 44.62244], [-123.31873, 44.62293], [-123.31939, 44.62385], [-123.31953, 44.62584], [-123.31937, 44.62628]]]}, "properties": {"FID": 320, "ACRES": 35.8121302714, "STANDID": "060503", "DF_SITE": 108, "SITE_CLASS": 3, "Age": 134, "Shape__Area": 286160.734375, "Shape__Length": 2908.5369766587346, "Age_Class": null}}, {"type": "Feature", "id": "321", "geometry": {"type": "Polygon", "coordinates": [[[-123.30559, 44.62768], [-123.30502, 44.62764], [-123.30524, 44.62716], [-123.30548, 44.62705], [-123.30532, 44.62645], [-123.30366, 44.62514], [-123.30422, 44.62421], [-123.30466, 44.62381], [-123.307, 44.62321], [-123.30894, 44.62557], [-123.3082, 44.62572], [-123.30742, 44.62547], [-123.30681, 44.62553], [-123.30673, 44.62571], [-123.30701, 44.62624], [-123.30681, 44.6266], [-123.30633, 44.62681], [-123.30649, 44.62706], [-123.3064, 44.62742], [-123.30614, 44.62751], [-123.30573, 44.62736], [-123.30544, 44.62745], [-123.30559, 44.62768]]]}, "properties": {"FID": 321, "ACRES": 24.5895069918, "STANDID": "060611", "DF_SITE": 114, "SITE_CLASS": 3, "Age": 162, "Shape__Area": 196493.296875, "Shape__Length": 2298.338291722711, "Age_Class": null}}, {"type": "Feature", "id": "322", "geometry": {"type": "Polygon", "coordinates": [[[-123.32041, 44.62546], [-123.31954, 44.62581], [-123.31944, 44.62404], [-123.31924, 44.62355], [-123.31859, 44.62279], [-123.31805, 44.62244], [-123.31704, 44.62101], [-123.31556, 44.61984], [-123.31537, 44.61951], [-123.31749, 44.62003], [-123.31796, 44.61972], [-123.31895, 44.61973], [-123.31971, 44.61938], [-123.32108, 44.61911], [-123.32142, 44.61853], [-123.322, 44.61843], [-123.3222, 44.61794], [-123.32211, 44.61777], [-123.32167, 44.61769], [-123.32091, 44.61726], [-123.32037, 44.61735], [-123.31979, 44.61712], [-123.32008, 44.6166], [-123.32047, 44.61638], [-123.32116, 44.61646], [-123.32214, 44.61692], [-123.3226, 44.61699], [-123.32288, 44.6168], [-123.32366, 44.617], [-123.32388, 44.61726], [-123.32441, 44.61743], [-123.32524, 44.6173], [-123.32638, 44.61764], [-123.32477, 44.61905], [-123.32334, 44.62093], [-123.32288, 44.62179], [-123.32255, 44.62304], [-123.32261, 44.6242], [-123.32251, 44.62454], [-123.32223, 44.62473], [-123.32222, 44.6249], [-123.32245, 44.62496], [-123.32139, 44.62558], [-123.3211, 44.62549], [-123.32064, 44.62576], [-123.32041, 44.62546]]]}, "properties": {"FID": 322, "ACRES": 86.5908211727, "STANDID": "070506", "DF_SITE": 100, "SITE_CLASS": 3, "Age": 101, "Shape__Area": 691840.0546875, "Shape__Length": 5077.145696945834, "Age_Class": null}}, {"type": "Feature", "id": "323", "geometry": {"type": "Polygon", "coordinates": [[[-123.31023, 44.62354], [-123.30894, 44.62557], [-123.30695, 44.62314], [-123.30734, 44.62266], [-123.30802, 44.6205], [-123.30861, 44.61973], [-123.30923, 44.62067], [-123.30986, 44.62119], [-123.31024, 44.6221], [-123.3102, 44.62271], [-123.31064, 44.62279], [-123.31075, 44.62316], [-123.31023, 44.62354]]]}, "properties": {"FID": 323, "ACRES": 24.8892630493, "STANDID": "060504", "DF_SITE": 104, "SITE_CLASS": 3, "Age": 104, "Shape__Area": 198872.109375, "Shape__Length": 2084.2779992886744, "Age_Class": null}}, {"type": "Feature", "id": "324", "geometry": {"type": "Polygon", "coordinates": [[[-123.32295, 44.62477], [-123.32222, 44.6249], [-123.32223, 44.62473], [-123.32251, 44.62454], [-123.32261, 44.6242], [-123.32255, 44.62304], [-123.32288, 44.62179], [-123.32351, 44.62066], [-123.32477, 44.61905], [-123.32956, 44.61459], [-123.33052, 44.6131], [-123.33102, 44.61201], [-123.33146, 44.61212], [-123.33371, 44.61443], [-123.33259, 44.61443], [-123.3317, 44.61402], [-123.33084, 44.61439], [-123.33011, 44.61513], [-123.3301, 44.61549], [-123.32884, 44.61637], [-123.32881, 44.6166], [-123.32804, 44.61723], [-123.32727, 44.6176], [-123.32686, 44.6181], [-123.32654, 44.61879], [-123.3261, 44.61918], [-123.32617, 44.61963], [-123.3266, 44.62033], [-123.32649, 44.62043], [-123.32622, 44.62035], [-123.32547, 44.6194], [-123.32506, 44.61957], [-123.32502, 44.6199], [-123.32456, 44.6205], [-123.32431, 44.62148], [-123.3237, 44.6228], [-123.32364, 44.62368], [-123.32328, 44.62389], [-123.32295, 44.62477]]]}, "properties": {"FID": 324, "ACRES": 36.047860428, "STANDID": "070706", "DF_SITE": 98, "SITE_CLASS": 3, "Age": 83, "Shape__Area": 287982.265625, "Shape__Length": 5582.301380051781, "Age_Class": null}}, {"type": "Feature", "id": "325", "geometry": {"type": "Polygon", "coordinates": [[[-123.297, 44.62559], [-123.29703, 44.62125], [-123.29787, 44.6213], [-123.29834, 44.6211], [-123.29873, 44.62135], [-123.30176, 44.62139], [-123.3018, 44.62271], [-123.30217, 44.62437], [-123.30195, 44.62485], [-123.30121, 44.62493], [-123.3006, 44.62539], [-123.29938, 44.62527], [-123.29917, 44.625], [-123.29877, 44.62511], [-123.29873, 44.62534], [-123.297, 44.62559]]]}, "properties": {"FID": 325, "ACRES": 42.1974791299, "STANDID": "060709", "DF_SITE": 100, "SITE_CLASS": 3, "Age": 83, "Shape__Area": 337176.3984375, "Shape__Length": 2467.0833956805263, "Age_Class": null}}, {"type": "Feature", "id": "326", "geometry": {"type": "Polygon", "coordinates": [[[-123.33465, 44.62389], [-123.33463, 44.62301], [-123.33503, 44.62268], [-123.3353, 44.62192], [-123.33536, 44.62228], [-123.33596, 44.62284], [-123.3356, 44.6232], [-123.33598, 44.62387], [-123.33521, 44.62404], [-123.33465, 44.62389]]]}, "properties": {"FID": 326, "ACRES": 3.97671405324, "STANDID": "070313", "DF_SITE": 102, "SITE_CLASS": 3, "Age": 45, "Shape__Area": 31775.5859375, "Shape__Length": 860.662247433245, "Age_Class": "36-50"}}, {"type": "Feature", "id": "327", "geometry": {"type": "Polygon", "coordinates": [[[-123.35067, 44.6231], [-123.34827, 44.62348], [-123.34429, 44.62307], [-123.34232, 44.62235], [-123.34128, 44.6222], [-123.34044, 44.62176], [-123.34102, 44.62169], [-123.34166, 44.62129], [-123.34247, 44.61982], [-123.34232, 44.61915], [-123.34167, 44.61909], [-123.34128, 44.61841], [-123.34136, 44.61822], [-123.34106, 44.61814], [-123.34093, 44.61783], [-123.34046, 44.61779], [-123.34033, 44.61764], [-123.34023, 44.61736], [-123.34084, 44.61751], [-123.34127, 44.61744], [-123.34124, 44.61703], [-123.34099, 44.61662], [-123.33991, 44.61571], [-123.34117, 44.61573], [-123.34233, 44.61608], [-123.34313, 44.61613], [-123.34313, 44.61788], [-123.3447, 44.61791], [-123.34407, 44.61827], [-123.34387, 44.6186], [-123.34464, 44.61917], [-123.34558, 44.61934], [-123.34618, 44.61922], [-123.34644, 44.61934], [-123.3467, 44.61904], [-123.34718, 44.61915], [-123.34765, 44.61984], [-123.34665, 44.62076], [-123.34693, 44.62117], [-123.34666, 44.62158], [-123.34702, 44.6221], [-123.3474, 44.62226], [-123.34803, 44.62221], [-123.34842, 44.62162], [-123.34881, 44.62169], [-123.34895, 44.62198], [-123.34963, 44.62237], [-123.35002, 44.62228], [-123.35033, 44.62176], [-123.35146, 44.62193], [-123.35232, 44.62184], [-123.35291, 44.62234], [-123.35067, 44.6231]]]}, "properties": {"FID": 327, "ACRES": 75.2881810313, "STANDID": "070617", "DF_SITE": 117, "SITE_CLASS": 2, "Age": 109, "Shape__Area": 601527.453125, "Shape__Length": 5805.519250022407, "Age_Class": null}}, {"type": "Feature", "id": "328", "geometry": {"type": "Polygon", "coordinates": [[[-123.30462, 44.62375], [-123.30401, 44.6245], [-123.30203, 44.62364], [-123.3018, 44.62271], [-123.30176, 44.62139], [-123.29873, 44.62135], [-123.29834, 44.6211], [-123.29787, 44.6213], [-123.29703, 44.62125], [-123.29772, 44.62083], [-123.29708, 44.62044], [-123.29654, 44.61927], [-123.29618, 44.61889], [-123.29418, 44.61877], [-123.29397, 44.61979], [-123.29286, 44.62011], [-123.2918, 44.62012], [-123.29179, 44.61685], [-123.28719, 44.61686], [-123.28722, 44.61601], [-123.28772, 44.61639], [-123.28739, 44.61572], [-123.28736, 44.61527], [-123.28823, 44.6158], [-123.28954, 44.61514], [-123.28969, 44.61526], [-123.28961, 44.61552], [-123.28979, 44.61583], [-123.29078, 44.61667], [-123.29115, 44.61671], [-123.29154, 44.61653], [-123.2918, 44.61684], [-123.29273, 44.61699], [-123.2959, 44.61665], [-123.2958, 44.61674], [-123.29613, 44.61688], [-123.29608, 44.6171], [-123.29633, 44.61723], [-123.29665, 44.61688], [-123.29691, 44.61677], [-123.297, 44.61694], [-123.29743, 44.61675], [-123.29792, 44.61628], [-123.29915, 44.61597], [-123.29945, 44.61612], [-123.30006, 44.61652], [-123.30094, 44.61755], [-123.30165, 44.6194], [-123.30276, 44.62079], [-123.30301, 44.621], [-123.30355, 44.62102], [-123.3038, 44.62079], [-123.30431, 44.62097], [-123.30613, 44.6223], [-123.30698, 44.62322], [-123.30607, 44.62345], [-123.3051, 44.62231], [-123.30411, 44.62253], [-123.30364, 44.62277], [-123.30342, 44.62329], [-123.30462, 44.62375]], [[-123.2995, 44.6206], [-123.29937, 44.62052], [-123.29963, 44.61993], [-123.2991, 44.61885], [-123.2986, 44.61841], [-123.29882, 44.61815], [-123.29877, 44.61767], [-123.29803, 44.61764], [-123.2978, 44.61796], [-123.29822, 44.61831], [-123.29814, 44.6185], [-123.2983, 44.61894], [-123.29815, 44.61936], [-123.29831, 44.61995], [-123.298, 44.62057], [-123.29841, 44.62075], [-123.2995, 44.6206]]]}, "properties": {"FID": 328, "ACRES": 99.0361889385, "STANDID": "060909", "DF_SITE": 110, "SITE_CLASS": 3, "Age": 79, "Shape__Area": 791229.53125, "Shape__Length": 9248.095101747735, "Age_Class": null}}, {"type": "Feature", "id": "329", "geometry": {"type": "Polygon", "coordinates": [[[-123.30462, 44.62375], [-123.30344, 44.6233], [-123.30344, 44.6231], [-123.30387, 44.62261], [-123.3051, 44.62231], [-123.30607, 44.62345], [-123.30462, 44.62375]]]}, "properties": {"FID": 329, "ACRES": 5.27925354051, "STANDID": "060801", "DF_SITE": 122, "SITE_CLASS": 2, "Age": 82, "Shape__Area": 42183.1875, "Shape__Length": 809.7616535620007, "Age_Class": null}}, {"type": "Feature", "id": "330", "geometry": {"type": "Polygon", "coordinates": [[[-123.33591, 44.62123], [-123.3365, 44.62074], [-123.33775, 44.62087], [-123.33804, 44.62072], [-123.33805, 44.62128], [-123.33782, 44.62186], [-123.33808, 44.6226], [-123.33799, 44.6228], [-123.33761, 44.62278], [-123.33591, 44.62123]]]}, "properties": {"FID": 330, "ACRES": 6.0651840379, "STANDID": "070314", "DF_SITE": 98, "SITE_CLASS": 3, "Age": 44, "Shape__Area": 48460.5546875, "Shape__Length": 994.2067144367495, "Age_Class": "36-50"}}, {"type": "Feature", "id": "331", "geometry": {"type": "Polygon", "coordinates": [[[-123.35291, 44.62234], [-123.35232, 44.62184], [-123.35044, 44.62184], [-123.35035, 44.62165], [-123.35108, 44.62143], [-123.35106, 44.62124], [-123.35053, 44.62117], [-123.35017, 44.62092], [-123.35124, 44.62017], [-123.3511, 44.61954], [-123.35123, 44.6191], [-123.35261, 44.619], [-123.35292, 44.61867], [-123.35249, 44.61806], [-123.3535, 44.61808], [-123.35351, 44.62226], [-123.35291, 44.62234]]]}, "properties": {"FID": 331, "ACRES": 18.5792036871, "STANDID": "070602", "DF_SITE": 109, "SITE_CLASS": 3, "Age": 66, "Shape__Area": 148441.203125, "Shape__Length": 2114.7539573873523, "Age_Class": null}}, {"type": "Feature", "id": "332", "geometry": {"type": "Polygon", "coordinates": [[[-123.35022, 44.62205], [-123.34981, 44.62238], [-123.34943, 44.62233], [-123.34895, 44.62198], [-123.34881, 44.62169], [-123.34825, 44.62159], [-123.348, 44.62123], [-123.34734, 44.62091], [-123.3473, 44.62025], [-123.34765, 44.61984], [-123.34725, 44.61922], [-123.34743, 44.61909], [-123.34747, 44.61877], [-123.348, 44.61851], [-123.34816, 44.61798], [-123.34936, 44.618], [-123.34961, 44.61838], [-123.35122, 44.61903], [-123.3511, 44.61954], [-123.35124, 44.62017], [-123.35017, 44.62092], [-123.35053, 44.62117], [-123.35106, 44.62124], [-123.35108, 44.62143], [-123.35035, 44.62165], [-123.35022, 44.62205]]]}, "properties": {"FID": 332, "ACRES": 26.2959942793, "STANDID": "070603", "DF_SITE": 107, "SITE_CLASS": 3, "Age": 287, "Shape__Area": 210092.7265625, "Shape__Length": 2065.192159134666, "Age_Class": null}}, {"type": "Feature", "id": "333", "geometry": {"type": "Polygon", "coordinates": [[[-123.34803, 44.62221], [-123.34733, 44.62226], [-123.34698, 44.62206], [-123.34666, 44.62158], [-123.34693, 44.62117], [-123.34665, 44.62076], [-123.3473, 44.62025], [-123.34734, 44.62091], [-123.34842, 44.62162], [-123.34803, 44.62221]]]}, "properties": {"FID": 333, "ACRES": 4.02228111659, "STANDID": "070618", "DF_SITE": 121, "SITE_CLASS": 2, "Age": 72, "Shape__Area": 32137.75, "Shape__Length": 853.7777343298537, "Age_Class": null}}, {"type": "Feature", "id": "334", "geometry": {"type": "Polygon", "coordinates": [[[-123.3108, 44.62312], [-123.31064, 44.62279], [-123.3102, 44.62271], [-123.31024, 44.6221], [-123.30991, 44.62128], [-123.30923, 44.62067], [-123.30861, 44.61973], [-123.31007, 44.61859], [-123.31086, 44.61859], [-123.31163, 44.61888], [-123.31182, 44.61911], [-123.31173, 44.61961], [-123.31213, 44.6192], [-123.31348, 44.61843], [-123.31382, 44.61783], [-123.31356, 44.61713], [-123.31388, 44.61722], [-123.31446, 44.61867], [-123.31507, 44.61906], [-123.31556, 44.61984], [-123.31635, 44.62046], [-123.31626, 44.62137], [-123.31531, 44.62141], [-123.31477, 44.62123], [-123.31475, 44.62166], [-123.3141, 44.62181], [-123.31435, 44.62195], [-123.31437, 44.62232], [-123.313, 44.62266], [-123.31304, 44.62296], [-123.31284, 44.62315], [-123.31195, 44.62301], [-123.31178, 44.62316], [-123.31162, 44.62266], [-123.3108, 44.62312]]]}, "properties": {"FID": 334, "ACRES": 52.288833815, "STANDID": "060513", "DF_SITE": 103, "SITE_CLASS": 3, "Age": 152, "Shape__Area": 417770.7890625, "Shape__Length": 3483.9299079653156, "Age_Class": null}}, {"type": "Feature", "id": "335", "geometry": {"type": "Polygon", "coordinates": [[[-123.307, 44.62321], [-123.30613, 44.6223], [-123.30431, 44.62097], [-123.30464, 44.62092], [-123.30598, 44.6198], [-123.30659, 44.61896], [-123.30783, 44.6187], [-123.30912, 44.61929], [-123.30802, 44.6205], [-123.30734, 44.62266], [-123.307, 44.62321]]]}, "properties": {"FID": 335, "ACRES": 21.5837083329, "STANDID": "060805", "DF_SITE": 114, "SITE_CLASS": 3, "Age": 107, "Shape__Area": 172447.5546875, "Shape__Length": 1883.3523607181135, "Age_Class": null}}, {"type": "Feature", "id": "336", "geometry": {"type": "Polygon", "coordinates": [[[-123.34044, 44.62176], [-123.33897, 44.62063], [-123.33716, 44.62019], [-123.33605, 44.61968], [-123.33571, 44.61794], [-123.33503, 44.61673], [-123.33488, 44.61579], [-123.33393, 44.61462], [-123.33534, 44.61564], [-123.33622, 44.61592], [-123.33626, 44.61623], [-123.33585, 44.61646], [-123.33634, 44.61659], [-123.3367, 44.61689], [-123.33717, 44.61689], [-123.33741, 44.61665], [-123.33701, 44.61623], [-123.33697, 44.61589], [-123.33744, 44.61599], [-123.33768, 44.61579], [-123.33808, 44.61609], [-123.33815, 44.61656], [-123.33783, 44.61665], [-123.33807, 44.61687], [-123.33799, 44.61703], [-123.33812, 44.61719], [-123.33858, 44.61733], [-123.3383, 44.61696], [-123.33868, 44.61678], [-123.33978, 44.61726], [-123.33978, 44.61746], [-123.33924, 44.61753], [-123.33903, 44.61876], [-123.3392, 44.61909], [-123.34066, 44.61931], [-123.34124, 44.61919], [-123.34151, 44.61946], [-123.34143, 44.61999], [-123.34191, 44.62025], [-123.34247, 44.61986], [-123.34206, 44.62037], [-123.34195, 44.62091], [-123.34134, 44.62155], [-123.34044, 44.62176]]]}, "properties": {"FID": 336, "ACRES": 43.5279443266, "STANDID": "070606", "DF_SITE": 104, "SITE_CLASS": 3, "Age": 138, "Shape__Area": 347752.3671875, "Shape__Length": 4297.442669420648, "Age_Class": null}}, {"type": "Feature", "id": "337", "geometry": {"type": "Polygon", "coordinates": [[[-123.33332, 44.62099], [-123.33255, 44.62035], [-123.33222, 44.62038], [-123.33158, 44.62076], [-123.33145, 44.62072], [-123.33161, 44.62043], [-123.33139, 44.62024], [-123.33042, 44.62052], [-123.33017, 44.6202], [-123.32973, 44.62014], [-123.32851, 44.61935], [-123.32894, 44.61917], [-123.33034, 44.6195], [-123.33078, 44.6194], [-123.33171, 44.61987], [-123.33185, 44.6197], [-123.3317, 44.61927], [-123.33008, 44.619], [-123.32998, 44.61887], [-123.3301, 44.61854], [-123.33074, 44.61822], [-123.33128, 44.61844], [-123.33168, 44.61834], [-123.33179, 44.61808], [-123.33157, 44.61767], [-123.33412, 44.6176], [-123.33434, 44.61842], [-123.33468, 44.61898], [-123.33516, 44.61953], [-123.33558, 44.61974], [-123.33568, 44.62046], [-123.33547, 44.62069], [-123.33332, 44.62099]]]}, "properties": {"FID": 337, "ACRES": 29.3781815824, "STANDID": "070707", "DF_SITE": 100, "SITE_CLASS": 3, "Age": 161, "Shape__Area": 234712.6328125, "Shape__Length": 2980.6454898004135, "Age_Class": null}}, {"type": "Feature", "id": "338", "geometry": {"type": "Polygon", "coordinates": [[[-123.3038, 44.62079], [-123.30355, 44.62102], [-123.30301, 44.621], [-123.30276, 44.62079], [-123.30165, 44.6194], [-123.30094, 44.61755], [-123.30006, 44.61652], [-123.29915, 44.61597], [-123.29935, 44.61586], [-123.29883, 44.61542], [-123.29856, 44.61477], [-123.29776, 44.61427], [-123.29737, 44.61378], [-123.29596, 44.61342], [-123.29385, 44.61371], [-123.29254, 44.61353], [-123.29199, 44.61378], [-123.29131, 44.61383], [-123.28963, 44.61372], [-123.28941, 44.61388], [-123.28975, 44.61409], [-123.28973, 44.61447], [-123.2901, 44.61498], [-123.28992, 44.61513], [-123.28963, 44.61493], [-123.28936, 44.61435], [-123.28905, 44.61485], [-123.2888, 44.61469], [-123.28902, 44.61378], [-123.28731, 44.61316], [-123.28735, 44.61189], [-123.28765, 44.61178], [-123.28746, 44.61246], [-123.28782, 44.61292], [-123.28915, 44.61326], [-123.28922, 44.6134], [-123.29042, 44.61336], [-123.29097, 44.61358], [-123.29143, 44.61342], [-123.29203, 44.61344], [-123.2925, 44.61306], [-123.2938, 44.61345], [-123.29488, 44.61328], [-123.29531, 44.61342], [-123.29557, 44.61304], [-123.29663, 44.61294], [-123.29689, 44.61273], [-123.29686, 44.61236], [-123.29704, 44.6123], [-123.29692, 44.6122], [-123.29709, 44.61216], [-123.29744, 44.61241], [-123.29786, 44.61218], [-123.29993, 44.61215], [-123.30019, 44.612], [-123.30039, 44.61217], [-123.30096, 44.61214], [-123.30163, 44.61249], [-123.30211, 44.6124], [-123.30232, 44.61217], [-123.30724, 44.61221], [-123.30724, 44.61403], [-123.30662, 44.61336], [-123.30592, 44.61309], [-123.30494, 44.61294], [-123.3041, 44.61321], [-123.3039, 44.61313], [-123.30418, 44.61309], [-123.30417, 44.61295], [-123.30283, 44.61267], [-123.30206, 44.61298], [-123.30256, 44.61306], [-123.30258, 44.6132], [-123.30301, 44.61341], [-123.30367, 44.61404], [-123.30377, 44.61455], [-123.30249, 44.61407], [-123.30239, 44.61389], [-123.30252, 44.61364], [-123.302, 44.61319], [-123.30087, 44.61339], [-123.3005, 44.61322], [-123.30172, 44.61298], [-123.30136, 44.61286], [-123.30078, 44.61294], [-123.2999, 44.61271], [-123.29921, 44.61285], [-123.29898, 44.6127], [-123.29856, 44.61295], [-123.29729, 44.61322], [-123.29716, 44.61343], [-123.29679, 44.61342], [-123.2976, 44.6136], [-123.29907, 44.61435], [-123.29979, 44.61538], [-123.30057, 44.61597], [-123.3007, 44.61643], [-123.30101, 44.61667], [-123.30157, 44.61666], [-123.30207, 44.61644], [-123.30206, 44.61673], [-123.30234, 44.61699], [-123.30386, 44.61748], [-123.30323, 44.61782], [-123.30253, 44.61784], [-123.30218, 44.61802], [-123.30194, 44.61848], [-123.30201, 44.61898], [-123.30242, 44.61952], [-123.30251, 44.61992], [-123.3031, 44.62053], [-123.3038, 44.62079]]]}, "properties": {"FID": 338, "ACRES": 48.1628919027, "STANDID": "061001", "DF_SITE": 106, "SITE_CLASS": 3, "Age": 89, "Shape__Area": 384725.65625, "Shape__Length": 10934.836143615146, "Age_Class": null}}, {"type": "Feature", "id": "339", "geometry": {"type": "Polygon", "coordinates": [[[-123.30431, 44.62097], [-123.3031, 44.62053], [-123.30251, 44.61992], [-123.30242, 44.61952], [-123.30201, 44.61898], [-123.30194, 44.61848], [-123.30218, 44.61802], [-123.30253, 44.61784], [-123.30323, 44.61782], [-123.30386, 44.61748], [-123.30506, 44.61782], [-123.30583, 44.61828], [-123.30671, 44.61836], [-123.30754, 44.61867], [-123.30659, 44.61896], [-123.30598, 44.6198], [-123.30464, 44.62092], [-123.30431, 44.62097]]]}, "properties": {"FID": 339, "ACRES": 23.6645674789, "STANDID": "060812", "DF_SITE": 99, "SITE_CLASS": 3, "Age": 133, "Shape__Area": 189062.7734375, "Shape__Length": 1801.6933732389325, "Age_Class": null}}, {"type": "Feature", "id": "340", "geometry": {"type": "Polygon", "coordinates": [[[-123.34725, 44.61922], [-123.34683, 44.61902], [-123.34644, 44.61934], [-123.34618, 44.61922], [-123.34558, 44.61934], [-123.34469, 44.61918], [-123.34388, 44.61852], [-123.3447, 44.61791], [-123.34816, 44.61798], [-123.348, 44.61851], [-123.34747, 44.61877], [-123.34743, 44.61909], [-123.34725, 44.61922]]]}, "properties": {"FID": 340, "ACRES": 9.8717636268, "STANDID": "070611", "DF_SITE": 102, "SITE_CLASS": 3, "Age": 137, "Shape__Area": 78866.8046875, "Shape__Length": 1252.378240243639, "Age_Class": null}}, {"type": "Feature", "id": "341", "geometry": {"type": "Polygon", "coordinates": [[[-123.31755, 44.62002], [-123.31537, 44.61951], [-123.31484, 44.61889], [-123.31732, 44.61929], [-123.31914, 44.61925], [-123.31901, 44.61872], [-123.31877, 44.61848], [-123.31873, 44.61787], [-123.31953, 44.61795], [-123.31969, 44.61783], [-123.31979, 44.61712], [-123.32037, 44.61735], [-123.32091, 44.61726], [-123.32167, 44.61769], [-123.32211, 44.61777], [-123.3222, 44.61794], [-123.322, 44.61843], [-123.32142, 44.61853], [-123.32108, 44.61911], [-123.31971, 44.61938], [-123.31895, 44.61973], [-123.31796, 44.61972], [-123.31755, 44.62002]]]}, "properties": {"FID": 341, "ACRES": 15.6403425698, "STANDID": "070505", "DF_SITE": 99, "SITE_CLASS": 3, "Age": 164, "Shape__Area": 124953.1484375, "Shape__Length": 2371.3235662660986, "Age_Class": null}}, {"type": "Feature", "id": "342", "geometry": {"type": "Polygon", "coordinates": [[[-123.34167, 44.61909], [-123.34066, 44.61931], [-123.3392, 44.61909], [-123.33903, 44.61876], [-123.33924, 44.61753], [-123.33978, 44.61746], [-123.34, 44.61727], [-123.34023, 44.61736], [-123.34049, 44.61816], [-123.3396, 44.61813], [-123.33938, 44.61841], [-123.34013, 44.61883], [-123.34065, 44.61857], [-123.34136, 44.61852], [-123.34167, 44.61909]]]}, "properties": {"FID": 342, "ACRES": 5.27407617285, "STANDID": "070613", "DF_SITE": 128, "SITE_CLASS": 4, "Age": 78, "Shape__Area": 42135.1171875, "Shape__Length": 1331.309490663193, "Age_Class": null}}, {"type": "Feature", "id": "343", "geometry": {"type": "Polygon", "coordinates": [[[-123.31235, 44.61852], [-123.31283, 44.61793], [-123.31281, 44.61771], [-123.31332, 44.61746], [-123.31281, 44.61719], [-123.31356, 44.61713], [-123.31382, 44.61783], [-123.31348, 44.61843], [-123.31213, 44.6192], [-123.31173, 44.61961], [-123.31183, 44.61914], [-123.31169, 44.61894], [-123.31086, 44.61859], [-123.31, 44.6186], [-123.30942, 44.61905], [-123.3095, 44.61854], [-123.30903, 44.61753], [-123.3108, 44.61719], [-123.31031, 44.61749], [-123.31121, 44.61778], [-123.31202, 44.61865], [-123.31235, 44.61852]]]}, "properties": {"FID": 343, "ACRES": 10.3219733071, "STANDID": "060511", "DF_SITE": 100, "SITE_CLASS": 3, "Age": 75, "Shape__Area": 82462.34375, "Shape__Length": 2171.5523948655286, "Age_Class": null}}, {"type": "Feature", "id": "344", "geometry": {"type": "Polygon", "coordinates": [[[-123.31911, 44.61922], [-123.31732, 44.61929], [-123.31484, 44.61889], [-123.31434, 44.6185], [-123.31388, 44.61722], [-123.31395, 44.61687], [-123.31532, 44.61541], [-123.31743, 44.61502], [-123.3184, 44.61523], [-123.31817, 44.61548], [-123.31848, 44.61611], [-123.31877, 44.61848], [-123.31901, 44.61872], [-123.31911, 44.61922]]]}, "properties": {"FID": 344, "ACRES": 35.9349051661, "STANDID": "070803", "DF_SITE": 120, "SITE_CLASS": 2, "Age": 50, "Shape__Area": 287075.890625, "Shape__Length": 2159.6951656444803, "Age_Class": "36-50"}}, {"type": "Feature", "id": "345", "geometry": {"type": "Polygon", "coordinates": [[[-123.30912, 44.61929], [-123.30798, 44.61874], [-123.30709, 44.61858], [-123.30665, 44.61835], [-123.30583, 44.61828], [-123.30506, 44.61782], [-123.30264, 44.61714], [-123.30206, 44.61673], [-123.30207, 44.61644], [-123.3027, 44.6161], [-123.30324, 44.6161], [-123.30433, 44.61686], [-123.30562, 44.61724], [-123.30613, 44.61722], [-123.30609, 44.6168], [-123.30644, 44.61666], [-123.30717, 44.61713], [-123.30767, 44.61709], [-123.30804, 44.61745], [-123.3084, 44.61737], [-123.30903, 44.61753], [-123.30953, 44.61871], [-123.30942, 44.61905], [-123.30912, 44.61929]]]}, "properties": {"FID": 345, "ACRES": 18.819905652, "STANDID": "060808", "DF_SITE": 94, "SITE_CLASS": 4, "Age": 287, "Shape__Area": 150349.6875, "Shape__Length": 2277.1963535456443, "Age_Class": null}}, {"type": "Feature", "id": "346", "geometry": {"type": "Polygon", "coordinates": [[[-123.33412, 44.6176], [-123.33157, 44.61767], [-123.33156, 44.61732], [-123.33088, 44.61718], [-123.32925, 44.61836], [-123.32912, 44.61814], [-123.3292, 44.61761], [-123.32864, 44.61671], [-123.32881, 44.6166], [-123.32908, 44.61709], [-123.32944, 44.61705], [-123.32961, 44.61634], [-123.32997, 44.61618], [-123.33009, 44.61553], [-123.33053, 44.61559], [-123.33082, 44.61487], [-123.33069, 44.6145], [-123.33157, 44.61404], [-123.33195, 44.61404], [-123.33259, 44.61443], [-123.33345, 44.61439], [-123.33401, 44.61457], [-123.33363, 44.61485], [-123.33292, 44.61467], [-123.33272, 44.61479], [-123.33384, 44.61582], [-123.33412, 44.6176]]]}, "properties": {"FID": 346, "ACRES": 27.3408041775, "STANDID": "070703", "DF_SITE": 106, "SITE_CLASS": 3, "Age": 161, "Shape__Area": 218410.8984375, "Shape__Length": 2752.1577066642294, "Age_Class": null}}, {"type": "Feature", "id": "347", "geometry": {"type": "Polygon", "coordinates": [[[-123.31235, 44.61852], [-123.31202, 44.61865], [-123.31141, 44.61792], [-123.31053, 44.61763], [-123.31031, 44.61739], [-123.3108, 44.61719], [-123.31235, 44.61712], [-123.3133, 44.6174], [-123.31281, 44.61771], [-123.31283, 44.61793], [-123.31235, 44.61852]]]}, "properties": {"FID": 347, "ACRES": 4.88276627697, "STANDID": "060509", "DF_SITE": 94, "SITE_CLASS": 4, "Age": 64, "Shape__Area": 39007.8671875, "Shape__Length": 949.0827871295237, "Age_Class": null}}, {"type": "Feature", "id": "348", "geometry": {"type": "Polygon", "coordinates": [[[-123.34084, 44.61751], [-123.34, 44.61727], [-123.33985, 44.61738], [-123.33868, 44.61678], [-123.3383, 44.61696], [-123.33858, 44.61733], [-123.33812, 44.61719], [-123.33799, 44.61703], [-123.33807, 44.61687], [-123.33783, 44.61665], [-123.33815, 44.61656], [-123.33813, 44.61623], [-123.33779, 44.6158], [-123.33744, 44.61599], [-123.33697, 44.61589], [-123.33701, 44.61623], [-123.33741, 44.61665], [-123.33717, 44.61689], [-123.33675, 44.61691], [-123.33634, 44.61659], [-123.33585, 44.61646], [-123.33626, 44.61623], [-123.33622, 44.61592], [-123.33534, 44.61564], [-123.3345, 44.61499], [-123.33545, 44.61479], [-123.33717, 44.6151], [-123.33865, 44.61578], [-123.33991, 44.61571], [-123.34099, 44.61662], [-123.34129, 44.61739], [-123.34084, 44.61751]]]}, "properties": {"FID": 348, "ACRES": 16.0742694266, "STANDID": "070616", "DF_SITE": 105, "SITE_CLASS": 3, "Age": 97, "Shape__Area": 128408.6484375, "Shape__Length": 2634.815875532784, "Age_Class": null}}, {"type": "Feature", "id": "349", "geometry": {"type": "Polygon", "coordinates": [[[-123.31953, 44.61795], [-123.31873, 44.61787], [-123.31858, 44.61737], [-123.31839, 44.61594], [-123.31867, 44.61573], [-123.31882, 44.61527], [-123.31864, 44.61535], [-123.31838, 44.61515], [-123.31863, 44.61462], [-123.3192, 44.61448], [-123.32, 44.61453], [-123.32075, 44.61414], [-123.32151, 44.61437], [-123.32245, 44.61431], [-123.32257, 44.61452], [-123.32247, 44.61487], [-123.32278, 44.61511], [-123.32313, 44.61593], [-123.3226, 44.61632], [-123.32255, 44.61679], [-123.32214, 44.61692], [-123.32116, 44.61646], [-123.32047, 44.61638], [-123.32018, 44.6165], [-123.31981, 44.61704], [-123.31969, 44.61783], [-123.31953, 44.61795]]]}, "properties": {"FID": 349, "ACRES": 23.818976056, "STANDID": "070808", "DF_SITE": 111, "SITE_CLASS": 3, "Age": 35, "Shape__Area": 190274.3046875, "Shape__Length": 2170.9823593138844, "Age_Class": "21-35"}}, {"type": "Feature", "id": "350", "geometry": {"type": "Polygon", "coordinates": [[[-123.3256, 44.61741], [-123.32594, 44.61711], [-123.32463, 44.61554], [-123.32509, 44.61522], [-123.32595, 44.61511], [-123.32695, 44.61521], [-123.32716, 44.61493], [-123.32697, 44.61442], [-123.32641, 44.61397], [-123.32642, 44.61366], [-123.32737, 44.6138], [-123.32784, 44.61427], [-123.32887, 44.6144], [-123.32944, 44.61473], [-123.32655, 44.61752], [-123.32638, 44.61764], [-123.3256, 44.61741]]]}, "properties": {"FID": 350, "ACRES": 17.64977882, "STANDID": "070805", "DF_SITE": 122, "SITE_CLASS": 2, "Age": 86, "Shape__Area": 140991.859375, "Shape__Length": 1982.2760479057276, "Age_Class": null}}, {"type": "Feature", "id": "351", "geometry": {"type": "Polygon", "coordinates": [[[-123.32288, 44.6168], [-123.3226, 44.61699], [-123.32234, 44.61691], [-123.32259, 44.61673], [-123.3226, 44.61632], [-123.32587, 44.61356], [-123.32503, 44.61365], [-123.3247, 44.6133], [-123.3244, 44.61222], [-123.32533, 44.61224], [-123.32581, 44.61246], [-123.32617, 44.61192], [-123.32727, 44.61197], [-123.3278, 44.61183], [-123.32815, 44.61202], [-123.32828, 44.61188], [-123.32863, 44.61199], [-123.32931, 44.61176], [-123.32868, 44.61151], [-123.3287, 44.61128], [-123.32844, 44.61113], [-123.32749, 44.61073], [-123.3272, 44.61067], [-123.32679, 44.61111], [-123.32604, 44.61091], [-123.32526, 44.61091], [-123.32441, 44.61061], [-123.32394, 44.60904], [-123.32339, 44.6089], [-123.32304, 44.60823], [-123.32339, 44.60789], [-123.32413, 44.60787], [-123.3255, 44.60733], [-123.32916, 44.60809], [-123.32861, 44.6082], [-123.32846, 44.60864], [-123.32856, 44.6091], [-123.32837, 44.60919], [-123.32828, 44.61006], [-123.32802, 44.61033], [-123.32863, 44.61049], [-123.32886, 44.61027], [-123.3289, 44.60985], [-123.32918, 44.60976], [-123.32946, 44.60991], [-123.32938, 44.60973], [-123.32959, 44.60964], [-123.3303, 44.61016], [-123.33073, 44.60985], [-123.33112, 44.61049], [-123.33089, 44.61127], [-123.33105, 44.61196], [-123.33052, 44.6131], [-123.32956, 44.61459], [-123.32944, 44.61473], [-123.32887, 44.6144], [-123.32784, 44.61427], [-123.32737, 44.6138], [-123.32642, 44.61366], [-123.32641, 44.61397], [-123.32697, 44.61442], [-123.32716, 44.61493], [-123.32695, 44.61521], [-123.32595, 44.61511], [-123.32509, 44.61522], [-123.32463, 44.61554], [-123.32519, 44.61635], [-123.32582, 44.61688], [-123.3259, 44.61722], [-123.3256, 44.61741], [-123.32524, 44.6173], [-123.32441, 44.61743], [-123.32388, 44.61726], [-123.32366, 44.617], [-123.32288, 44.6168]]]}, "properties": {"FID": 351, "ACRES": 85.1538502484, "STANDID": "071101", "DF_SITE": 98, "SITE_CLASS": 3, "Age": 130, "Shape__Area": 680145.46875, "Shape__Length": 7097.356459479577, "Age_Class": null}}, {"type": "Feature", "id": "352", "geometry": {"type": "Polygon", "coordinates": [[[-123.31041, 44.61718], [-123.30903, 44.61753], [-123.30914, 44.61738], [-123.30908, 44.6168], [-123.30789, 44.61676], [-123.30775, 44.61621], [-123.30725, 44.61597], [-123.30738, 44.61567], [-123.30887, 44.61523], [-123.30917, 44.61488], [-123.30954, 44.61474], [-123.3105, 44.61517], [-123.31071, 44.61546], [-123.31147, 44.6157], [-123.31213, 44.61619], [-123.31327, 44.61663], [-123.3136, 44.61638], [-123.31319, 44.61586], [-123.31321, 44.6157], [-123.31431, 44.61516], [-123.31376, 44.61463], [-123.31396, 44.61422], [-123.31418, 44.61405], [-123.31471, 44.61405], [-123.31489, 44.61446], [-123.3152, 44.61459], [-123.31504, 44.61525], [-123.3153, 44.61546], [-123.31415, 44.61658], [-123.31388, 44.61722], [-123.31041, 44.61718]]]}, "properties": {"FID": 352, "ACRES": 26.7034389317, "STANDID": "060810", "DF_SITE": 110, "SITE_CLASS": 3, "Age": 135, "Shape__Area": 213318.625, "Shape__Length": 3073.2753373868263, "Age_Class": null}}, {"type": "Feature", "id": "353", "geometry": {"type": "Polygon", "coordinates": [[[-123.30903, 44.61753], [-123.3084, 44.61737], [-123.30804, 44.61745], [-123.30767, 44.61709], [-123.30717, 44.61713], [-123.30658, 44.61667], [-123.30609, 44.6168], [-123.30616, 44.61715], [-123.30591, 44.61729], [-123.30433, 44.61686], [-123.30369, 44.61652], [-123.30324, 44.6161], [-123.30375, 44.61518], [-123.30367, 44.61404], [-123.30256, 44.61306], [-123.30307, 44.613], [-123.30427, 44.61322], [-123.30494, 44.61294], [-123.30569, 44.61304], [-123.30662, 44.61336], [-123.30724, 44.61403], [-123.30886, 44.61404], [-123.30856, 44.61445], [-123.30917, 44.61488], [-123.3091, 44.61507], [-123.30753, 44.61556], [-123.30725, 44.61597], [-123.30775, 44.61621], [-123.30799, 44.61682], [-123.30903, 44.61675], [-123.30914, 44.61738], [-123.30903, 44.61753]]]}, "properties": {"FID": 353, "ACRES": 38.781326043, "STANDID": "060809", "DF_SITE": 103, "SITE_CLASS": 3, "Age": 162, "Shape__Area": 309792.1953125, "Shape__Length": 3117.7877634352035, "Age_Class": null}}, {"type": "Feature", "id": "354", "geometry": {"type": "Polygon", "coordinates": [[[-123.34313, 44.61613], [-123.34188, 44.61595], [-123.34108, 44.61414], [-123.34144, 44.61334], [-123.34111, 44.61242], [-123.3405, 44.61177], [-123.3399, 44.61134], [-123.33865, 44.61093], [-123.33814, 44.60981], [-123.33767, 44.60947], [-123.33593, 44.60967], [-123.33514, 44.60929], [-123.33512, 44.60905], [-123.33547, 44.60895], [-123.3365, 44.60912], [-123.33724, 44.60897], [-123.33784, 44.60841], [-123.3383, 44.60831], [-123.33875, 44.60793], [-123.34045, 44.6077], [-123.34091, 44.60777], [-123.34058, 44.60778], [-123.3397, 44.60834], [-123.3382, 44.60846], [-123.33771, 44.60908], [-123.3388, 44.60962], [-123.34031, 44.60945], [-123.34003, 44.60966], [-123.34002, 44.6102], [-123.34141, 44.6116], [-123.34276, 44.61239], [-123.34377, 44.6125], [-123.34449, 44.61284], [-123.34491, 44.61326], [-123.34483, 44.6135], [-123.34405, 44.6137], [-123.34386, 44.61416], [-123.34313, 44.61414], [-123.34313, 44.61613]]]}, "properties": {"FID": 354, "ACRES": 34.4439509694, "STANDID": "070925", "DF_SITE": 115, "SITE_CLASS": 2, "Age": 87, "Shape__Area": 275115.6171875, "Shape__Length": 4741.476553230282, "Age_Class": null}}, {"type": "Feature", "id": "355", "geometry": {"type": "Polygon", "coordinates": [[[-123.34148, 44.61579], [-123.3395, 44.61567], [-123.33865, 44.61578], [-123.3383, 44.61566], [-123.3378, 44.61538], [-123.3381, 44.61507], [-123.33795, 44.6143], [-123.33726, 44.61413], [-123.33661, 44.61366], [-123.33603, 44.61371], [-123.33565, 44.61356], [-123.33559, 44.61372], [-123.33525, 44.61379], [-123.33499, 44.61438], [-123.33444, 44.61498], [-123.33294, 44.61371], [-123.33198, 44.61263], [-123.33254, 44.61254], [-123.33264, 44.61204], [-123.33243, 44.61166], [-123.33327, 44.61101], [-123.33333, 44.61065], [-123.33401, 44.61076], [-123.3347, 44.61043], [-123.3359, 44.61025], [-123.33682, 44.61082], [-123.33791, 44.61034], [-123.33818, 44.60992], [-123.33865, 44.61093], [-123.3399, 44.61134], [-123.34111, 44.61242], [-123.34144, 44.61334], [-123.34108, 44.61414], [-123.34188, 44.61595], [-123.34148, 44.61579]]]}, "properties": {"FID": 355, "ACRES": 73.5124159499, "STANDID": "071012", "DF_SITE": 112, "SITE_CLASS": 3, "Age": 90, "Shape__Area": 587184.3125, "Shape__Length": 3924.2635978943645, "Age_Class": null}}, {"type": "Feature", "id": "356", "geometry": {"type": "Polygon", "coordinates": [[[-123.30917, 44.61488], [-123.30857, 44.61449], [-123.30886, 44.61404], [-123.31418, 44.61405], [-123.31376, 44.6146], [-123.31431, 44.61516], [-123.31321, 44.6157], [-123.31319, 44.61586], [-123.3136, 44.61638], [-123.31327, 44.61663], [-123.31071, 44.61546], [-123.3105, 44.61517], [-123.30969, 44.61477], [-123.30917, 44.61488]]]}, "properties": {"FID": 356, "ACRES": 17.4536129804, "STANDID": "060811", "DF_SITE": 106, "SITE_CLASS": 3, "Age": 150, "Shape__Area": 139422.21875, "Shape__Length": 1879.572990405481, "Age_Class": null}}, {"type": "Feature", "id": "357", "geometry": {"type": "Polygon", "coordinates": [[[-123.2959, 44.61665], [-123.29342, 44.61698], [-123.2918, 44.61684], [-123.29154, 44.61653], [-123.29123, 44.61649], [-123.29092, 44.61581], [-123.29015, 44.61569], [-123.29, 44.61532], [-123.29104, 44.61531], [-123.29145, 44.61485], [-123.29187, 44.61491], [-123.29268, 44.61605], [-123.29321, 44.61591], [-123.29386, 44.61602], [-123.29333, 44.61556], [-123.29349, 44.61546], [-123.29406, 44.6157], [-123.29431, 44.61613], [-123.29451, 44.61589], [-123.29558, 44.61574], [-123.296, 44.61531], [-123.29635, 44.61537], [-123.29682, 44.616], [-123.29698, 44.61542], [-123.29724, 44.61547], [-123.29726, 44.61587], [-123.29749, 44.61597], [-123.29777, 44.61574], [-123.29786, 44.61585], [-123.2979, 44.61614], [-123.29667, 44.61641], [-123.29622, 44.61632], [-123.2959, 44.61665]]]}, "properties": {"FID": 357, "ACRES": 16.6750676041, "STANDID": "060906", "DF_SITE": 121, "SITE_CLASS": 2, "Age": 64, "Shape__Area": 133207.796875, "Shape__Length": 2752.408973818182, "Age_Class": null}}, {"type": "Feature", "id": "358", "geometry": {"type": "Polygon", "coordinates": [[[-123.30324, 44.6161], [-123.3027, 44.6161], [-123.30192, 44.61656], [-123.30101, 44.61667], [-123.3007, 44.61643], [-123.30057, 44.61597], [-123.29979, 44.61538], [-123.29907, 44.61435], [-123.2976, 44.6136], [-123.29679, 44.61342], [-123.29716, 44.61343], [-123.29729, 44.61322], [-123.29844, 44.61294], [-123.29883, 44.61311], [-123.30032, 44.61315], [-123.30077, 44.61339], [-123.302, 44.61319], [-123.30252, 44.61364], [-123.30239, 44.61389], [-123.30249, 44.61407], [-123.30377, 44.61455], [-123.30374, 44.61524], [-123.30324, 44.6161]]]}, "properties": {"FID": 358, "ACRES": 28.0159696191, "STANDID": "061003", "DF_SITE": 101, "SITE_CLASS": 3, "Age": 111, "Shape__Area": 223792.53125, "Shape__Length": 2257.413142301626, "Age_Class": null}}, {"type": "Feature", "id": "359", "geometry": {"type": "Polygon", "coordinates": [[[-123.33447, 44.61501], [-123.33499, 44.61438], [-123.33519, 44.61384], [-123.33565, 44.61356], [-123.33603, 44.61371], [-123.33661, 44.61366], [-123.33726, 44.61413], [-123.33789, 44.61424], [-123.3381, 44.61507], [-123.3378, 44.61538], [-123.33717, 44.6151], [-123.33545, 44.61479], [-123.33447, 44.61501]]]}, "properties": {"FID": 359, "ACRES": 7.8648744459, "STANDID": "071002", "DF_SITE": 91, "SITE_CLASS": 4, "Age": 95, "Shape__Area": 62824.5703125, "Shape__Length": 1172.6287205386848, "Age_Class": null}}, {"type": "Feature", "id": "360", "geometry": {"type": "Polygon", "coordinates": [[[-123.31532, 44.61541], [-123.31504, 44.61525], [-123.3152, 44.61459], [-123.31484, 44.6144], [-123.31521, 44.61407], [-123.31567, 44.61426], [-123.31626, 44.61407], [-123.31764, 44.61406], [-123.31841, 44.6146], [-123.31925, 44.61401], [-123.32215, 44.61398], [-123.32232, 44.61422], [-123.32151, 44.61437], [-123.32053, 44.61418], [-123.32, 44.61453], [-123.3192, 44.61448], [-123.31863, 44.61462], [-123.3184, 44.61523], [-123.31743, 44.61502], [-123.31532, 44.61541]]]}, "properties": {"FID": 360, "ACRES": 10.6584748449, "STANDID": "070810", "DF_SITE": 109, "SITE_CLASS": 3, "Age": 164, "Shape__Area": 85140.1328125, "Shape__Length": 2136.06606649555, "Age_Class": null}}, {"type": "Feature", "id": "361", "geometry": {"type": "Polygon", "coordinates": [[[-123.34623, 44.61422], [-123.34623, 44.61404], [-123.34656, 44.61386], [-123.34697, 44.61326], [-123.34633, 44.61297], [-123.34635, 44.61268], [-123.34668, 44.61259], [-123.34655, 44.6124], [-123.34599, 44.61216], [-123.34569, 44.61225], [-123.34559, 44.61199], [-123.3457, 44.61179], [-123.34756, 44.61165], [-123.34831, 44.61182], [-123.34831, 44.61427], [-123.34623, 44.61422]]]}, "properties": {"FID": 361, "ACRES": 10.7841049721, "STANDID": "070903", "DF_SITE": 126, "SITE_CLASS": 2, "Age": 61, "Shape__Area": 86138.5625, "Shape__Length": 1508.5775994249866, "Age_Class": null}}, {"type": "Feature", "id": "362", "geometry": {"type": "Polygon", "coordinates": [[[-123.34623, 44.61422], [-123.34386, 44.61416], [-123.34405, 44.6137], [-123.34483, 44.6135], [-123.34491, 44.61326], [-123.34449, 44.61284], [-123.34377, 44.6125], [-123.34276, 44.61239], [-123.34141, 44.6116], [-123.34002, 44.6102], [-123.34003, 44.60966], [-123.34035, 44.60944], [-123.34065, 44.60969], [-123.34254, 44.60974], [-123.34336, 44.6095], [-123.34415, 44.61083], [-123.34477, 44.61151], [-123.34548, 44.61182], [-123.34569, 44.61225], [-123.34599, 44.61216], [-123.34665, 44.61249], [-123.34665, 44.61265], [-123.34635, 44.61268], [-123.34633, 44.61297], [-123.34698, 44.61331], [-123.34656, 44.61386], [-123.34623, 44.61404], [-123.34623, 44.61422]]]}, "properties": {"FID": 362, "ACRES": 30.3304834109, "STANDID": "070923", "DF_SITE": 123, "SITE_CLASS": 2, "Age": 90, "Shape__Area": 242256.34375, "Shape__Length": 2769.0311422215655, "Age_Class": null}}, {"type": "Feature", "id": "363", "geometry": {"type": "Polygon", "coordinates": [[[-123.29532, 44.61341], [-123.29482, 44.61328], [-123.2938, 44.61345], [-123.29262, 44.61306], [-123.2923, 44.6131], [-123.29203, 44.61344], [-123.29143, 44.61342], [-123.29097, 44.61358], [-123.29042, 44.61336], [-123.28914, 44.61331], [-123.2906, 44.61299], [-123.29175, 44.61239], [-123.29218, 44.61259], [-123.29286, 44.61255], [-123.29469, 44.61284], [-123.29542, 44.61173], [-123.296, 44.61196], [-123.29665, 44.61188], [-123.29669, 44.6121], [-123.29704, 44.6123], [-123.29686, 44.61236], [-123.29689, 44.61273], [-123.29663, 44.61294], [-123.29557, 44.61304], [-123.29532, 44.61341]]]}, "properties": {"FID": 363, "ACRES": 11.9743362719, "STANDID": "061104", "DF_SITE": 146, "SITE_CLASS": 1, "Age": 53, "Shape__Area": 95645.5390625, "Shape__Length": 2238.4784462357557, "Age_Class": "51-60"}}, {"type": "Feature", "id": "364", "geometry": {"type": "Polygon", "coordinates": [[[-123.32581, 44.61246], [-123.32438, 44.61216], [-123.32441, 44.61061], [-123.32526, 44.61091], [-123.32604, 44.61091], [-123.32679, 44.61111], [-123.3272, 44.61067], [-123.32749, 44.61073], [-123.32844, 44.61113], [-123.3287, 44.61128], [-123.32868, 44.61151], [-123.32931, 44.61176], [-123.32863, 44.61199], [-123.32828, 44.61188], [-123.32815, 44.61202], [-123.3278, 44.61183], [-123.32727, 44.61197], [-123.32617, 44.61192], [-123.32581, 44.61246]]]}, "properties": {"FID": 364, "ACRES": 10.9566391949, "STANDID": "071103", "DF_SITE": 114, "SITE_CLASS": 3, "Age": 115, "Shape__Area": 87512.5859375, "Shape__Length": 1618.6269948396457, "Age_Class": null}}, {"type": "Feature", "id": "365", "geometry": {"type": "Polygon", "coordinates": [[[-123.34559, 44.61195], [-123.34439, 44.61115], [-123.34336, 44.60945], [-123.34594, 44.60938], [-123.34631, 44.60966], [-123.34695, 44.61058], [-123.34664, 44.61101], [-123.34588, 44.61143], [-123.34559, 44.61195]]]}, "properties": {"FID": 365, "ACRES": 12.0111449079, "STANDID": "070924", "DF_SITE": 120, "SITE_CLASS": 2, "Age": 105, "Shape__Area": 95931.515625, "Shape__Length": 1274.5557404640047, "Age_Class": null}}, {"type": "Feature", "id": "366", "geometry": {"type": "Polygon", "coordinates": [[[-123.3457, 44.61179], [-123.34588, 44.61143], [-123.34664, 44.61101], [-123.34709, 44.61042], [-123.34831, 44.60958], [-123.34831, 44.61182], [-123.34756, 44.61165], [-123.3457, 44.61179]]]}, "properties": {"FID": 366, "ACRES": 6.35765128663, "STANDID": "070922", "DF_SITE": 104, "SITE_CLASS": 3, "Age": 155, "Shape__Area": 50778.7578125, "Shape__Length": 1127.6086457649103, "Age_Class": null}}, {"type": "Feature", "id": "367", "geometry": {"type": "Polygon", "coordinates": [[[-123.28915, 44.61326], [-123.28832, 44.61314], [-123.28775, 44.61286], [-123.28746, 44.61246], [-123.28765, 44.61178], [-123.29287, 44.60966], [-123.29301, 44.60964], [-123.29288, 44.60987], [-123.2933, 44.61068], [-123.29459, 44.61107], [-123.29522, 44.61173], [-123.29473, 44.61282], [-123.29406, 44.61219], [-123.29373, 44.61148], [-123.29314, 44.61093], [-123.29199, 44.61058], [-123.29169, 44.61086], [-123.29181, 44.61197], [-123.29164, 44.61252], [-123.29038, 44.61307], [-123.28915, 44.61326]]]}, "properties": {"FID": 367, "ACRES": 25.7979095831, "STANDID": "061106", "DF_SITE": 110, "SITE_CLASS": 3, "Age": 98, "Shape__Area": 206054.0703125, "Shape__Length": 2814.913599082269, "Age_Class": null}}, {"type": "Feature", "id": "368", "geometry": {"type": "Polygon", "coordinates": [[[-123.29175, 44.61239], [-123.29169, 44.61086], [-123.2919, 44.61062], [-123.29224, 44.61059], [-123.29314, 44.61093], [-123.29373, 44.61148], [-123.29406, 44.61219], [-123.29473, 44.61282], [-123.29386, 44.61281], [-123.29286, 44.61255], [-123.29218, 44.61259], [-123.29175, 44.61239]]]}, "properties": {"FID": 368, "ACRES": 8.71739622401, "STANDID": "061105", "DF_SITE": 117, "SITE_CLASS": 2, "Age": 138, "Shape__Area": 69628.0625, "Shape__Length": 1143.3830986127236, "Age_Class": null}}, {"type": "Feature", "id": "369", "geometry": {"type": "Polygon", "coordinates": [[[-123.29687, 44.61221], [-123.29665, 44.61188], [-123.296, 44.61196], [-123.29561, 44.61174], [-123.29591, 44.60828], [-123.29659, 44.60803], [-123.29713, 44.6082], [-123.29983, 44.60955], [-123.30209, 44.60903], [-123.3021, 44.61217], [-123.30232, 44.61217], [-123.30226, 44.61232], [-123.30155, 44.61248], [-123.30096, 44.61214], [-123.30039, 44.61217], [-123.30019, 44.612], [-123.29993, 44.61215], [-123.29786, 44.61218], [-123.29744, 44.61241], [-123.29724, 44.61221], [-123.29687, 44.61221]]]}, "properties": {"FID": 369, "ACRES": 45.3516691458, "STANDID": "061016", "DF_SITE": 109, "SITE_CLASS": 3, "Age": 75, "Shape__Area": 362219.4375, "Shape__Length": 2777.8760598420595, "Age_Class": null}}, {"type": "Feature", "id": "370", "geometry": {"type": "Polygon", "coordinates": [[[-123.29561, 44.61174], [-123.29522, 44.61193], [-123.29513, 44.61154], [-123.29459, 44.61107], [-123.2933, 44.61068], [-123.29291, 44.60973], [-123.29368, 44.60955], [-123.29398, 44.60982], [-123.29494, 44.60991], [-123.29536, 44.60947], [-123.29559, 44.6097], [-123.2956, 44.60926], [-123.29585, 44.60894], [-123.29561, 44.61174]]]}, "properties": {"FID": 370, "ACRES": 8.40296673502, "STANDID": "061107", "DF_SITE": 103, "SITE_CLASS": 3, "Age": 74, "Shape__Area": 67113.40625, "Shape__Length": 1510.1467787219538, "Age_Class": null}}, {"type": "Feature", "id": "371", "geometry": {"type": "Polygon", "coordinates": [[[-123.29385, 44.60923], [-123.28735, 44.61189], [-123.28737, 44.61133], [-123.29057, 44.61002], [-123.29264, 44.60888], [-123.2933, 44.60879], [-123.29485, 44.60812], [-123.29512, 44.60785], [-123.29502, 44.60741], [-123.29469, 44.60699], [-123.29479, 44.60667], [-123.29546, 44.60668], [-123.29567, 44.60754], [-123.2963, 44.60746], [-123.29625, 44.60735], [-123.29731, 44.60684], [-123.2973, 44.60668], [-123.29938, 44.60669], [-123.29591, 44.60828], [-123.29588, 44.60887], [-123.29552, 44.60931], [-123.2951, 44.60921], [-123.29473, 44.60888], [-123.29447, 44.60889], [-123.29434, 44.60893], [-123.29436, 44.60917], [-123.29385, 44.60923]]]}, "properties": {"FID": 371, "ACRES": 19.9006396493, "STANDID": "061109", "DF_SITE": 120, "SITE_CLASS": 2, "Age": 9, "Shape__Area": 158935.5625, "Shape__Length": 3799.5840316525814, "Age_Class": "9-20"}}, {"type": "Feature", "id": "372", "geometry": {"type": "Polygon", "coordinates": [[[-123.32373, 44.61025], [-123.32297, 44.61051], [-123.32262, 44.611], [-123.3226, 44.60834], [-123.32304, 44.60823], [-123.32339, 44.6089], [-123.3238, 44.60902], [-123.3235, 44.60932], [-123.32383, 44.60999], [-123.32373, 44.61025]]]}, "properties": {"FID": 372, "ACRES": 4.64449806328, "STANDID": "071105", "DF_SITE": 96, "SITE_CLASS": 3, "Age": 74, "Shape__Area": 37093.9453125, "Shape__Length": 1036.8065941256248, "Age_Class": null}}, {"type": "Feature", "id": "373", "geometry": {"type": "Polygon", "coordinates": [[[-123.28737, 44.61133], [-123.28747, 44.60838], [-123.28803, 44.60836], [-123.28858, 44.60788], [-123.28911, 44.60824], [-123.28942, 44.60808], [-123.29024, 44.60824], [-123.29128, 44.60883], [-123.29209, 44.60864], [-123.29228, 44.60906], [-123.29199, 44.60932], [-123.28737, 44.61133]]]}, "properties": {"FID": 373, "ACRES": 20.0008527199, "STANDID": "061207", "DF_SITE": 110, "SITE_CLASS": 3, "Age": 77, "Shape__Area": 159738.7109375, "Shape__Length": 1845.9721469720828, "Age_Class": null}}, {"type": "Feature", "id": "374", "geometry": {"type": "Polygon", "coordinates": [[[-123.33547, 44.60895], [-123.33347, 44.60967], [-123.33301, 44.60938], [-123.33305, 44.60863], [-123.33289, 44.60851], [-123.3317, 44.60847], [-123.33249, 44.60417], [-123.33274, 44.60434], [-123.33336, 44.60432], [-123.3337, 44.60349], [-123.33367, 44.60314], [-123.33448, 44.60314], [-123.33453, 44.60328], [-123.33447, 44.60433], [-123.33413, 44.60552], [-123.33426, 44.60597], [-123.33398, 44.60664], [-123.33404, 44.60704], [-123.33492, 44.60746], [-123.33552, 44.60743], [-123.33576, 44.60778], [-123.33689, 44.60832], [-123.33784, 44.60838], [-123.33785, 44.60852], [-123.33724, 44.60897], [-123.33632, 44.60913], [-123.33547, 44.60895]]]}, "properties": {"FID": 374, "ACRES": 34.162469647, "STANDID": "071006", "DF_SITE": 122, "SITE_CLASS": 2, "Age": 75, "Shape__Area": 272819.59375, "Shape__Length": 3153.9309402660006, "Age_Class": null}}, {"type": "Feature", "id": "375", "geometry": {"type": "Polygon", "coordinates": [[[-123.30209, 44.60903], [-123.30018, 44.60954], [-123.29966, 44.60952], [-123.29708, 44.60813], [-123.29821, 44.60761], [-123.2999, 44.6073], [-123.30035, 44.60697], [-123.30083, 44.60702], [-123.30148, 44.6067], [-123.30209, 44.6067], [-123.30209, 44.60903]]]}, "properties": {"FID": 375, "ACRES": 19.4322765934, "STANDID": "061015", "DF_SITE": 120, "SITE_CLASS": 2, "Age": 28, "Shape__Area": 155191.25, "Shape__Length": 1658.7640871538563, "Age_Class": "21-35"}}, {"type": "Feature", "id": "376", "geometry": {"type": "Polygon", "coordinates": [[[-123.3317, 44.60847], [-123.33001, 44.60843], [-123.3295, 44.60815], [-123.3255, 44.60733], [-123.32413, 44.60787], [-123.32339, 44.60789], [-123.32304, 44.60823], [-123.3226, 44.60834], [-123.32259, 44.60756], [-123.32409, 44.60748], [-123.32599, 44.60672], [-123.32841, 44.60654], [-123.32884, 44.60711], [-123.32963, 44.60747], [-123.32972, 44.60783], [-123.33002, 44.60804], [-123.33128, 44.60823], [-123.33178, 44.60787], [-123.3317, 44.60847]]]}, "properties": {"FID": 376, "ACRES": 12.9075302752, "STANDID": "071110", "DF_SITE": 103, "SITE_CLASS": 3, "Age": 154, "Shape__Area": 103080.34375, "Shape__Length": 2565.680148458856, "Age_Class": null}}, {"type": "Feature", "id": "377", "geometry": {"type": "Polygon", "coordinates": [[[-123.32841, 44.60654], [-123.32785, 44.60654], [-123.32859, 44.6064], [-123.32913, 44.60555], [-123.32938, 44.60462], [-123.33047, 44.6044], [-123.3312, 44.60407], [-123.33149, 44.60423], [-123.33169, 44.60458], [-123.33199, 44.60438], [-123.33241, 44.60444], [-123.33178, 44.60787], [-123.33147, 44.60817], [-123.33002, 44.60804], [-123.32972, 44.60783], [-123.32963, 44.60747], [-123.32884, 44.60711], [-123.32841, 44.60654]]]}, "properties": {"FID": 377, "ACRES": 24.0634954751, "STANDID": "071111", "DF_SITE": 114, "SITE_CLASS": 3, "Age": 125, "Shape__Area": 192163.9296875, "Shape__Length": 1964.6045774500694, "Age_Class": null}}, {"type": "Feature", "id": "378", "geometry": {"type": "Polygon", "coordinates": [[[-123.29264, 44.60888], [-123.29238, 44.60871], [-123.29237, 44.60801], [-123.29193, 44.607], [-123.29195, 44.60666], [-123.29479, 44.60667], [-123.29469, 44.60699], [-123.29502, 44.60741], [-123.29509, 44.60792], [-123.29426, 44.60842], [-123.29264, 44.60888]]]}, "properties": {"FID": 378, "ACRES": 11.535920284, "STANDID": "061203", "DF_SITE": 116, "SITE_CLASS": 2, "Age": 65, "Shape__Area": 92127.125, "Shape__Length": 1227.6610722678115, "Age_Class": null}}, {"type": "Feature", "id": "379", "geometry": {"type": "Polygon", "coordinates": [[[-123.32409, 44.60748], [-123.32259, 44.60756], [-123.32259, 44.6069], [-123.32289, 44.60686], [-123.32329, 44.60595], [-123.3237, 44.60609], [-123.32436, 44.6059], [-123.32536, 44.60537], [-123.32588, 44.60528], [-123.3269, 44.60462], [-123.32819, 44.60427], [-123.32938, 44.60462], [-123.32913, 44.60555], [-123.32853, 44.60644], [-123.32599, 44.60672], [-123.32409, 44.60748]]]}, "properties": {"FID": 379, "ACRES": 23.5112546957, "STANDID": "071118", "DF_SITE": 118, "SITE_CLASS": 2, "Age": 31, "Shape__Area": 187752.5390625, "Shape__Length": 2097.9298817829026, "Age_Class": "21-35"}}, {"type": "Feature", "id": "380", "geometry": {"type": "Polygon", "coordinates": [[[-123.28803, 44.6075], [-123.28809, 44.60791], [-123.28749, 44.60775], [-123.28751, 44.60719], [-123.28818, 44.60719], [-123.28819, 44.60667], [-123.28971, 44.60673], [-123.28969, 44.60719], [-123.28953, 44.60738], [-123.2882, 44.6073], [-123.28803, 44.6075]]]}, "properties": {"FID": 380, "ACRES": 3.02711082757, "STANDID": "061205", "DF_SITE": 80, "SITE_CLASS": 4, "Age": 83, "Shape__Area": 24174.4140625, "Shape__Length": 855.9343242840923, "Age_Class": null}}, {"type": "Feature", "id": "381", "geometry": {"type": "Polygon", "coordinates": [[[-123.32347, 44.60567], [-123.32289, 44.60686], [-123.32259, 44.6069], [-123.32262, 44.60311], [-123.32776, 44.60312], [-123.32848, 44.60338], [-123.32829, 44.60359], [-123.32764, 44.60378], [-123.32548, 44.60405], [-123.32481, 44.60369], [-123.32416, 44.60381], [-123.3241, 44.604], [-123.32445, 44.60462], [-123.32375, 44.6048], [-123.32331, 44.60519], [-123.32347, 44.60567]]]}, "properties": {"FID": 381, "ACRES": 15.3434209507, "STANDID": "071119", "DF_SITE": 111, "SITE_CLASS": 3, "Age": 31, "Shape__Area": 122519.796875, "Shape__Length": 2436.015119411845, "Age_Class": "21-35"}}, {"type": "Feature", "id": "382", "geometry": {"type": "Polygon", "coordinates": [[[-123.32588, 44.60528], [-123.32536, 44.60537], [-123.32388, 44.60605], [-123.32329, 44.60595], [-123.32347, 44.60567], [-123.32331, 44.60519], [-123.32375, 44.6048], [-123.32445, 44.60462], [-123.32411, 44.60384], [-123.32471, 44.60369], [-123.32531, 44.60405], [-123.32811, 44.60362], [-123.32823, 44.6039], [-123.33007, 44.60401], [-123.3316, 44.60368], [-123.33249, 44.60417], [-123.33241, 44.60444], [-123.33199, 44.60438], [-123.33169, 44.60458], [-123.33138, 44.60413], [-123.33109, 44.60408], [-123.32947, 44.60466], [-123.32819, 44.60427], [-123.3269, 44.60462], [-123.32588, 44.60528]]]}, "properties": {"FID": 382, "ACRES": 17.3356948341, "STANDID": "071112", "DF_SITE": 105, "SITE_CLASS": 3, "Age": 152, "Shape__Area": 138429.9375, "Shape__Length": 2756.573162002116, "Age_Class": null}}, {"type": "Feature", "id": "383", "geometry": {"type": "Polygon", "coordinates": [[[-123.34313, 44.60364], [-123.33687, 44.60368], [-123.33668, 44.60408], [-123.33635, 44.60418], [-123.33568, 44.60357], [-123.33538, 44.60384], [-123.33522, 44.60442], [-123.33413, 44.60552], [-123.33448, 44.60426], [-123.33448, 44.60314], [-123.34313, 44.60315], [-123.34313, 44.60364]]]}, "properties": {"FID": 383, "ACRES": 12.6586131323, "STANDID": "070918", "DF_SITE": 118, "SITE_CLASS": 2, "Age": 104, "Shape__Area": 101081.828125, "Shape__Length": 2722.175875432188, "Age_Class": null}}, {"type": "Feature", "id": "384", "geometry": {"type": "Polygon", "coordinates": [[[-123.33253, 44.60421], [-123.3316, 44.60368], [-123.33045, 44.60393], [-123.33153, 44.60313], [-123.33367, 44.60314], [-123.3337, 44.60349], [-123.33336, 44.60432], [-123.33253, 44.60421]]]}, "properties": {"FID": 384, "ACRES": 5.03485503701, "STANDID": "071114", "DF_SITE": 123, "SITE_CLASS": 2, "Age": 77, "Shape__Area": 40203.3359375, "Shape__Length": 981.6366090758589, "Age_Class": null}}, {"type": "Feature", "id": "385", "geometry": {"type": "Polygon", "coordinates": [[[-123.32811, 44.60362], [-123.32846, 44.60349], [-123.32844, 44.6033], [-123.32776, 44.60312], [-123.33153, 44.60313], [-123.33014, 44.60401], [-123.32823, 44.6039], [-123.32811, 44.60362]]]}, "properties": {"FID": 385, "ACRES": 4.84933961244, "STANDID": "071115", "DF_SITE": 117, "SITE_CLASS": 2, "Age": 139, "Shape__Area": 38722.03125, "Shape__Length": 1052.4571919035639, "Age_Class": null}}, {"type": "Feature", "id": "386", "geometry": {"type": "Polygon", "coordinates": [[[-123.33019, 44.73042], [-123.32702, 44.73041], [-123.32718, 44.72764], [-123.32555, 44.72564], [-123.32572, 44.72372], [-123.32589, 44.72348], [-123.32536, 44.72289], [-123.32552, 44.72165], [-123.32638, 44.72225], [-123.32611, 44.72239], [-123.32625, 44.72275], [-123.32659, 44.72278], [-123.32737, 44.72234], [-123.32779, 44.72259], [-123.32844, 44.72342], [-123.32914, 44.72352], [-123.3296, 44.72378], [-123.32936, 44.72407], [-123.32919, 44.72403], [-123.32838, 44.72449], [-123.32802, 44.72487], [-123.32693, 44.72511], [-123.32661, 44.72537], [-123.32602, 44.72552], [-123.32622, 44.72585], [-123.32743, 44.72577], [-123.32787, 44.7254], [-123.32935, 44.72524], [-123.33003, 44.7245], [-123.33121, 44.72421], [-123.33143, 44.72548], [-123.32871, 44.72577], [-123.32894, 44.72683], [-123.32984, 44.72695], [-123.32988, 44.72712], [-123.33014, 44.7272], [-123.33011, 44.72747], [-123.33047, 44.72759], [-123.33065, 44.72803], [-123.33036, 44.72841], [-123.33054, 44.72878], [-123.33077, 44.72892], [-123.33097, 44.72874], [-123.33148, 44.72877], [-123.331, 44.72922], [-123.33129, 44.72946], [-123.33127, 44.7296], [-123.32965, 44.72976], [-123.32954, 44.72997], [-123.3301, 44.73007], [-123.32994, 44.73026], [-123.33019, 44.73042]]]}, "properties": {"FID": 386, "ACRES": 56.6937498903, "STANDID": "010115", "DF_SITE": 130, "SITE_CLASS": 2, "Age": 25, "Shape__Area": 454626.4375, "Shape__Length": 5683.115850852197, "Age_Class": "21-35"}}, {"type": "Feature", "id": "387", "geometry": {"type": "Polygon", "coordinates": [[[-123.32706, 44.72998], [-123.32612, 44.72999], [-123.32542, 44.72977], [-123.32542, 44.72923], [-123.32503, 44.72918], [-123.32515, 44.72886], [-123.327, 44.72838], [-123.32714, 44.72847], [-123.32706, 44.72998]]]}, "properties": {"FID": 387, "ACRES": 5.22448604993, "STANDID": "010817", "DF_SITE": 127, "SITE_CLASS": 2, "Age": 25, "Shape__Area": 41899.0625, "Shape__Length": 867.9925882662246, "Age_Class": "21-35"}}, {"type": "Feature", "id": "388", "geometry": {"type": "Polygon", "coordinates": [[[-123.32612, 44.72999], [-123.31769, 44.7301], [-123.31532, 44.72768], [-123.31615, 44.72717], [-123.31698, 44.72621], [-123.31761, 44.72621], [-123.31845, 44.72582], [-123.31938, 44.72587], [-123.31967, 44.72535], [-123.31957, 44.72454], [-123.3193, 44.72416], [-123.3194, 44.72383], [-123.3201, 44.72352], [-123.32005, 44.7233], [-123.3197, 44.72307], [-123.3194, 44.72303], [-123.3193, 44.72316], [-123.31881, 44.72301], [-123.31867, 44.72282], [-123.31888, 44.72243], [-123.31789, 44.72122], [-123.31748, 44.7211], [-123.31726, 44.7213], [-123.31824, 44.72275], [-123.31831, 44.72327], [-123.31872, 44.72387], [-123.31881, 44.72441], [-123.31771, 44.72462], [-123.31706, 44.72507], [-123.31695, 44.72537], [-123.31683, 44.72489], [-123.31693, 44.72441], [-123.31682, 44.72429], [-123.31615, 44.72429], [-123.31623, 44.72388], [-123.31562, 44.72303], [-123.31457, 44.72271], [-123.31416, 44.72231], [-123.31297, 44.72209], [-123.31343, 44.72195], [-123.31362, 44.72171], [-123.31334, 44.72159], [-123.3133, 44.72135], [-123.31301, 44.72127], [-123.31274, 44.72091], [-123.31327, 44.72067], [-123.31297, 44.72066], [-123.31231, 44.72027], [-123.3122, 44.71996], [-123.31266, 44.71956], [-123.31224, 44.71929], [-123.31217, 44.71896], [-123.31199, 44.71886], [-123.3115, 44.71907], [-123.31093, 44.71905], [-123.3112, 44.71806], [-123.31045, 44.71745], [-123.30983, 44.71739], [-123.31008, 44.71707], [-123.30989, 44.71682], [-123.30974, 44.71671], [-123.30957, 44.71688], [-123.30942, 44.71681], [-123.30938, 44.71661], [-123.3077, 44.71534], [-123.30653, 44.71547], [-123.30465, 44.71674], [-123.30355, 44.71557], [-123.30322, 44.71593], [-123.30274, 44.71614], [-123.30269, 44.71625], [-123.30306, 44.71632], [-123.30295, 44.71649], [-123.30203, 44.71681], [-123.30178, 44.71674], [-123.3016, 44.7172], [-123.30166, 44.71777], [-123.30218, 44.71797], [-123.30161, 44.71801], [-123.30102, 44.71842], [-123.29996, 44.71654], [-123.30105, 44.71583], [-123.30166, 44.7143], [-123.30229, 44.71417], [-123.30265, 44.71338], [-123.30293, 44.71324], [-123.30296, 44.71303], [-123.30276, 44.71282], [-123.30371, 44.71188], [-123.30521, 44.71191], [-123.30656, 44.71143], [-123.30855, 44.71156], [-123.30938, 44.71121], [-123.31129, 44.71134], [-123.31119, 44.71154], [-123.31138, 44.71172], [-123.31099, 44.712], [-123.30915, 44.71254], [-123.30876, 44.71289], [-123.30821, 44.71294], [-123.3078, 44.71327], [-123.30897, 44.71418], [-123.30914, 44.71485], [-123.30952, 44.71528], [-123.3104, 44.71546], [-123.31056, 44.71598], [-123.31117, 44.71631], [-123.31149, 44.71635], [-123.3124, 44.71581], [-123.3133, 44.71554], [-123.3137, 44.71533], [-123.31365, 44.71478], [-123.31427, 44.71451], [-123.31467, 44.71452], [-123.31504, 44.71524], [-123.31531, 44.71547], [-123.31593, 44.71563], [-123.31632, 44.71543], [-123.31876, 44.71726], [-123.31987, 44.71679], [-123.31993, 44.71711], [-123.31971, 44.71746], [-123.31974, 44.71815], [-123.31943, 44.71918], [-123.31967, 44.71973], [-123.32076, 44.72105], [-123.32143, 44.7211], [-123.3222, 44.72157], [-123.3229, 44.72172], [-123.3235, 44.72232], [-123.32385, 44.72388], [-123.32329, 44.72474], [-123.32428, 44.72482], [-123.3243, 44.72519], [-123.32367, 44.72512], [-123.32368, 44.7253], [-123.32297, 44.72528], [-123.32281, 44.72499], [-123.32212, 44.72496], [-123.32218, 44.72535], [-123.32183, 44.72566], [-123.32229, 44.72577], [-123.3241, 44.72542], [-123.32406, 44.72563], [-123.3243, 44.72583], [-123.32579, 44.72593], [-123.32718, 44.72764], [-123.32714, 44.72847], [-123.3268, 44.72835], [-123.32621, 44.72868], [-123.32515, 44.72886], [-123.32503, 44.72918], [-123.32542, 44.72923], [-123.32542, 44.72977], [-123.32612, 44.72999]], [[-123.31911, 44.7186], [-123.31939, 44.7176], [-123.31921, 44.71768], [-123.31872, 44.71849], [-123.31858, 44.718], [-123.31813, 44.71812], [-123.31764, 44.71787], [-123.31698, 44.71793], [-123.31674, 44.71773], [-123.31615, 44.71799], [-123.31565, 44.71769], [-123.31522, 44.71793], [-123.31543, 44.71841], [-123.3153, 44.71868], [-123.31538, 44.71889], [-123.3166, 44.72007], [-123.31729, 44.71988], [-123.31746, 44.71936], [-123.31826, 44.71883], [-123.31836, 44.7186], [-123.31869, 44.71876], [-123.31911, 44.7186]], [[-123.31381, 44.71551], [-123.31354, 44.71557], [-123.31343, 44.71595], [-123.31189, 44.71657], [-123.31211, 44.71684], [-123.31188, 44.71706], [-123.31247, 44.71755], [-123.31427, 44.7176], [-123.3147, 44.71718], [-123.31473, 44.71694], [-123.31403, 44.71699], [-123.31279, 44.71671], [-123.31351, 44.71641], [-123.31402, 44.71654], [-123.31432, 44.71626], [-123.31434, 44.71606], [-123.31381, 44.71551]]]}, "properties": {"FID": 388, "ACRES": 310.747708106, "STANDID": "AGLAND", "DF_SITE": 0, "SITE_CLASS": 4, "Age": 9, "Shape__Area": 2491416.84375, "Shape__Length": 19419.710171240866, "Age_Class": "9-20"}}, {"type": "Feature", "id": "389", "geometry": {"type": "Polygon", "coordinates": [[[-123.33687, 44.72888], [-123.33687, 44.72955], [-123.33613, 44.72948], [-123.33533, 44.72971], [-123.33505, 44.7296], [-123.33466, 44.72868], [-123.33554, 44.72865], [-123.33575, 44.72908], [-123.33687, 44.72888]]]}, "properties": {"FID": 389, "ACRES": 3.21829057865, "STANDID": "010117", "DF_SITE": 121, "SITE_CLASS": 2, "Age": 17, "Shape__Area": 25809.8125, "Shape__Length": 776.4620632788061, "Age_Class": "9-20"}}, {"type": "Feature", "id": "390", "geometry": {"type": "Polygon", "coordinates": [[[-123.31616, 44.72716], [-123.31532, 44.72768], [-123.31139, 44.72364], [-123.31157, 44.72355], [-123.31067, 44.72265], [-123.31083, 44.72243], [-123.3126, 44.72218], [-123.31334, 44.72257], [-123.31407, 44.72257], [-123.31425, 44.72287], [-123.31515, 44.72342], [-123.3151, 44.72365], [-123.31556, 44.72419], [-123.31536, 44.7248], [-123.31546, 44.72555], [-123.31502, 44.72616], [-123.31505, 44.72642], [-123.31562, 44.72694], [-123.31616, 44.72716]]]}, "properties": {"FID": 390, "ACRES": 27.6036159509, "STANDID": "010909", "DF_SITE": 140, "SITE_CLASS": 4, "Age": 32, "Shape__Area": 221334.4609375, "Shape__Length": 2390.489199851668, "Age_Class": "21-35"}}, {"type": "Feature", "id": "391", "geometry": {"type": "Polygon", "coordinates": [[[-123.31157, 44.72355], [-123.30539, 44.72687], [-123.30474, 44.72604], [-123.30324, 44.72345], [-123.30267, 44.72209], [-123.30385, 44.72183], [-123.30491, 44.72418], [-123.30989, 44.72187], [-123.31157, 44.72355]]]}, "properties": {"FID": 391, "ACRES": 43.4482326936, "STANDID": "AGLAND", "DF_SITE": 0, "SITE_CLASS": 4, "Age": 9, "Shape__Area": 348382.703125, "Shape__Length": 3180.434164791689, "Age_Class": "9-20"}}, {"type": "Feature", "id": "392", "geometry": {"type": "Polygon", "coordinates": [[[-123.31698, 44.72621], [-123.31706, 44.72507], [-123.31771, 44.72462], [-123.31881, 44.72441], [-123.31872, 44.72387], [-123.31831, 44.72327], [-123.31824, 44.72275], [-123.31726, 44.7213], [-123.31748, 44.7211], [-123.31789, 44.72122], [-123.31888, 44.72243], [-123.31867, 44.72282], [-123.31881, 44.72301], [-123.3193, 44.72316], [-123.3194, 44.72303], [-123.3197, 44.72307], [-123.32005, 44.7233], [-123.3201, 44.72352], [-123.3194, 44.72383], [-123.3193, 44.72416], [-123.31957, 44.72454], [-123.31967, 44.72535], [-123.31938, 44.72587], [-123.31845, 44.72582], [-123.31761, 44.72621], [-123.31698, 44.72621]]]}, "properties": {"FID": 392, "ACRES": 13.7454762818, "STANDID": "010914", "DF_SITE": 0, "SITE_CLASS": 4, "Age": 72, "Shape__Area": 110216.34375, "Shape__Length": 2281.3745738932175, "Age_Class": null}}, {"type": "Feature", "id": "393", "geometry": {"type": "Polygon", "coordinates": [[[-123.32812, 44.72535], [-123.32743, 44.72577], [-123.32627, 44.72586], [-123.32601, 44.72564], [-123.32693, 44.72511], [-123.32805, 44.72485], [-123.32812, 44.72535]]]}, "properties": {"FID": 393, "ACRES": 2.35514014514, "STANDID": "010114", "DF_SITE": 130, "SITE_CLASS": 4, "Age": 57, "Shape__Area": 18885.1640625, "Shape__Length": 651.9950751642652, "Age_Class": "51-60"}}, {"type": "Feature", "id": "394", "geometry": {"type": "Polygon", "coordinates": [[[-123.3243, 44.72519], [-123.32428, 44.72482], [-123.32329, 44.72474], [-123.32383, 44.72389], [-123.32572, 44.72372], [-123.32556, 44.72557], [-123.32465, 44.7255], [-123.3243, 44.72519]]]}, "properties": {"FID": 394, "ACRES": 6.51487506369, "STANDID": "010815", "DF_SITE": 128, "SITE_CLASS": 2, "Age": 25, "Shape__Area": 52239.2890625, "Shape__Length": 998.7659867838036, "Age_Class": "21-35"}}, {"type": "Feature", "id": "395", "geometry": {"type": "Polygon", "coordinates": [[[-123.33223, 44.72501], [-123.33138, 44.72529], [-123.33121, 44.72421], [-123.33027, 44.72375], [-123.33003, 44.7232], [-123.32966, 44.72285], [-123.32972, 44.7217], [-123.32991, 44.72105], [-123.33098, 44.72119], [-123.33193, 44.72072], [-123.33368, 44.72079], [-123.33386, 44.72049], [-123.33435, 44.72065], [-123.33464, 44.72024], [-123.33539, 44.7201], [-123.33533, 44.72039], [-123.33553, 44.72056], [-123.33523, 44.72072], [-123.33526, 44.72111], [-123.33465, 44.7214], [-123.33588, 44.72277], [-123.33566, 44.72298], [-123.33558, 44.72353], [-123.33474, 44.72383], [-123.33368, 44.72466], [-123.33298, 44.72448], [-123.33248, 44.72465], [-123.33223, 44.72501]], [[-123.33184, 44.72264], [-123.33213, 44.7223], [-123.33308, 44.72167], [-123.33273, 44.72146], [-123.33096, 44.72146], [-123.33068, 44.72163], [-123.33111, 44.722], [-123.33109, 44.72235], [-123.33184, 44.72264]]]}, "properties": {"FID": 395, "ACRES": 39.4011152248, "STANDID": "010116", "DF_SITE": 129, "SITE_CLASS": 2, "Age": 22, "Shape__Area": 315915.6015625, "Shape__Length": 3586.7751058154377, "Age_Class": "21-35"}}, {"type": "Feature", "id": "396", "geometry": {"type": "Polygon", "coordinates": [[[-123.3296, 44.72378], [-123.32914, 44.72352], [-123.32844, 44.72342], [-123.3277, 44.72251], [-123.32665, 44.72201], [-123.32601, 44.72149], [-123.3262, 44.72118], [-123.32608, 44.72047], [-123.32673, 44.72018], [-123.32674, 44.72002], [-123.32606, 44.71897], [-123.32752, 44.71881], [-123.32776, 44.71831], [-123.3292, 44.71869], [-123.32963, 44.71859], [-123.33009, 44.71873], [-123.33028, 44.71845], [-123.33164, 44.71928], [-123.33226, 44.71991], [-123.33305, 44.72023], [-123.3322, 44.72021], [-123.33203, 44.72068], [-123.33107, 44.72117], [-123.32991, 44.72105], [-123.32972, 44.7217], [-123.32966, 44.72285], [-123.33011, 44.72346], [-123.32991, 44.72373], [-123.3296, 44.72378]], [[-123.32722, 44.72014], [-123.32775, 44.72062], [-123.32811, 44.72057], [-123.32838, 44.72017], [-123.32909, 44.7198], [-123.3291, 44.71964], [-123.32819, 44.71962], [-123.3278, 44.71996], [-123.32722, 44.72014]]]}, "properties": {"FID": 396, "ACRES": 41.1012713925, "STANDID": "010515", "DF_SITE": 132, "SITE_CLASS": 2, "Age": 19, "Shape__Area": 329524.09375, "Shape__Length": 3638.4386940024137, "Age_Class": "9-20"}}, {"type": "Feature", "id": "397", "geometry": {"type": "Polygon", "coordinates": [[[-123.30491, 44.72418], [-123.30385, 44.72183], [-123.30393, 44.72143], [-123.30252, 44.72165], [-123.30182, 44.71984], [-123.30271, 44.71988], [-123.30363, 44.7197], [-123.3053, 44.72033], [-123.30641, 44.72012], [-123.30698, 44.72038], [-123.30681, 44.72191], [-123.30707, 44.72225], [-123.30768, 44.72252], [-123.30773, 44.72287], [-123.30491, 44.72418]]]}, "properties": {"FID": 397, "ACRES": 29.5725263158, "STANDID": "010911", "DF_SITE": 121, "SITE_CLASS": 2, "Age": 30, "Shape__Area": 237101.390625, "Shape__Length": 2375.4162977452675, "Age_Class": "21-35"}}, {"type": "Feature", "id": "398", "geometry": {"type": "Polygon", "coordinates": [[[-123.3235, 44.72232], [-123.32164, 44.72058], [-123.32182, 44.72049], [-123.32179, 44.72021], [-123.32212, 44.71985], [-123.32102, 44.71947], [-123.32082, 44.71909], [-123.321, 44.71899], [-123.32099, 44.71881], [-123.32042, 44.71855], [-123.32057, 44.71686], [-123.32176, 44.71693], [-123.32261, 44.71681], [-123.32373, 44.71847], [-123.32454, 44.7188], [-123.32476, 44.71912], [-123.3255, 44.71959], [-123.32541, 44.71992], [-123.32488, 44.72014], [-123.32486, 44.72073], [-123.325, 44.72104], [-123.32564, 44.7215], [-123.32558, 44.72166], [-123.32477, 44.7217], [-123.3235, 44.72232]], [[-123.32288, 44.72028], [-123.32412, 44.7199], [-123.32412, 44.71966], [-123.32384, 44.71935], [-123.32356, 44.71936], [-123.32297, 44.71974], [-123.32271, 44.7201], [-123.32288, 44.72028]]]}, "properties": {"FID": 398, "ACRES": 32.5366778498, "STANDID": "010519", "DF_SITE": 119, "SITE_CLASS": 2, "Age": 23, "Shape__Area": 260847.3828125, "Shape__Length": 3111.1167639945675, "Age_Class": "21-35"}}, {"type": "Feature", "id": "399", "geometry": {"type": "Polygon", "coordinates": [[[-123.31125, 44.72242], [-123.31035, 44.72141], [-123.31269, 44.72087], [-123.31301, 44.72127], [-123.3133, 44.72135], [-123.31334, 44.72159], [-123.31362, 44.72171], [-123.31338, 44.72198], [-123.31125, 44.72242]]]}, "properties": {"FID": 399, "ACRES": 6.58207037411, "STANDID": "010913", "DF_SITE": 142, "SITE_CLASS": 4, "Age": 20, "Shape__Area": 52772.734375, "Shape__Length": 1033.4909864037488, "Age_Class": "9-20"}}, {"type": "Feature", "id": "400", "geometry": {"type": "Polygon", "coordinates": [[[-123.32049, 44.71958], [-123.3229, 44.72172], [-123.3222, 44.72157], [-123.32143, 44.7211], [-123.32076, 44.72105], [-123.31967, 44.71973], [-123.31943, 44.71918], [-123.31974, 44.71815], [-123.31971, 44.71746], [-123.31993, 44.71711], [-123.31987, 44.71679], [-123.32052, 44.71651], [-123.32038, 44.71926], [-123.32049, 44.71958]]]}, "properties": {"FID": 400, "ACRES": 9.619053134, "STANDID": "010821", "DF_SITE": 0, "SITE_CLASS": 4, "Age": 37, "Shape__Area": 77116.1953125, "Shape__Length": 1985.4111448685974, "Age_Class": "36-50"}}, {"type": "Feature", "id": "401", "geometry": {"type": "Polygon", "coordinates": [[[-123.33705, 44.72021], [-123.33663, 44.71935], [-123.3363, 44.71921], [-123.33565, 44.71925], [-123.3357, 44.71859], [-123.33552, 44.71835], [-123.33494, 44.71824], [-123.33538, 44.71687], [-123.33716, 44.71582], [-123.34722, 44.71581], [-123.34722, 44.72019], [-123.33705, 44.72021]], [[-123.34074, 44.71965], [-123.34195, 44.71918], [-123.34174, 44.71904], [-123.34286, 44.71875], [-123.34456, 44.7196], [-123.34471, 44.71937], [-123.34367, 44.71836], [-123.34333, 44.71774], [-123.34275, 44.71745], [-123.34224, 44.71747], [-123.34089, 44.71807], [-123.34087, 44.71862], [-123.34104, 44.71868], [-123.34034, 44.71964], [-123.34074, 44.71965]], [[-123.34016, 44.71721], [-123.34039, 44.71678], [-123.34013, 44.71657], [-123.33899, 44.71647], [-123.33894, 44.71678], [-123.33912, 44.71702], [-123.33899, 44.71746], [-123.33949, 44.71779], [-123.33911, 44.71843], [-123.33981, 44.71847], [-123.34019, 44.71818], [-123.34038, 44.71766], [-123.34016, 44.71721]]]}, "properties": {"FID": 401, "ACRES": 93.7822759109, "STANDID": "010207", "DF_SITE": 129, "SITE_CLASS": 2, "Age": 21, "Shape__Area": 751815.359375, "Shape__Length": 6468.759524555673, "Age_Class": "21-35"}}, {"type": "Feature", "id": "402", "geometry": {"type": "Polygon", "coordinates": [[[-123.33376, 44.72047], [-123.33226, 44.71991], [-123.33164, 44.71928], [-123.33083, 44.71887], [-123.33056, 44.71853], [-123.33093, 44.7185], [-123.33167, 44.71777], [-123.33167, 44.71746], [-123.33111, 44.71605], [-123.33112, 44.71534], [-123.33266, 44.71431], [-123.33342, 44.71361], [-123.33458, 44.71363], [-123.33499, 44.71354], [-123.335, 44.71341], [-123.33456, 44.71284], [-123.33431, 44.7128], [-123.33407, 44.71207], [-123.33406, 44.71133], [-123.33086, 44.71039], [-123.33059, 44.71017], [-123.33143, 44.70889], [-123.33166, 44.70904], [-123.33172, 44.70954], [-123.33193, 44.70974], [-123.33484, 44.71055], [-123.33573, 44.71225], [-123.33608, 44.71345], [-123.33609, 44.71405], [-123.33663, 44.71451], [-123.33718, 44.7141], [-123.33716, 44.71582], [-123.33538, 44.71687], [-123.33494, 44.71824], [-123.33438, 44.71887], [-123.33411, 44.72033], [-123.33376, 44.72047]]]}, "properties": {"FID": 402, "ACRES": 73.772975489, "STANDID": "010410", "DF_SITE": 135, "SITE_CLASS": 1, "Age": 12, "Shape__Area": 591357.6875, "Shape__Length": 5103.997958093367, "Age_Class": "9-20"}}, {"type": "Feature", "id": "403", "geometry": {"type": "Polygon", "coordinates": [[[-123.32775, 44.72062], [-123.32722, 44.72014], [-123.3278, 44.71996], [-123.32819, 44.71962], [-123.3291, 44.71964], [-123.32909, 44.7198], [-123.32838, 44.72017], [-123.32811, 44.72057], [-123.32775, 44.72062]]]}, "properties": {"FID": 403, "ACRES": 2.10060973487, "STANDID": "010504", "DF_SITE": 121, "SITE_CLASS": 2, "Age": 50, "Shape__Area": 16841.0390625, "Shape__Length": 615.124093769937, "Age_Class": "36-50"}}, {"type": "Feature", "id": "404", "geometry": {"type": "Polygon", "coordinates": [[[-123.34074, 44.71965], [-123.34034, 44.71964], [-123.3412, 44.71849], [-123.3416, 44.71878], [-123.34143, 44.71909], [-123.34194, 44.71916], [-123.34074, 44.71965]]]}, "properties": {"FID": 404, "ACRES": 1.58571385224, "STANDID": "010203", "DF_SITE": 0, "SITE_CLASS": 4, "Age": 9, "Shape__Area": 12712.5625, "Shape__Length": 607.2892609482363, "Age_Class": "9-20"}}, {"type": "Feature", "id": "405", "geometry": {"type": "Polygon", "coordinates": [[[-123.3072, 44.7197], [-123.30688, 44.72032], [-123.30612, 44.72011], [-123.3053, 44.72033], [-123.30363, 44.7197], [-123.30271, 44.71988], [-123.30196, 44.71981], [-123.30252, 44.71871], [-123.30296, 44.71863], [-123.3032, 44.71825], [-123.30379, 44.71796], [-123.30441, 44.71819], [-123.30355, 44.71934], [-123.30443, 44.71999], [-123.30509, 44.71988], [-123.30579, 44.71951], [-123.30645, 44.71835], [-123.30707, 44.71845], [-123.3072, 44.7197]]]}, "properties": {"FID": 405, "ACRES": 11.0025525302, "STANDID": "010910", "DF_SITE": 121, "SITE_CLASS": 4, "Age": 30, "Shape__Area": 88207.3828125, "Shape__Length": 2223.9669131097758, "Age_Class": "21-35"}}, {"type": "Feature", "id": "406", "geometry": {"type": "Polygon", "coordinates": [[[-123.30579, 44.71951], [-123.30443, 44.71999], [-123.30354, 44.71929], [-123.30441, 44.71819], [-123.30484, 44.71818], [-123.30539, 44.71767], [-123.3059, 44.71755], [-123.30581, 44.71784], [-123.30615, 44.71795], [-123.30645, 44.71835], [-123.3062, 44.71895], [-123.30579, 44.71951]]]}, "properties": {"FID": 406, "ACRES": 8.71037834432, "STANDID": "010906", "DF_SITE": 109, "SITE_CLASS": 4, "Age": 44, "Shape__Area": 69830.015625, "Shape__Length": 1120.7478320557261, "Age_Class": "36-50"}}, {"type": "Feature", "id": "407", "geometry": {"type": "Polygon", "coordinates": [[[-123.34039, 44.71678], [-123.34016, 44.71721], [-123.34038, 44.71766], [-123.34019, 44.71818], [-123.33981, 44.71847], [-123.33911, 44.71843], [-123.33949, 44.71779], [-123.33899, 44.71746], [-123.33912, 44.71702], [-123.33894, 44.71678], [-123.33899, 44.71647], [-123.34013, 44.71657], [-123.34039, 44.71678]]]}, "properties": {"FID": 407, "ACRES": 4.68186725912, "STANDID": "010206", "DF_SITE": 113, "SITE_CLASS": 3, "Age": 47, "Shape__Area": 37532.046875, "Shape__Length": 948.9363285594541, "Age_Class": "36-50"}}, {"type": "Feature", "id": "408", "geometry": {"type": "Polygon", "coordinates": [[[-123.32446, 44.71873], [-123.32373, 44.71847], [-123.32292, 44.71722], [-123.32404, 44.71649], [-123.32395, 44.71625], [-123.32433, 44.71591], [-123.32433, 44.71562], [-123.32555, 44.7149], [-123.32513, 44.71486], [-123.32491, 44.71446], [-123.32524, 44.71424], [-123.32559, 44.71453], [-123.32593, 44.71439], [-123.32591, 44.71427], [-123.3266, 44.71416], [-123.32719, 44.71471], [-123.32735, 44.71461], [-123.32781, 44.71509], [-123.32891, 44.71576], [-123.32946, 44.71592], [-123.32922, 44.71611], [-123.32874, 44.71609], [-123.32832, 44.71628], [-123.32882, 44.71655], [-123.32976, 44.71641], [-123.32971, 44.71713], [-123.33017, 44.71755], [-123.3295, 44.71805], [-123.32943, 44.71781], [-123.32871, 44.71756], [-123.32616, 44.71781], [-123.32583, 44.71829], [-123.32446, 44.71873]]]}, "properties": {"FID": 408, "ACRES": 38.6301390843, "STANDID": "010520", "DF_SITE": 128, "SITE_CLASS": 2, "Age": 16, "Shape__Area": 309668.4140625, "Shape__Length": 3094.293180829386, "Age_Class": "9-20"}}, {"type": "Feature", "id": "409", "geometry": {"type": "Polygon", "coordinates": [[[-123.33056, 44.71853], [-123.33073, 44.71809], [-123.32971, 44.71713], [-123.32964, 44.71685], [-123.32979, 44.71657], [-123.32948, 44.71597], [-123.33042, 44.71553], [-123.33109, 44.71566], [-123.33111, 44.71605], [-123.33167, 44.71746], [-123.33152, 44.71802], [-123.33093, 44.7185], [-123.33056, 44.71853]]]}, "properties": {"FID": 409, "ACRES": 8.59713279328, "STANDID": "010411", "DF_SITE": 131, "SITE_CLASS": 0, "Age": 73, "Shape__Area": 68917.453125, "Shape__Length": 1188.4294589146214, "Age_Class": null}}, {"type": "Feature", "id": "410", "geometry": {"type": "Polygon", "coordinates": [[[-123.3201, 44.71611], [-123.319, 44.71713], [-123.31866, 44.71718], [-123.31641, 44.7155], [-123.31819, 44.71409], [-123.3183, 44.71318], [-123.31915, 44.71202], [-123.31988, 44.71064], [-123.32123, 44.71011], [-123.32227, 44.71097], [-123.32297, 44.71123], [-123.32394, 44.7119], [-123.32519, 44.71333], [-123.32515, 44.71365], [-123.32473, 44.71409], [-123.3246, 44.71459], [-123.32396, 44.71468], [-123.3233, 44.71544], [-123.32278, 44.71534], [-123.32226, 44.71458], [-123.32271, 44.71397], [-123.3225, 44.71378], [-123.32218, 44.71391], [-123.32216, 44.7136], [-123.32236, 44.71329], [-123.32243, 44.71243], [-123.32324, 44.71153], [-123.32298, 44.71129], [-123.32282, 44.71135], [-123.32269, 44.71179], [-123.32156, 44.71233], [-123.32217, 44.71275], [-123.32223, 44.71296], [-123.32114, 44.71349], [-123.32087, 44.71393], [-123.32065, 44.714], [-123.32041, 44.71377], [-123.32, 44.71402], [-123.31988, 44.71427], [-123.32004, 44.7153], [-123.31994, 44.71559], [-123.3201, 44.71611]]]}, "properties": {"FID": 410, "ACRES": 56.0675492667, "STANDID": "010517", "DF_SITE": 122, "SITE_CLASS": 2, "Age": 20, "Shape__Area": 449403.6328125, "Shape__Length": 4767.095295904498, "Age_Class": "9-20"}}, {"type": "Feature", "id": "411", "geometry": {"type": "Polygon", "coordinates": [[[-123.32948, 44.71597], [-123.32967, 44.71635], [-123.32932, 44.71652], [-123.32882, 44.71655], [-123.32832, 44.71628], [-123.32874, 44.71609], [-123.32908, 44.71614], [-123.32948, 44.71597]]]}, "properties": {"FID": 411, "ACRES": 1.08436842805, "STANDID": "010509", "DF_SITE": 0, "SITE_CLASS": 4, "Age": 9, "Shape__Area": 8692.4921875, "Shape__Length": 392.7690710344723, "Age_Class": "9-20"}}, {"type": "Feature", "id": "412", "geometry": {"type": "Polygon", "coordinates": [[[-123.30084, 44.71272], [-123.30035, 44.71219], [-123.30036, 44.71186], [-123.30089, 44.71144], [-123.30091, 44.71121], [-123.3, 44.71113], [-123.29973, 44.71081], [-123.29974, 44.70984], [-123.30055, 44.7098], [-123.30054, 44.70953], [-123.30027, 44.70938], [-123.3001, 44.70903], [-123.30066, 44.70887], [-123.30071, 44.70861], [-123.30115, 44.70825], [-123.3018, 44.70856], [-123.30247, 44.70852], [-123.30307, 44.70824], [-123.30306, 44.70884], [-123.30325, 44.70918], [-123.30356, 44.70918], [-123.30325, 44.70937], [-123.30307, 44.70972], [-123.30223, 44.70976], [-123.30218, 44.71005], [-123.30262, 44.71012], [-123.30272, 44.71035], [-123.30295, 44.7104], [-123.30349, 44.71008], [-123.30423, 44.71007], [-123.30441, 44.71062], [-123.30384, 44.71156], [-123.30321, 44.71191], [-123.30288, 44.71238], [-123.30243, 44.71266], [-123.30245, 44.71308], [-123.30224, 44.7132], [-123.30213, 44.71374], [-123.30164, 44.71383], [-123.30119, 44.71276], [-123.30104, 44.71273], [-123.30091, 44.71388], [-123.30117, 44.71465], [-123.30092, 44.71486], [-123.30067, 44.71564], [-123.29983, 44.71632], [-123.29679, 44.71069], [-123.29598, 44.70958], [-123.297, 44.7087], [-123.29771, 44.70856], [-123.29795, 44.71062], [-123.29775, 44.71122], [-123.29805, 44.71138], [-123.29871, 44.71132], [-123.29876, 44.71176], [-123.299, 44.71194], [-123.29936, 44.71265], [-123.29953, 44.71267], [-123.2996, 44.71281], [-123.29922, 44.71323], [-123.29924, 44.7138], [-123.30084, 44.71272]]]}, "properties": {"FID": 412, "ACRES": 56.4004258591, "STANDID": "AGLAND", "DF_SITE": 0, "SITE_CLASS": 4, "Age": 9, "Shape__Area": 452041.5703125, "Shape__Length": 6196.780933087334, "Age_Class": "9-20"}}, {"type": "Feature", "id": "413", "geometry": {"type": "Polygon", "coordinates": [[[-123.31593, 44.71563], [-123.31531, 44.71547], [-123.31504, 44.71524], [-123.31474, 44.71456], [-123.31377, 44.71406], [-123.31375, 44.71351], [-123.31632, 44.71543], [-123.31593, 44.71563]]]}, "properties": {"FID": 413, "ACRES": 2.79524623413, "STANDID": "010808", "DF_SITE": 135, "SITE_CLASS": 1, "Age": 38, "Shape__Area": 22406.21875, "Shape__Length": 930.1416629430132, "Age_Class": "36-50"}}, {"type": "Feature", "id": "414", "geometry": {"type": "Polygon", "coordinates": [[[-123.33718, 44.7141], [-123.33663, 44.71451], [-123.33609, 44.71405], [-123.33608, 44.71345], [-123.33573, 44.71225], [-123.33484, 44.71055], [-123.33193, 44.70974], [-123.33172, 44.70954], [-123.33166, 44.70904], [-123.33078, 44.70871], [-123.33072, 44.70857], [-123.33723, 44.70857], [-123.33718, 44.7141]]]}, "properties": {"FID": 414, "ACRES": 33.601437228, "STANDID": "010307", "DF_SITE": 128, "SITE_CLASS": 0, "Age": 13, "Shape__Area": 269302.078125, "Shape__Length": 2961.337934377688, "Age_Class": "9-20"}}, {"type": "Feature", "id": "415", "geometry": {"type": "Polygon", "coordinates": [[[-123.32974, 44.71344], [-123.32708, 44.713], [-123.32662, 44.71308], [-123.32665, 44.71336], [-123.32504, 44.71313], [-123.32394, 44.7119], [-123.32255, 44.71108], [-123.32285, 44.71005], [-123.32344, 44.70947], [-123.32389, 44.7093], [-123.32453, 44.70935], [-123.3253, 44.70986], [-123.32675, 44.71003], [-123.32757, 44.7103], [-123.32914, 44.71034], [-123.32976, 44.71021], [-123.33004, 44.71038], [-123.33061, 44.70996], [-123.33059, 44.71017], [-123.33085, 44.71037], [-123.33119, 44.71118], [-123.33196, 44.71193], [-123.33201, 44.71226], [-123.33231, 44.7126], [-123.33187, 44.71272], [-123.33153, 44.71259], [-123.33143, 44.71216], [-123.3308, 44.71214], [-123.33046, 44.71252], [-123.33042, 44.71283], [-123.32974, 44.71344]]]}, "properties": {"FID": 415, "ACRES": 52.4353110855, "STANDID": "010408", "DF_SITE": 130, "SITE_CLASS": 2, "Age": 17, "Shape__Area": 420259.921875, "Shape__Length": 3212.6574359186657, "Age_Class": "9-20"}}, {"type": "Feature", "id": "416", "geometry": {"type": "Polygon", "coordinates": [[[-123.30084, 44.71272], [-123.29924, 44.7138], [-123.29922, 44.71323], [-123.2996, 44.71281], [-123.29953, 44.71267], [-123.29936, 44.71265], [-123.299, 44.71194], [-123.29876, 44.71176], [-123.29871, 44.71132], [-123.29805, 44.71138], [-123.29775, 44.71122], [-123.29795, 44.71062], [-123.2979, 44.71003], [-123.29815, 44.71014], [-123.29812, 44.70963], [-123.29948, 44.70973], [-123.30009, 44.70901], [-123.30023, 44.70915], [-123.30027, 44.70938], [-123.30054, 44.70953], [-123.30055, 44.7098], [-123.29974, 44.70984], [-123.29973, 44.71081], [-123.3, 44.71113], [-123.30091, 44.71121], [-123.30089, 44.71144], [-123.30036, 44.71186], [-123.30035, 44.71219], [-123.30084, 44.71272]]]}, "properties": {"FID": 416, "ACRES": 14.4181079535, "STANDID": "010819", "DF_SITE": 107, "SITE_CLASS": 4, "Age": 59, "Shape__Area": 115557.8125, "Shape__Length": 2234.457859184204, "Age_Class": "51-60"}}, {"type": "Feature", "id": "417", "geometry": {"type": "Polygon", "coordinates": [[[-123.30761, 44.71091], [-123.30623, 44.71107], [-123.30573, 44.71091], [-123.30562, 44.71073], [-123.3065, 44.71051], [-123.30715, 44.71007], [-123.30838, 44.70989], [-123.308, 44.70977], [-123.30801, 44.70953], [-123.30872, 44.70958], [-123.31042, 44.70909], [-123.3111, 44.70938], [-123.31093, 44.70966], [-123.31103, 44.70987], [-123.31015, 44.71017], [-123.31026, 44.71036], [-123.31005, 44.71082], [-123.30953, 44.71076], [-123.30874, 44.71097], [-123.30834, 44.71085], [-123.30803, 44.71102], [-123.30761, 44.71091]]]}, "properties": {"FID": 417, "ACRES": 11.8500857243, "STANDID": "010812", "DF_SITE": 0, "SITE_CLASS": 4, "Age": 9, "Shape__Area": 94972.21875, "Shape__Length": 1739.511017866122, "Age_Class": "9-20"}}, {"type": "Feature", "id": "418", "geometry": {"type": "Polygon", "coordinates": [[[-123.32976, 44.71021], [-123.32786, 44.71032], [-123.32817, 44.71005], [-123.32836, 44.70945], [-123.32898, 44.70886], [-123.32805, 44.70871], [-123.32724, 44.70889], [-123.32701, 44.70881], [-123.32701, 44.70857], [-123.33072, 44.70857], [-123.33078, 44.70871], [-123.33143, 44.70889], [-123.33109, 44.70924], [-123.33084, 44.70996], [-123.33061, 44.70996], [-123.33022, 44.71035], [-123.32976, 44.71021]]]}, "properties": {"FID": 418, "ACRES": 10.2022623335, "STANDID": "010406", "DF_SITE": 92, "SITE_CLASS": 0, "Age": 45, "Shape__Area": 81763.5703125, "Shape__Length": 1633.7572694973037, "Age_Class": "36-50"}}, {"type": "Feature", "id": "419", "geometry": {"type": "Polygon", "coordinates": [[[-123.30441, 44.71033], [-123.30314, 44.70819], [-123.30278, 44.70798], [-123.30255, 44.70713], [-123.30307, 44.70603], [-123.30521, 44.70306], [-123.30553, 44.70288], [-123.3062, 44.70314], [-123.3067, 44.70307], [-123.30714, 44.70294], [-123.3078, 44.70237], [-123.30901, 44.70301], [-123.3099, 44.70395], [-123.31017, 44.70475], [-123.30958, 44.70546], [-123.30972, 44.70583], [-123.30926, 44.7061], [-123.30872, 44.7071], [-123.30725, 44.70773], [-123.30733, 44.70799], [-123.30701, 44.70821], [-123.30687, 44.70874], [-123.30645, 44.70898], [-123.30656, 44.7095], [-123.30441, 44.71062], [-123.30441, 44.71033]], [[-123.30812, 44.70578], [-123.30849, 44.70577], [-123.30877, 44.70628], [-123.30895, 44.70625], [-123.30932, 44.70575], [-123.30921, 44.70552], [-123.30842, 44.70534], [-123.30807, 44.70554], [-123.30812, 44.70578]]]}, "properties": {"FID": 419, "ACRES": 74.4752287372, "STANDID": "020210", "DF_SITE": 125, "SITE_CLASS": 2, "Age": 16, "Shape__Area": 596795.828125, "Shape__Length": 3891.57229571616, "Age_Class": "9-20"}}, {"type": "Feature", "id": "420", "geometry": {"type": "Polygon", "coordinates": [[[-123.31026, 44.71036], [-123.31015, 44.71017], [-123.31103, 44.70987], [-123.31093, 44.70966], [-123.31105, 44.70928], [-123.31024, 44.7091], [-123.30965, 44.70939], [-123.30898, 44.70945], [-123.30972, 44.70815], [-123.30997, 44.70797], [-123.31179, 44.70995], [-123.31173, 44.71013], [-123.3111, 44.71041], [-123.31026, 44.71036]]]}, "properties": {"FID": 420, "ACRES": 4.72697319935, "STANDID": "010822", "DF_SITE": 109, "SITE_CLASS": 4, "Age": 72, "Shape__Area": 37883.046875, "Shape__Length": 1357.6417008942763, "Age_Class": null}}, {"type": "Feature", "id": "421", "geometry": {"type": "Polygon", "coordinates": [[[-123.30066, 44.70887], [-123.30009, 44.70901], [-123.30112, 44.70785], [-123.30302, 44.70815], [-123.30423, 44.71007], [-123.30349, 44.71008], [-123.30295, 44.7104], [-123.30272, 44.71035], [-123.30262, 44.71012], [-123.30218, 44.71005], [-123.30223, 44.70976], [-123.30307, 44.70972], [-123.30325, 44.70937], [-123.30356, 44.70918], [-123.30325, 44.70918], [-123.30306, 44.70884], [-123.30307, 44.70824], [-123.30247, 44.70852], [-123.3018, 44.70856], [-123.30115, 44.70825], [-123.30071, 44.70861], [-123.30066, 44.70887]]]}, "properties": {"FID": 421, "ACRES": 6.06861513539, "STANDID": "010820", "DF_SITE": 107, "SITE_CLASS": 4, "Age": 59, "Shape__Area": 48634.9453125, "Shape__Length": 1936.3722952160326, "Age_Class": "51-60"}}, {"type": "Feature", "id": "422", "geometry": {"type": "Polygon", "coordinates": [[[-123.31356, 44.70958], [-123.31249, 44.71], [-123.31179, 44.70995], [-123.30949, 44.70746], [-123.31235, 44.70551], [-123.31295, 44.70537], [-123.31431, 44.70544], [-123.31546, 44.7052], [-123.31785, 44.70516], [-123.31856, 44.70496], [-123.31867, 44.70519], [-123.31843, 44.70526], [-123.31817, 44.70566], [-123.31823, 44.70608], [-123.31782, 44.70637], [-123.31766, 44.70695], [-123.31743, 44.70701], [-123.31708, 44.70755], [-123.31604, 44.70792], [-123.31356, 44.70958]]]}, "properties": {"FID": 422, "ACRES": 55.7451775983, "STANDID": "010608", "DF_SITE": 116, "SITE_CLASS": 2, "Age": 68, "Shape__Area": 446722.125, "Shape__Length": 2909.2911910315197, "Age_Class": null}}, {"type": "Feature", "id": "423", "geometry": {"type": "Polygon", "coordinates": [[[-123.3079, 44.70989], [-123.30722, 44.70974], [-123.30718, 44.7092], [-123.30877, 44.70794], [-123.30949, 44.70746], [-123.30997, 44.70797], [-123.30972, 44.70815], [-123.3092, 44.70923], [-123.3089, 44.70953], [-123.30801, 44.70953], [-123.3079, 44.70989]]]}, "properties": {"FID": 423, "ACRES": 6.64692253927, "STANDID": "010811", "DF_SITE": 109, "SITE_CLASS": 3, "Age": 15, "Shape__Area": 53268.90625, "Shape__Length": 1096.3207425110922, "Age_Class": "9-20"}}, {"type": "Feature", "id": "424", "geometry": {"type": "Polygon", "coordinates": [[[-123.29538, 44.70908], [-123.29178, 44.70706], [-123.29286, 44.70644], [-123.29288, 44.70568], [-123.29579, 44.70699], [-123.29796, 44.7074], [-123.29768, 44.70794], [-123.29771, 44.70856], [-123.297, 44.7087], [-123.29598, 44.70958], [-123.29538, 44.70908]]]}, "properties": {"FID": 424, "ACRES": 21.7898070156, "STANDID": "020311", "DF_SITE": 131, "SITE_CLASS": 2, "Age": 14, "Shape__Area": 174618.375, "Shape__Length": 1975.7078787058524, "Age_Class": "9-20"}}, {"type": "Feature", "id": "425", "geometry": {"type": "Polygon", "coordinates": [[[-123.30021, 44.70887], [-123.29963, 44.70905], [-123.29904, 44.70873], [-123.30002, 44.70763], [-123.29966, 44.70689], [-123.29979, 44.70676], [-123.29969, 44.70397], [-123.30041, 44.70219], [-123.30058, 44.70114], [-123.30152, 44.70007], [-123.30171, 44.69946], [-123.30519, 44.70052], [-123.30391, 44.7015], [-123.30236, 44.70338], [-123.3023, 44.70399], [-123.30156, 44.70473], [-123.30178, 44.7053], [-123.30081, 44.70732], [-123.30081, 44.70786], [-123.30096, 44.70803], [-123.30021, 44.70887]]]}, "properties": {"FID": 425, "ACRES": 44.2764550568, "STANDID": "020211", "DF_SITE": 138, "SITE_CLASS": 1, "Age": 14, "Shape__Area": 354769.671875, "Shape__Length": 3632.76738963932, "Age_Class": "9-20"}}, {"type": "Feature", "id": "426", "geometry": {"type": "Polygon", "coordinates": [[[-123.29784, 44.70739], [-123.29536, 44.70684], [-123.29288, 44.70568], [-123.29319, 44.70458], [-123.29471, 44.7031], [-123.29489, 44.70255], [-123.29471, 44.70217], [-123.29484, 44.70136], [-123.29548, 44.70076], [-123.29676, 44.70117], [-123.2976, 44.70109], [-123.29965, 44.70193], [-123.29947, 44.7021], [-123.29917, 44.70201], [-123.29756, 44.70216], [-123.29765, 44.70255], [-123.29737, 44.70293], [-123.29846, 44.70346], [-123.29812, 44.70457], [-123.29826, 44.70617], [-123.298, 44.70731], [-123.29784, 44.70739]]]}, "properties": {"FID": 426, "ACRES": 53.5644641519, "STANDID": "020308", "DF_SITE": 131, "SITE_CLASS": 2, "Age": 29, "Shape__Area": 429202.375, "Shape__Length": 3199.2586740185197, "Age_Class": "21-35"}}, {"type": "Feature", "id": "427", "geometry": {"type": "Polygon", "coordinates": [[[-123.29286, 44.70644], [-123.29178, 44.70706], [-123.28666, 44.7044], [-123.28697, 44.7044], [-123.28884, 44.70332], [-123.28993, 44.7033], [-123.29072, 44.70302], [-123.2916, 44.70215], [-123.2917, 44.7018], [-123.29329, 44.70213], [-123.2942, 44.70204], [-123.29472, 44.7022], [-123.29489, 44.70255], [-123.29471, 44.7031], [-123.29421, 44.70345], [-123.29305, 44.70488], [-123.29286, 44.70644]]]}, "properties": {"FID": 427, "ACRES": 45.7659800891, "STANDID": "020312", "DF_SITE": 131, "SITE_CLASS": 2, "Age": 18, "Shape__Area": 366715.078125, "Shape__Length": 2707.1010981709264, "Age_Class": "9-20"}}, {"type": "Feature", "id": "428", "geometry": {"type": "Polygon", "coordinates": [[[-123.30812, 44.70578], [-123.30807, 44.70554], [-123.30842, 44.70534], [-123.30921, 44.70552], [-123.30932, 44.70575], [-123.30895, 44.70625], [-123.30877, 44.70628], [-123.30849, 44.70577], [-123.30812, 44.70578]]]}, "properties": {"FID": 428, "ACRES": 1.39831822514, "STANDID": "020206", "DF_SITE": 0, "SITE_CLASS": 4, "Age": 9, "Shape__Area": 11205.03125, "Shape__Length": 466.21305410754314, "Age_Class": "9-20"}}, {"type": "Feature", "id": "429", "geometry": {"type": "Polygon", "coordinates": [[[-123.31155, 44.70605], [-123.31101, 44.70525], [-123.31171, 44.70506], [-123.3129, 44.70423], [-123.31343, 44.70316], [-123.31486, 44.70198], [-123.31509, 44.70125], [-123.31588, 44.70093], [-123.31669, 44.6998], [-123.31672, 44.70182], [-123.31514, 44.70331], [-123.31425, 44.70377], [-123.3131, 44.70494], [-123.31155, 44.70605]]]}, "properties": {"FID": 429, "ACRES": 16.614200254, "STANDID": "020109", "DF_SITE": 119, "SITE_CLASS": 2, "Age": 17, "Shape__Area": 133121.0390625, "Shape__Length": 2477.7797135594046, "Age_Class": "9-20"}}, {"type": "Feature", "id": "430", "geometry": {"type": "Polygon", "coordinates": [[[-123.29125, 44.70253], [-123.29078, 44.70282], [-123.28855, 44.70194], [-123.28833, 44.70169], [-123.28765, 44.70153], [-123.28962, 44.70061], [-123.28957, 44.70044], [-123.28877, 44.6999], [-123.29072, 44.69903], [-123.29088, 44.69871], [-123.29124, 44.69873], [-123.29263, 44.69794], [-123.29274, 44.69852], [-123.29262, 44.69881], [-123.29119, 44.70081], [-123.29117, 44.70137], [-123.2917, 44.7018], [-123.29125, 44.70253]]]}, "properties": {"FID": 430, "ACRES": 21.688077696, "STANDID": "020317", "DF_SITE": 130, "SITE_CLASS": 0, "Age": 10, "Shape__Area": 173760.859375, "Shape__Length": 2265.572521931663, "Age_Class": "9-20"}}, {"type": "Feature", "id": "431", "geometry": {"type": "Polygon", "coordinates": [[[-123.29471, 44.70217], [-123.2942, 44.70204], [-123.29329, 44.70213], [-123.29179, 44.70186], [-123.29117, 44.70137], [-123.29119, 44.70081], [-123.29262, 44.69881], [-123.29274, 44.69852], [-123.29263, 44.69794], [-123.29352, 44.69805], [-123.29433, 44.69853], [-123.29602, 44.69812], [-123.29618, 44.6983], [-123.29678, 44.69838], [-123.29719, 44.69877], [-123.29484, 44.70136], [-123.29471, 44.70217]]]}, "properties": {"FID": 431, "ACRES": 34.0271794582, "STANDID": "020313", "DF_SITE": 135, "SITE_CLASS": 1, "Age": 14, "Shape__Area": 272614.03125, "Shape__Length": 2248.9415441220553, "Age_Class": "9-20"}}, {"type": "Feature", "id": "432", "geometry": {"type": "Polygon", "coordinates": [[[-123.29965, 44.70193], [-123.2976, 44.70109], [-123.29676, 44.70117], [-123.29548, 44.70076], [-123.29697, 44.69902], [-123.29744, 44.69914], [-123.29781, 44.69952], [-123.29842, 44.69955], [-123.29868, 44.69952], [-123.29899, 44.69896], [-123.2993, 44.69892], [-123.29926, 44.6998], [-123.29968, 44.70041], [-123.3002, 44.7007], [-123.30024, 44.70109], [-123.2996, 44.70172], [-123.29965, 44.70193]]]}, "properties": {"FID": 432, "ACRES": 16.6675643021, "STANDID": "020316", "DF_SITE": 135, "SITE_CLASS": 1, "Age": 75, "Shape__Area": 133536.5546875, "Shape__Length": 1757.2519484095174, "Age_Class": null}}, {"type": "Feature", "id": "433", "geometry": {"type": "Polygon", "coordinates": [[[-123.28669, 44.7003], [-123.28742, 44.70032], [-123.28734, 44.7007], [-123.28656, 44.70185], [-123.28532, 44.70214], [-123.28457, 44.70182], [-123.28458, 44.70154], [-123.28485, 44.70137], [-123.2852, 44.70063], [-123.28669, 44.7003]]]}, "properties": {"FID": 433, "ACRES": 7.29399216757, "STANDID": "030107", "DF_SITE": 131, "SITE_CLASS": 0, "Age": 78, "Shape__Area": 58439.2734375, "Shape__Length": 991.2174643091272, "Age_Class": null}}, {"type": "Feature", "id": "434", "geometry": {"type": "Polygon", "coordinates": [[[-123.30954, 44.7019], [-123.30875, 44.70183], [-123.30893, 44.70168], [-123.30881, 44.70151], [-123.30896, 44.70146], [-123.30902, 44.70107], [-123.30839, 44.7015], [-123.30771, 44.70076], [-123.30721, 44.70063], [-123.30739, 44.70014], [-123.30776, 44.69985], [-123.30746, 44.69935], [-123.30796, 44.69896], [-123.30904, 44.69887], [-123.31056, 44.69801], [-123.31111, 44.69739], [-123.31246, 44.69489], [-123.3131, 44.69632], [-123.31368, 44.69828], [-123.31313, 44.7005], [-123.31266, 44.70117], [-123.31234, 44.70114], [-123.31226, 44.70135], [-123.31203, 44.70116], [-123.31181, 44.70139], [-123.31157, 44.70121], [-123.31139, 44.70157], [-123.3111, 44.70145], [-123.3111, 44.7016], [-123.31081, 44.70173], [-123.31076, 44.70156], [-123.3105, 44.70164], [-123.31092, 44.70133], [-123.3107, 44.70123], [-123.31027, 44.70176], [-123.31009, 44.70171], [-123.31002, 44.70148], [-123.30974, 44.70166], [-123.3098, 44.70128], [-123.31008, 44.70117], [-123.30988, 44.70112], [-123.30989, 44.70097], [-123.30962, 44.70101], [-123.30941, 44.70139], [-123.30954, 44.7019]]]}, "properties": {"FID": 434, "ACRES": 40.7383202486, "STANDID": "020213", "DF_SITE": 131, "SITE_CLASS": 2, "Age": 15, "Shape__Area": 384448.703125, "Shape__Length": 3990.3923323726494, "Age_Class": "9-20"}}, {"type": "Feature", "id": "435", "geometry": {"type": "Polygon", "coordinates": [[[-123.30529, 44.70045], [-123.30171, 44.69946], [-123.30216, 44.69885], [-123.30241, 44.69758], [-123.30419, 44.69646], [-123.30456, 44.69579], [-123.30521, 44.69534], [-123.30768, 44.69466], [-123.3079, 44.69495], [-123.30717, 44.69532], [-123.30704, 44.69568], [-123.30721, 44.69728], [-123.30709, 44.69774], [-123.30648, 44.69834], [-123.30621, 44.69942], [-123.30529, 44.70045]]]}, "properties": {"FID": 435, "ACRES": 40.7266828032, "STANDID": "020212", "DF_SITE": 125, "SITE_CLASS": 2, "Age": 16, "Shape__Area": 326262.4453125, "Shape__Length": 2570.288848807579, "Age_Class": "9-20"}}, {"type": "Feature", "id": "436", "geometry": {"type": "Polygon", "coordinates": [[[-123.27782, 44.69992], [-123.27734, 44.70095], [-123.2744, 44.6992], [-123.27228, 44.69869], [-123.27235, 44.69832], [-123.27219, 44.69809], [-123.27299, 44.69746], [-123.27345, 44.69737], [-123.27413, 44.69657], [-123.27496, 44.69623], [-123.27535, 44.69633], [-123.2763, 44.6961], [-123.27778, 44.69632], [-123.27892, 44.69592], [-123.28051, 44.69668], [-123.28176, 44.69647], [-123.28249, 44.69664], [-123.28221, 44.69691], [-123.28164, 44.69692], [-123.27983, 44.69867], [-123.27782, 44.69992]]]}, "properties": {"FID": 436, "ACRES": 55.6639713173, "STANDID": "030105", "DF_SITE": 169, "SITE_CLASS": 1, "Age": 16, "Shape__Area": 445928.625, "Shape__Length": 3121.9995147244063, "Age_Class": "9-20"}}, {"type": "Feature", "id": "437", "geometry": {"type": "Polygon", "coordinates": [[[-123.28559, 44.70005], [-123.28475, 44.70011], [-123.28469, 44.69967], [-123.28517, 44.69953], [-123.2856, 44.69968], [-123.28559, 44.70005]]]}, "properties": {"FID": 437, "ACRES": 1.16087191791, "STANDID": "030108", "DF_SITE": 131, "SITE_CLASS": 0, "Age": 78, "Shape__Area": 9300.4453125, "Shape__Length": 349.6084891570396, "Age_Class": null}}, {"type": "Feature", "id": "438", "geometry": {"type": "Polygon", "coordinates": [[[-123.30136, 44.69805], [-123.30099, 44.69958], [-123.2995, 44.69883], [-123.29897, 44.69873], [-123.29808, 44.69806], [-123.29773, 44.69796], [-123.29829, 44.6977], [-123.29932, 44.69768], [-123.29917, 44.69626], [-123.29864, 44.69534], [-123.2981, 44.69543], [-123.29756, 44.69529], [-123.29725, 44.6955], [-123.29659, 44.69554], [-123.29636, 44.69477], [-123.29811, 44.69447], [-123.29925, 44.69399], [-123.29965, 44.69475], [-123.30205, 44.69581], [-123.30165, 44.6967], [-123.30195, 44.69732], [-123.30136, 44.69805]]]}, "properties": {"FID": 438, "ACRES": 29.8899202098, "STANDID": "020516", "DF_SITE": 154, "SITE_CLASS": 1, "Age": 18, "Shape__Area": 239439.609375, "Shape__Length": 2860.108361449979, "Age_Class": "9-20"}}, {"type": "Feature", "id": "439", "geometry": {"type": "Polygon", "coordinates": [[[-123.28877, 44.6999], [-123.28794, 44.69922], [-123.28902, 44.69877], [-123.28937, 44.69822], [-123.28882, 44.69758], [-123.28747, 44.69702], [-123.28826, 44.69596], [-123.29356, 44.696], [-123.29323, 44.6965], [-123.29497, 44.69701], [-123.29347, 44.69774], [-123.29355, 44.69807], [-123.29263, 44.69794], [-123.29124, 44.69873], [-123.29088, 44.69871], [-123.29072, 44.69903], [-123.28877, 44.6999]]]}, "properties": {"FID": 439, "ACRES": 32.7269377656, "STANDID": "020314", "DF_SITE": 142, "SITE_CLASS": 1, "Age": 75, "Shape__Area": 262173.34375, "Shape__Length": 2689.7360863682975, "Age_Class": null}}, {"type": "Feature", "id": "440", "geometry": {"type": "Polygon", "coordinates": [[[-123.31544, 44.69832], [-123.31604, 44.69734], [-123.31564, 44.69698], [-123.31549, 44.69655], [-123.31514, 44.69658], [-123.31503, 44.6969], [-123.3146, 44.69689], [-123.31388, 44.69777], [-123.3136, 44.6979], [-123.31354, 44.69774], [-123.3138, 44.69771], [-123.31408, 44.69739], [-123.31383, 44.69712], [-123.31423, 44.69677], [-123.31427, 44.6963], [-123.31477, 44.69611], [-123.31456, 44.69552], [-123.31566, 44.69527], [-123.31663, 44.69558], [-123.31666, 44.69765], [-123.31607, 44.69842], [-123.31557, 44.69857], [-123.31544, 44.69832]]]}, "properties": {"FID": 440, "ACRES": 10.1207165009, "STANDID": "020110", "DF_SITE": 101, "SITE_CLASS": 4, "Age": 68, "Shape__Area": 81074.046875, "Shape__Length": 1977.715009003469, "Age_Class": null}}, {"type": "Feature", "id": "441", "geometry": {"type": "Polygon", "coordinates": [[[-123.27219, 44.69809], [-123.27228, 44.69869], [-123.27018, 44.69831], [-123.27179, 44.69698], [-123.27255, 44.69563], [-123.27396, 44.69415], [-123.2742, 44.69408], [-123.27435, 44.69429], [-123.2742, 44.69479], [-123.27432, 44.69538], [-123.27458, 44.69592], [-123.27496, 44.69623], [-123.27413, 44.69657], [-123.27345, 44.69737], [-123.27299, 44.69746], [-123.27232, 44.69795], [-123.27219, 44.69809]]]}, "properties": {"FID": 441, "ACRES": 16.0898206143, "STANDID": "030104", "DF_SITE": 133, "SITE_CLASS": 2, "Age": 30, "Shape__Area": 128890.8671875, "Shape__Length": 1982.5543121162593, "Age_Class": "21-35"}}, {"type": "Feature", "id": "442", "geometry": {"type": "Polygon", "coordinates": [[[-123.28689, 44.69742], [-123.28621, 44.69747], [-123.28538, 44.69704], [-123.28382, 44.69714], [-123.28198, 44.69646], [-123.28057, 44.69668], [-123.2813, 44.69577], [-123.28275, 44.69523], [-123.28265, 44.69441], [-123.28171, 44.6941], [-123.28206, 44.69389], [-123.28229, 44.69333], [-123.28471, 44.69301], [-123.2856, 44.69331], [-123.28642, 44.69381], [-123.28774, 44.69509], [-123.28836, 44.69596], [-123.28768, 44.69686], [-123.28689, 44.69742]]]}, "properties": {"FID": 442, "ACRES": 45.8052024572, "STANDID": "030208", "DF_SITE": 133, "SITE_CLASS": 2, "Age": 75, "Shape__Area": 366915.9296875, "Shape__Length": 2730.228570265571, "Age_Class": null}}, {"type": "Feature", "id": "443", "geometry": {"type": "Polygon", "coordinates": [[[-123.26887, 44.69734], [-123.26738, 44.69742], [-123.26718, 44.69717], [-123.26818, 44.6962], [-123.26773, 44.69552], [-123.2679, 44.69533], [-123.26779, 44.69521], [-123.26698, 44.69541], [-123.26689, 44.69525], [-123.26701, 44.69503], [-123.26737, 44.69499], [-123.26753, 44.6947], [-123.26749, 44.69419], [-123.268, 44.69391], [-123.26822, 44.69346], [-123.2681, 44.69338], [-123.26828, 44.69299], [-123.26816, 44.69237], [-123.26795, 44.69203], [-123.2705, 44.69154], [-123.27138, 44.69177], [-123.2715, 44.69245], [-123.27099, 44.69318], [-123.27015, 44.69375], [-123.27026, 44.69404], [-123.27082, 44.69424], [-123.27088, 44.69459], [-123.2712, 44.69498], [-123.27075, 44.69592], [-123.26975, 44.69677], [-123.26907, 44.69667], [-123.26887, 44.69734]]]}, "properties": {"FID": 443, "ACRES": 35.0728341756, "STANDID": "030315", "DF_SITE": 124, "SITE_CLASS": 2, "Age": 22, "Shape__Area": 280936.5078125, "Shape__Length": 2934.7655089966233, "Age_Class": "21-35"}}, {"type": "Feature", "id": "444", "geometry": {"type": "Polygon", "coordinates": [[[-123.28051, 44.69668], [-123.27993, 44.69649], [-123.2791, 44.69593], [-123.27778, 44.69632], [-123.2763, 44.6961], [-123.27535, 44.69633], [-123.27483, 44.69618], [-123.27432, 44.69538], [-123.2742, 44.69479], [-123.27435, 44.69429], [-123.2742, 44.69408], [-123.27677, 44.69274], [-123.27664, 44.69364], [-123.2772, 44.69388], [-123.27759, 44.69366], [-123.2777, 44.69389], [-123.27789, 44.69391], [-123.27798, 44.69452], [-123.2785, 44.69409], [-123.27871, 44.69435], [-123.27931, 44.69418], [-123.27865, 44.69372], [-123.27902, 44.69354], [-123.27891, 44.6932], [-123.27935, 44.69303], [-123.27948, 44.69306], [-123.27942, 44.69335], [-123.28033, 44.6933], [-123.28076, 44.69394], [-123.28128, 44.69431], [-123.28173, 44.6941], [-123.28265, 44.69441], [-123.28275, 44.69523], [-123.2813, 44.69577], [-123.28051, 44.69668]]]}, "properties": {"FID": 444, "ACRES": 43.1695384312, "STANDID": "030209", "DF_SITE": 133, "SITE_CLASS": 2, "Age": 14, "Shape__Area": 345797.96875, "Shape__Length": 3409.218270975534, "Age_Class": "9-20"}}, {"type": "Feature", "id": "445", "geometry": {"type": "Polygon", "coordinates": [[[-123.31238, 44.69492], [-123.31109, 44.69413], [-123.31107, 44.69385], [-123.3115, 44.69357], [-123.31163, 44.69318], [-123.31145, 44.69283], [-123.31143, 44.69177], [-123.31162, 44.69149], [-123.31123, 44.69125], [-123.31204, 44.69023], [-123.31259, 44.69069], [-123.31377, 44.69107], [-123.31432, 44.69116], [-123.31517, 44.69075], [-123.31591, 44.69069], [-123.31656, 44.69099], [-123.31659, 44.6925], [-123.31519, 44.69255], [-123.3146, 44.69329], [-123.31427, 44.694], [-123.31305, 44.69423], [-123.31238, 44.69492]]]}, "properties": {"FID": 445, "ACRES": 31.704811456, "STANDID": "020407", "DF_SITE": 118, "SITE_CLASS": 2, "Age": 22, "Shape__Area": 253940.859375, "Shape__Length": 2460.6092734496274, "Age_Class": "21-35"}}, {"type": "Feature", "id": "446", "geometry": {"type": "Polygon", "coordinates": [[[-123.25708, 44.69632], [-123.25329, 44.69591], [-123.25076, 44.69422], [-123.25177, 44.69324], [-123.25233, 44.69302], [-123.25289, 44.69235], [-123.25297, 44.69197], [-123.25283, 44.69176], [-123.2525, 44.692], [-123.25221, 44.69194], [-123.25216, 44.69151], [-123.25245, 44.69103], [-123.25323, 44.69094], [-123.25335, 44.6908], [-123.25319, 44.69034], [-123.25287, 44.69015], [-123.2531, 44.68986], [-123.25312, 44.68951], [-123.25376, 44.68922], [-123.25407, 44.68852], [-123.25392, 44.68735], [-123.25441, 44.68725], [-123.2541, 44.68658], [-123.25496, 44.68602], [-123.25486, 44.68536], [-123.2553, 44.6842], [-123.25644, 44.68316], [-123.25713, 44.68298], [-123.25726, 44.68189], [-123.25814, 44.68177], [-123.25758, 44.68118], [-123.25776, 44.68104], [-123.25806, 44.68119], [-123.25846, 44.68104], [-123.25885, 44.68062], [-123.25938, 44.67995], [-123.25941, 44.67925], [-123.26014, 44.67852], [-123.25994, 44.67834], [-123.26006, 44.67813], [-123.26104, 44.67795], [-123.26121, 44.67776], [-123.26115, 44.67761], [-123.26158, 44.67747], [-123.26189, 44.67692], [-123.26245, 44.67681], [-123.26476, 44.67552], [-123.26496, 44.67526], [-123.26535, 44.67542], [-123.26553, 44.67528], [-123.26588, 44.67538], [-123.26597, 44.67628], [-123.26655, 44.67581], [-123.26642, 44.67519], [-123.26682, 44.67499], [-123.2674, 44.67504], [-123.26824, 44.67458], [-123.2693, 44.67459], [-123.27102, 44.67378], [-123.27073, 44.67374], [-123.27086, 44.67361], [-123.27164, 44.67346], [-123.27268, 44.67262], [-123.27275, 44.67232], [-123.27329, 44.67173], [-123.27328, 44.67143], [-123.2738, 44.671], [-123.27516, 44.67087], [-123.2752, 44.67111], [-123.27622, 44.67156], [-123.27664, 44.67157], [-123.27791, 44.67216], [-123.27883, 44.67211], [-123.2789, 44.67241], [-123.27929, 44.67246], [-123.2799, 44.67227], [-123.28016, 44.67188], [-123.28116, 44.67145], [-123.28327, 44.6717], [-123.28355, 44.6719], [-123.28408, 44.67184], [-123.28437, 44.67158], [-123.28432, 44.67132], [-123.28411, 44.67116], [-123.2834, 44.6711], [-123.28338, 44.67095], [-123.28352, 44.6708], [-123.28384, 44.67094], [-123.2844, 44.6709], [-123.28452, 44.67061], [-123.2853, 44.67043], [-123.28615, 44.67068], [-123.28654, 44.67061], [-123.28711, 44.67123], [-123.28877, 44.67145], [-123.28873, 44.67246], [-123.28836, 44.67246], [-123.28805, 44.67279], [-123.28695, 44.67303], [-123.28687, 44.67322], [-123.28595, 44.67292], [-123.28581, 44.67264], [-123.28495, 44.67223], [-123.28434, 44.67248], [-123.28449, 44.67262], [-123.28443, 44.67281], [-123.28408, 44.67327], [-123.28291, 44.67333], [-123.28207, 44.67381], [-123.28132, 44.67366], [-123.2809, 44.67398], [-123.28077, 44.67423], [-123.28091, 44.67457], [-123.28133, 44.67487], [-123.28197, 44.67497], [-123.28339, 44.67614], [-123.28351, 44.6764], [-123.2832, 44.67699], [-123.28302, 44.67797], [-123.28286, 44.67807], [-123.2806, 44.67821], [-123.28024, 44.67802], [-123.27802, 44.67839], [-123.27745, 44.67832], [-123.2771, 44.6785], [-123.27716, 44.67875], [-123.27743, 44.67883], [-123.27812, 44.67872], [-123.27807, 44.67901], [-123.27866, 44.67922], [-123.27895, 44.6791], [-123.27881, 44.67859], [-123.2799, 44.67915], [-123.27998, 44.67894], [-123.27968, 44.67853], [-123.28059, 44.67907], [-123.28073, 44.67894], [-123.28049, 44.67871], [-123.2807, 44.67861], [-123.28139, 44.67866], [-123.28173, 44.67849], [-123.28207, 44.67881], [-123.27948, 44.6794], [-123.27913, 44.67925], [-123.27854, 44.67959], [-123.27775, 44.67946], [-123.27709, 44.67976], [-123.27725, 44.67999], [-123.27768, 44.68014], [-123.27408, 44.68171], [-123.27329, 44.68166], [-123.2733, 44.68122], [-123.27282, 44.68064], [-123.2721, 44.68065], [-123.27197, 44.68083], [-123.27253, 44.6816], [-123.27166, 44.68171], [-123.27125, 44.68201], [-123.27008, 44.68176], [-123.26997, 44.68097], [-123.26924, 44.68075], [-123.26887, 44.68089], [-123.2692, 44.68157], [-123.26874, 44.68179], [-123.26842, 44.68175], [-123.26757, 44.68091], [-123.26619, 44.67992], [-123.26595, 44.68018], [-123.26594, 44.68153], [-123.26611, 44.68172], [-123.26852, 44.68209], [-123.26813, 44.68217], [-123.26778, 44.68294], [-123.26729, 44.68301], [-123.26731, 44.68356], [-123.2675, 44.68374], [-123.26753, 44.68407], [-123.26727, 44.68443], [-123.26748, 44.68466], [-123.26707, 44.68517], [-123.26549, 44.68599], [-123.26377, 44.68658], [-123.26228, 44.68655], [-123.26107, 44.68827], [-123.25994, 44.68857], [-123.25941, 44.68889], [-123.25916, 44.68939], [-123.25877, 44.68946], [-123.25854, 44.68932], [-123.25872, 44.68903], [-123.25761, 44.68879], [-123.2565, 44.68923], [-123.25719, 44.68971], [-123.25681, 44.69011], [-123.25682, 44.69066], [-123.25725, 44.69042], [-123.25713, 44.69], [-123.25749, 44.69013], [-123.25775, 44.69084], [-123.25815, 44.69091], [-123.25803, 44.69108], [-123.25749, 44.69118], [-123.25731, 44.69153], [-123.25771, 44.69341], [-123.25708, 44.69632]], [[-123.26338, 44.68419], [-123.26438, 44.68418], [-123.26451, 44.68404], [-123.26437, 44.68378], [-123.26399, 44.68361], [-123.26589, 44.68369], [-123.26622, 44.68365], [-123.26642, 44.68342], [-123.265, 44.68325], [-123.26438, 44.68274], [-123.2633, 44.68283], [-123.26305, 44.68321], [-123.26374, 44.68358], [-123.26382, 44.68377], [-123.26358, 44.68382], [-123.26297, 44.68352], [-123.26293, 44.6837], [-123.26338, 44.68419]], [[-123.26905, 44.6786], [-123.27013, 44.67952], [-123.27058, 44.67964], [-123.27066, 44.68002], [-123.27149, 44.6805], [-123.27222, 44.68051], [-123.27234, 44.68035], [-123.27211, 44.68014], [-123.272, 44.67894], [-123.27181, 44.6787], [-123.27249, 44.67848], [-123.27255, 44.67807], [-123.27243, 44.67783], [-123.27276, 44.67761], [-123.27256, 44.67713], [-123.27269, 44.67683], [-123.2726, 44.67621], [-123.27287, 44.67628], [-123.27284, 44.67664], [-123.27317, 44.6771], [-123.27325, 44.67776], [-123.27344, 44.67784], [-123.27345, 44.67709], [-123.27392, 44.67653], [-123.27394, 44.67617], [-123.27376, 44.67603], [-123.27311, 44.67624], [-123.27315, 44.67601], [-123.27342, 44.67585], [-123.27323, 44.67549], [-123.27332, 44.67525], [-123.27359, 44.67529], [-123.27426, 44.67601], [-123.2743, 44.67643], [-123.27456, 44.67647], [-123.27453, 44.67609], [-123.27523, 44.67577], [-123.27508, 44.67556], [-123.27516, 44.67544], [-123.27676, 44.6756], [-123.27712, 44.67545], [-123.27773, 44.67551], [-123.27853, 44.67511], [-123.2787, 44.67482], [-123.27974, 44.67446], [-123.27995, 44.67394], [-123.27938, 44.6734], [-123.2785, 44.67313], [-123.27615, 44.67373], [-123.27612, 44.6735], [-123.27662, 44.67325], [-123.27532, 44.67334], [-123.27457, 44.67372], [-123.27437, 44.674], [-123.27402, 44.67372], [-123.27296, 44.67356], [-123.27118, 44.6738], [-123.271, 44.67399], [-123.27147, 44.67411], [-123.27148, 44.67428], [-123.27095, 44.67469], [-123.27136, 44.67487], [-123.2718, 44.67466], [-123.27212, 44.67506], [-123.27052, 44.67486], [-123.26982, 44.67492], [-123.26968, 44.67513], [-123.26937, 44.67499], [-123.26908, 44.67532], [-123.26773, 44.67529], [-123.2673, 44.67568], [-123.26759, 44.67601], [-123.26708, 44.6759], [-123.26668, 44.67603], [-123.26599, 44.6767], [-123.26592, 44.67769], [-123.26638, 44.67806], [-123.26905, 44.6786]]]}, "properties": {"FID": 446, "ACRES": 508.527257121, "STANDID": "AGLAND", "DF_SITE": 0, "SITE_CLASS": 4, "Age": 9, "Shape__Area": 4071574.40625, "Shape__Length": 28411.20356528472, "Age_Class": "9-20"}}, {"type": "Feature", "id": "447", "geometry": {"type": "Polygon", "coordinates": [[[-123.26585, 44.69564], [-123.26449, 44.695], [-123.26495, 44.69419], [-123.26479, 44.69323], [-123.26541, 44.6929], [-123.26544, 44.69265], [-123.26704, 44.69239], [-123.26795, 44.69203], [-123.26816, 44.69237], [-123.26828, 44.69299], [-123.2681, 44.69338], [-123.26822, 44.69346], [-123.268, 44.69391], [-123.26749, 44.69419], [-123.26752, 44.69477], [-123.26737, 44.69499], [-123.26701, 44.69503], [-123.26698, 44.69541], [-123.26585, 44.69564]]]}, "properties": {"FID": 447, "ACRES": 19.1010049888, "STANDID": "030317", "DF_SITE": 118, "SITE_CLASS": 2, "Age": 20, "Shape__Area": 152997.9921875, "Shape__Length": 1696.7667933510281, "Age_Class": "9-20"}}, {"type": "Feature", "id": "448", "geometry": {"type": "Polygon", "coordinates": [[[-123.27131, 44.69446], [-123.27026, 44.69404], [-123.27015, 44.69375], [-123.27099, 44.69318], [-123.2715, 44.69245], [-123.27143, 44.69181], [-123.27068, 44.69155], [-123.26928, 44.69172], [-123.26877, 44.69142], [-123.26837, 44.69092], [-123.26838, 44.69049], [-123.2697, 44.68977], [-123.27007, 44.68932], [-123.27008, 44.68909], [-123.27112, 44.68892], [-123.27256, 44.68838], [-123.27277, 44.68853], [-123.27323, 44.68849], [-123.27332, 44.68925], [-123.27373, 44.68948], [-123.27398, 44.68937], [-123.27423, 44.68951], [-123.27474, 44.69032], [-123.27568, 44.68945], [-123.27765, 44.68872], [-123.27783, 44.68871], [-123.27775, 44.68898], [-123.27843, 44.68941], [-123.27861, 44.68981], [-123.27838, 44.69024], [-123.27844, 44.69041], [-123.27809, 44.69094], [-123.27766, 44.69116], [-123.27764, 44.69144], [-123.27573, 44.69246], [-123.27467, 44.6928], [-123.27379, 44.69286], [-123.27352, 44.69326], [-123.27237, 44.69372], [-123.27231, 44.6944], [-123.27187, 44.6948], [-123.27162, 44.69487], [-123.27131, 44.69446]]]}, "properties": {"FID": 448, "ACRES": 69.8386747334, "STANDID": "030319", "DF_SITE": 126, "SITE_CLASS": 2, "Age": 16, "Shape__Area": 559349.4921875, "Shape__Length": 4126.33445863879, "Age_Class": "9-20"}}, {"type": "Feature", "id": "449", "geometry": {"type": "Polygon", "coordinates": [[[-123.28685, 44.69278], [-123.28793, 44.69163], [-123.28754, 44.69072], [-123.28676, 44.69087], [-123.28641, 44.69114], [-123.28649, 44.69078], [-123.28709, 44.6903], [-123.28743, 44.68962], [-123.28732, 44.68927], [-123.2875, 44.68902], [-123.28709, 44.68853], [-123.28662, 44.68837], [-123.28725, 44.68816], [-123.28698, 44.68787], [-123.28747, 44.68793], [-123.28781, 44.68772], [-123.28808, 44.68803], [-123.28814, 44.68852], [-123.28864, 44.68872], [-123.28846, 44.68918], [-123.28865, 44.68934], [-123.29149, 44.68919], [-123.29142, 44.68966], [-123.29103, 44.69027], [-123.29043, 44.69045], [-123.29051, 44.69068], [-123.29024, 44.69132], [-123.29041, 44.69183], [-123.29024, 44.69208], [-123.28962, 44.69252], [-123.28862, 44.69257], [-123.28808, 44.69238], [-123.28685, 44.69278]]]}, "properties": {"FID": 449, "ACRES": 26.7355179016, "STANDID": "020505", "DF_SITE": 136, "SITE_CLASS": 1, "Age": 50, "Shape__Area": 214124.8203125, "Shape__Length": 2937.7853287194253, "Age_Class": "36-50"}}, {"type": "Feature", "id": "450", "geometry": {"type": "Polygon", "coordinates": [[[-123.31656, 44.69099], [-123.31591, 44.69069], [-123.31517, 44.69075], [-123.31432, 44.69116], [-123.31377, 44.69107], [-123.31259, 44.69069], [-123.31204, 44.69023], [-123.3113, 44.69105], [-123.31106, 44.69107], [-123.3109, 44.69053], [-123.31115, 44.69002], [-123.31152, 44.68996], [-123.31061, 44.68945], [-123.31058, 44.68926], [-123.30968, 44.68871], [-123.30944, 44.68839], [-123.30831, 44.68835], [-123.30747, 44.68895], [-123.30686, 44.68873], [-123.30682, 44.6884], [-123.30744, 44.68811], [-123.30775, 44.68761], [-123.30699, 44.68772], [-123.30671, 44.68806], [-123.3068, 44.68822], [-123.30664, 44.68847], [-123.30629, 44.68823], [-123.30664, 44.68741], [-123.30629, 44.68721], [-123.30848, 44.68608], [-123.30896, 44.68526], [-123.30982, 44.68492], [-123.31075, 44.68377], [-123.31149, 44.68377], [-123.31314, 44.6841], [-123.31372, 44.68435], [-123.31412, 44.68474], [-123.31484, 44.68592], [-123.31528, 44.68594], [-123.31569, 44.68569], [-123.31634, 44.6857], [-123.31656, 44.69099]]]}, "properties": {"FID": 450, "ACRES": 101.820285182, "STANDID": "020408", "DF_SITE": 115, "SITE_CLASS": 2, "Age": 15, "Shape__Area": 815395.8359375, "Shape__Length": 4810.397900871735, "Age_Class": "9-20"}}, {"type": "Feature", "id": "451", "geometry": {"type": "Polygon", "coordinates": [[[-123.24758, 44.69182], [-123.24606, 44.69057], [-123.25009, 44.68705], [-123.24836, 44.68681], [-123.25046, 44.68393], [-123.25126, 44.68352], [-123.25035, 44.68323], [-123.24404, 44.68688], [-123.24219, 44.68738], [-123.23977, 44.68531], [-123.24838, 44.6804], [-123.25136, 44.67976], [-123.25542, 44.67818], [-123.25737, 44.678], [-123.2579, 44.67781], [-123.25928, 44.67692], [-123.26053, 44.67472], [-123.2618, 44.6737], [-123.26361, 44.67303], [-123.2657, 44.67057], [-123.26718, 44.67034], [-123.26804, 44.67131], [-123.26836, 44.67136], [-123.27116, 44.67028], [-123.27217, 44.66963], [-123.27533, 44.66596], [-123.27751, 44.66697], [-123.2774, 44.6674], [-123.27698, 44.66745], [-123.27656, 44.66802], [-123.27648, 44.66858], [-123.27593, 44.66875], [-123.27444, 44.66974], [-123.27456, 44.67017], [-123.27489, 44.67016], [-123.2749, 44.6705], [-123.27443, 44.67051], [-123.27412, 44.67028], [-123.2737, 44.67033], [-123.27315, 44.67068], [-123.27324, 44.67096], [-123.27308, 44.67118], [-123.27247, 44.67125], [-123.272, 44.67164], [-123.27187, 44.672], [-123.27224, 44.67219], [-123.27169, 44.67248], [-123.27158, 44.67326], [-123.27068, 44.67324], [-123.27011, 44.67367], [-123.26599, 44.67378], [-123.26417, 44.67471], [-123.26409, 44.67499], [-123.2629, 44.67489], [-123.26231, 44.67552], [-123.26225, 44.67601], [-123.26176, 44.67602], [-123.26173, 44.67633], [-123.26093, 44.67689], [-123.26087, 44.6772], [-123.26051, 44.67755], [-123.26016, 44.67763], [-123.25909, 44.67875], [-123.25886, 44.67922], [-123.25888, 44.67958], [-123.25822, 44.68069], [-123.25704, 44.68061], [-123.25659, 44.68092], [-123.2563, 44.68144], [-123.2564, 44.68179], [-123.25563, 44.68266], [-123.25536, 44.68278], [-123.25491, 44.68378], [-123.25391, 44.685], [-123.25391, 44.68516], [-123.25454, 44.68523], [-123.25449, 44.68544], [-123.2532, 44.68632], [-123.25341, 44.68668], [-123.2529, 44.68712], [-123.25325, 44.68835], [-123.2529, 44.68892], [-123.25235, 44.68934], [-123.25173, 44.68949], [-123.25114, 44.69017], [-123.25032, 44.69073], [-123.25012, 44.69119], [-123.24927, 44.6917], [-123.2488, 44.69176], [-123.24844, 44.69138], [-123.24818, 44.69138], [-123.24775, 44.69155], [-123.24758, 44.69182]]]}, "properties": {"FID": 451, "ACRES": 324.380452982, "STANDID": "AGLAND", "DF_SITE": 0, "SITE_CLASS": 4, "Age": 9, "Shape__Area": 2597046.2265625, "Shape__Length": 15586.885140973296, "Age_Class": "9-20"}}, {"type": "Feature", "id": "452", "geometry": {"type": "Polygon", "coordinates": [[[-123.29115, 44.68919], [-123.28857, 44.68931], [-123.28846, 44.68912], [-123.28864, 44.68872], [-123.28814, 44.68852], [-123.28808, 44.68803], [-123.28781, 44.68772], [-123.28842, 44.68744], [-123.28879, 44.68767], [-123.28911, 44.68842], [-123.28947, 44.68859], [-123.28943, 44.68878], [-123.29115, 44.68919]]]}, "properties": {"FID": 452, "ACRES": 4.59720459157, "STANDID": "020519", "DF_SITE": 99, "SITE_CLASS": 3, "Age": 41, "Shape__Area": 36816.6328125, "Shape__Length": 1174.9597206241385, "Age_Class": "36-50"}}, {"type": "Feature", "id": "453", "geometry": {"type": "Polygon", "coordinates": [[[-123.29115, 44.68919], [-123.29052, 44.68861], [-123.28986, 44.68853], [-123.28985, 44.68814], [-123.28958, 44.68816], [-123.28952, 44.68797], [-123.2904, 44.68788], [-123.29057, 44.68758], [-123.29093, 44.68768], [-123.29091, 44.68802], [-123.29124, 44.68856], [-123.2917, 44.68874], [-123.29144, 44.68916], [-123.29115, 44.68919]]]}, "properties": {"FID": 453, "ACRES": 3.04785133317, "STANDID": "020508", "DF_SITE": 99, "SITE_CLASS": 3, "Age": 9, "Shape__Area": 24408.453125, "Shape__Length": 849.4628570919762, "Age_Class": "9-20"}}, {"type": "Feature", "id": "454", "geometry": {"type": "Polygon", "coordinates": [[[-123.27019, 44.68843], [-123.26798, 44.68912], [-123.26793, 44.68878], [-123.2676, 44.6887], [-123.26686, 44.68914], [-123.26659, 44.68955], [-123.26614, 44.68969], [-123.26551, 44.68924], [-123.26583, 44.68904], [-123.26501, 44.6884], [-123.26489, 44.68813], [-123.26552, 44.68803], [-123.26779, 44.68646], [-123.26877, 44.6863], [-123.26876, 44.68615], [-123.26942, 44.68625], [-123.26962, 44.68639], [-123.26972, 44.68679], [-123.27025, 44.68712], [-123.27109, 44.6871], [-123.27159, 44.68673], [-123.27177, 44.68678], [-123.27194, 44.68712], [-123.27102, 44.68757], [-123.27019, 44.68843]]]}, "properties": {"FID": 454, "ACRES": 25.1218937622, "STANDID": "030405", "DF_SITE": 0, "SITE_CLASS": 4, "Age": 9, "Shape__Area": 201183.078125, "Shape__Length": 2366.9621163629695, "Age_Class": "9-20"}}, {"type": "Feature", "id": "455", "geometry": {"type": "Polygon", "coordinates": [[[-123.28716, 44.68821], [-123.2848, 44.68821], [-123.28374, 44.68744], [-123.28283, 44.68764], [-123.28193, 44.68733], [-123.28069, 44.6872], [-123.28078, 44.68659], [-123.28255, 44.68691], [-123.28224, 44.68624], [-123.28261, 44.68582], [-123.28324, 44.68578], [-123.28355, 44.68601], [-123.28396, 44.68599], [-123.28465, 44.68629], [-123.28494, 44.68623], [-123.28515, 44.68652], [-123.28568, 44.68669], [-123.28569, 44.68697], [-123.28648, 44.68693], [-123.2875, 44.68746], [-123.28814, 44.6875], [-123.28747, 44.68793], [-123.28698, 44.68787], [-123.28726, 44.68808], [-123.28716, 44.68821]]]}, "properties": {"FID": 455, "ACRES": 19.1298962422, "STANDID": "030510", "DF_SITE": 95, "SITE_CLASS": 3, "Age": 22, "Shape__Area": 153193.7578125, "Shape__Length": 2322.9679387785036, "Age_Class": "21-35"}}, {"type": "Feature", "id": "456", "geometry": {"type": "Polygon", "coordinates": [[[-123.2719, 44.68645], [-123.27109, 44.6871], [-123.27025, 44.68712], [-123.26972, 44.68679], [-123.26962, 44.68639], [-123.26902, 44.68611], [-123.26876, 44.68615], [-123.26812, 44.68567], [-123.26815, 44.68555], [-123.2691, 44.68501], [-123.26964, 44.68448], [-123.2703, 44.68422], [-123.27097, 44.68441], [-123.27141, 44.68399], [-123.27177, 44.68391], [-123.27172, 44.68627], [-123.2719, 44.68645]]]}, "properties": {"FID": 456, "ACRES": 16.0480133152, "STANDID": "030611", "DF_SITE": 100, "SITE_CLASS": 3, "Age": 29, "Shape__Area": 128506.890625, "Shape__Length": 1556.6448015591275, "Age_Class": "21-35"}}, {"type": "Feature", "id": "457", "geometry": {"type": "Polygon", "coordinates": [[[-123.23982, 44.68528], [-123.23814, 44.68372], [-123.23692, 44.68228], [-123.23755, 44.68254], [-123.23803, 44.68323], [-123.24046, 44.68379], [-123.24113, 44.68339], [-123.24191, 44.6842], [-123.23982, 44.68528]]]}, "properties": {"FID": 457, "ACRES": 9.86616160945, "STANDID": "AGLAND", "DF_SITE": 0, "SITE_CLASS": 4, "Age": 9, "Shape__Area": 79000.453125, "Shape__Length": 1609.7821457720663, "Age_Class": "9-20"}}, {"type": "Feature", "id": "458", "geometry": {"type": "Polygon", "coordinates": [[[-123.28942, 44.68383], [-123.28851, 44.6835], [-123.28726, 44.68358], [-123.28729, 44.68343], [-123.28688, 44.68316], [-123.28682, 44.68279], [-123.2866, 44.68255], [-123.28748, 44.68275], [-123.28816, 44.68207], [-123.28899, 44.68167], [-123.28985, 44.68152], [-123.29176, 44.68213], [-123.29197, 44.68231], [-123.29205, 44.68253], [-123.29124, 44.68323], [-123.28942, 44.68383]]]}, "properties": {"FID": 458, "ACRES": 16.0707229205, "STANDID": "030712", "DF_SITE": 102, "SITE_CLASS": 3, "Age": 30, "Shape__Area": 128675.9140625, "Shape__Length": 1583.2558246425772, "Age_Class": "21-35"}}, {"type": "Feature", "id": "459", "geometry": {"type": "Polygon", "coordinates": [[[-123.28292, 44.6837], [-123.28283, 44.68194], [-123.28377, 44.68216], [-123.28403, 44.68253], [-123.28583, 44.68251], [-123.28678, 44.68279], [-123.28688, 44.68316], [-123.28731, 44.6835], [-123.28673, 44.68347], [-123.28673, 44.68368], [-123.28631, 44.68375], [-123.28292, 44.6837]]]}, "properties": {"FID": 459, "ACRES": 10.6509787411, "STANDID": "030721", "DF_SITE": 108, "SITE_CLASS": 3, "Age": 149, "Shape__Area": 85281.84375, "Shape__Length": 1449.7047060306832, "Age_Class": null}}, {"type": "Feature", "id": "460", "geometry": {"type": "Polygon", "coordinates": [[[-123.28748, 44.68275], [-123.2866, 44.68255], [-123.28594, 44.68185], [-123.28604, 44.68102], [-123.28591, 44.67927], [-123.28737, 44.67876], [-123.2893, 44.67863], [-123.28972, 44.67957], [-123.29038, 44.68008], [-123.29036, 44.68056], [-123.28974, 44.68114], [-123.28985, 44.68152], [-123.28899, 44.68167], [-123.28816, 44.68207], [-123.28748, 44.68275]]]}, "properties": {"FID": 460, "ACRES": 28.1825964668, "STANDID": "030713", "DF_SITE": 118, "SITE_CLASS": 2, "Age": 29, "Shape__Area": 225636.828125, "Shape__Length": 1911.4912225241012, "Age_Class": "21-35"}}, {"type": "Feature", "id": "461", "geometry": {"type": "Polygon", "coordinates": [[[-123.24113, 44.68339], [-123.24046, 44.68379], [-123.23803, 44.68323], [-123.23755, 44.68254], [-123.23692, 44.68228], [-123.23616, 44.68106], [-123.23223, 44.67764], [-123.23718, 44.67765], [-123.2382, 44.67859], [-123.23706, 44.67918], [-123.24113, 44.68339]]]}, "properties": {"FID": 461, "ACRES": 42.7224843594, "STANDID": "030999", "DF_SITE": 0, "SITE_CLASS": 4, "Age": 15, "Shape__Area": 342047.2890625, "Shape__Length": 3182.665020795108, "Age_Class": "9-20"}}, {"type": "Feature", "id": "462", "geometry": {"type": "Polygon", "coordinates": [[[-123.28035, 44.68212], [-123.28006, 44.68159], [-123.27969, 44.6813], [-123.27978, 44.68115], [-123.28008, 44.68122], [-123.28023, 44.68073], [-123.28003, 44.68048], [-123.27997, 44.67996], [-123.28182, 44.6795], [-123.2819, 44.68202], [-123.28035, 44.68212]]]}, "properties": {"FID": 462, "ACRES": 9.62936184054, "STANDID": "030719", "DF_SITE": 118, "SITE_CLASS": 2, "Age": 18, "Shape__Area": 77096.09375, "Shape__Length": 1243.6247771137957, "Age_Class": "9-20"}}, {"type": "Feature", "id": "463", "geometry": {"type": "Polygon", "coordinates": [[[-123.29049, 44.68182], [-123.28988, 44.68157], [-123.28974, 44.68114], [-123.29023, 44.68066], [-123.29109, 44.68023], [-123.2921, 44.6804], [-123.29294, 44.68031], [-123.29327, 44.68013], [-123.29372, 44.68042], [-123.29469, 44.68064], [-123.29492, 44.68096], [-123.29489, 44.68116], [-123.29464, 44.68125], [-123.29284, 44.68062], [-123.29112, 44.6807], [-123.29053, 44.68093], [-123.29049, 44.68182]]]}, "properties": {"FID": 463, "ACRES": 5.57777463037, "STANDID": "020615", "DF_SITE": 0, "SITE_CLASS": 4, "Age": 9, "Shape__Area": 44657.40625, "Shape__Length": 1574.0960146378395, "Age_Class": "9-20"}}, {"type": "Feature", "id": "464", "geometry": {"type": "Polygon", "coordinates": [[[-123.27499, 44.68173], [-123.27455, 44.68151], [-123.27768, 44.68014], [-123.27836, 44.68042], [-123.27682, 44.68104], [-123.27639, 44.6814], [-123.27545, 44.68151], [-123.27499, 44.68173]]]}, "properties": {"FID": 464, "ACRES": 3.69551328947, "STANDID": "030841", "DF_SITE": 124, "SITE_CLASS": 2, "Age": 36, "Shape__Area": 29587.6875, "Shape__Length": 1022.8398938553902, "Age_Class": "36-50"}}, {"type": "Feature", "id": "465", "geometry": {"type": "Polygon", "coordinates": [[[-123.29584, 44.68083], [-123.29561, 44.68084], [-123.29515, 44.68015], [-123.29514, 44.67954], [-123.29312, 44.67956], [-123.29163, 44.68009], [-123.29186, 44.67973], [-123.29127, 44.67948], [-123.2913, 44.6792], [-123.29101, 44.67914], [-123.29104, 44.67875], [-123.29059, 44.67873], [-123.29033, 44.679], [-123.28997, 44.6789], [-123.28942, 44.67912], [-123.2893, 44.67863], [-123.28982, 44.67855], [-123.29087, 44.67803], [-123.29292, 44.67774], [-123.29435, 44.67806], [-123.29463, 44.67795], [-123.2953, 44.67807], [-123.29575, 44.67839], [-123.29566, 44.67914], [-123.29597, 44.68023], [-123.29584, 44.68083]]]}, "properties": {"FID": 465, "ACRES": 20.645557004, "STANDID": "030716", "DF_SITE": 118, "SITE_CLASS": 2, "Age": 23, "Shape__Area": 165284.078125, "Shape__Length": 2447.12635410757, "Age_Class": "21-35"}}, {"type": "Feature", "id": "466", "geometry": {"type": "Polygon", "coordinates": [[[-123.2903, 44.68062], [-123.29032, 44.67998], [-123.28985, 44.67974], [-123.28942, 44.67912], [-123.28997, 44.6789], [-123.29033, 44.679], [-123.29059, 44.67873], [-123.29104, 44.67875], [-123.29101, 44.67914], [-123.2913, 44.6792], [-123.29127, 44.67948], [-123.29187, 44.67975], [-123.29163, 44.68009], [-123.2903, 44.68062]]]}, "properties": {"FID": 466, "ACRES": 4.87312835777, "STANDID": "030707", "DF_SITE": 98, "SITE_CLASS": 3, "Age": 51, "Shape__Area": 39014.140625, "Shape__Length": 965.0806914516685, "Age_Class": "51-60"}}, {"type": "Feature", "id": "467", "geometry": {"type": "Polygon", "coordinates": [[[-123.27877, 44.68032], [-123.27817, 44.68], [-123.27911, 44.67959], [-123.28072, 44.6793], [-123.28183, 44.6794], [-123.27877, 44.68032]]]}, "properties": {"FID": 467, "ACRES": 3.52357034608, "STANDID": "030835", "DF_SITE": 118, "SITE_CLASS": 2, "Age": 18, "Shape__Area": 28209.8125, "Shape__Length": 910.0783961603307, "Age_Class": "9-20"}}, {"type": "Feature", "id": "468", "geometry": {"type": "Polygon", "coordinates": [[[-123.28737, 44.67876], [-123.285, 44.67956], [-123.2835, 44.67927], [-123.28411, 44.67889], [-123.28395, 44.67809], [-123.28426, 44.67791], [-123.28421, 44.67758], [-123.28456, 44.67755], [-123.28487, 44.67726], [-123.28473, 44.6766], [-123.28638, 44.67611], [-123.2872, 44.6761], [-123.28737, 44.67593], [-123.28735, 44.67566], [-123.28714, 44.67555], [-123.28636, 44.6755], [-123.2864, 44.67563], [-123.28604, 44.67581], [-123.28546, 44.6758], [-123.28514, 44.67576], [-123.28501, 44.67551], [-123.28708, 44.67493], [-123.28783, 44.67554], [-123.2887, 44.67743], [-123.28919, 44.67774], [-123.2903, 44.67802], [-123.2904, 44.67822], [-123.28971, 44.67858], [-123.28737, 44.67876]]]}, "properties": {"FID": 468, "ACRES": 32.4882653965, "STANDID": "030830", "DF_SITE": 111, "SITE_CLASS": 3, "Age": 18, "Shape__Area": 260082.890625, "Shape__Length": 3044.830440486889, "Age_Class": "9-20"}}, {"type": "Feature", "id": "469", "geometry": {"type": "Polygon", "coordinates": [[[-123.29292, 44.67774], [-123.29087, 44.67803], [-123.29202, 44.67731], [-123.29211, 44.67694], [-123.29198, 44.67632], [-123.29105, 44.67487], [-123.2899, 44.67391], [-123.28911, 44.67358], [-123.28925, 44.67339], [-123.28953, 44.67334], [-123.28952, 44.67354], [-123.28964, 44.67355], [-123.29039, 44.67333], [-123.29025, 44.67398], [-123.29095, 44.67381], [-123.29105, 44.67428], [-123.29125, 44.67447], [-123.29274, 44.67417], [-123.293, 44.67399], [-123.29305, 44.67363], [-123.29322, 44.67359], [-123.29347, 44.67379], [-123.29376, 44.67374], [-123.294, 44.67413], [-123.29434, 44.67408], [-123.29441, 44.67421], [-123.2925, 44.67432], [-123.29281, 44.67519], [-123.293, 44.67522], [-123.29361, 44.67464], [-123.29398, 44.67521], [-123.29379, 44.67548], [-123.29324, 44.67548], [-123.29312, 44.6757], [-123.29321, 44.6761], [-123.29274, 44.67653], [-123.29311, 44.67668], [-123.29352, 44.6763], [-123.29395, 44.67617], [-123.2951, 44.67726], [-123.29438, 44.67805], [-123.29292, 44.67774]]]}, "properties": {"FID": 469, "ACRES": 20.1703154987, "STANDID": "AGLAND", "DF_SITE": 0, "SITE_CLASS": 4, "Age": 9, "Shape__Area": 161463.0546875, "Shape__Length": 3773.9608756916614, "Age_Class": "9-20"}}, {"type": "Feature", "id": "470", "geometry": {"type": "Polygon", "coordinates": [[[-123.29614, 44.67737], [-123.29572, 44.67725], [-123.2956, 44.67677], [-123.29535, 44.67667], [-123.29407, 44.67508], [-123.2955, 44.67136], [-123.29539, 44.67047], [-123.29631, 44.67131], [-123.29614, 44.67737]]]}, "properties": {"FID": 470, "ACRES": 18.6391001514, "STANDID": "030718", "DF_SITE": 118, "SITE_CLASS": 2, "Age": 24, "Shape__Area": 149196.421875, "Shape__Length": 2323.860959717654, "Age_Class": "21-35"}}, {"type": "Feature", "id": "471", "geometry": {"type": "Polygon", "coordinates": [[[-123.25815, 44.67437], [-123.25659, 44.67718], [-123.25534, 44.67604], [-123.25534, 44.67231], [-123.25509, 44.67179], [-123.25525, 44.67083], [-123.25573, 44.67081], [-123.25688, 44.67166], [-123.25794, 44.67327], [-123.25901, 44.67412], [-123.25815, 44.67437]]]}, "properties": {"FID": 471, "ACRES": 28.0581078709, "STANDID": "040416", "DF_SITE": 122, "SITE_CLASS": 2, "Age": 16, "Shape__Area": 224588.7890625, "Shape__Length": 2362.2591201797586, "Age_Class": "9-20"}}, {"type": "Feature", "id": "472", "geometry": {"type": "Polygon", "coordinates": [[[-123.26053, 44.67472], [-123.26099, 44.67375], [-123.26087, 44.67264], [-123.2612, 44.67304], [-123.26186, 44.67308], [-123.26274, 44.67286], [-123.26341, 44.67311], [-123.2618, 44.6737], [-123.26053, 44.67472]]]}, "properties": {"FID": 472, "ACRES": 3.6601813589, "STANDID": "AGLAND", "DF_SITE": 0, "SITE_CLASS": 4, "Age": 9, "Shape__Area": 29297.1484375, "Shape__Length": 1094.3718114506212, "Age_Class": "9-20"}}, {"type": "Feature", "id": "473", "geometry": {"type": "Polygon", "coordinates": [[[-123.29406, 44.67329], [-123.29326, 44.67325], [-123.29293, 44.67228], [-123.29311, 44.67154], [-123.29395, 44.67151], [-123.29456, 44.67192], [-123.29406, 44.67329]]]}, "properties": {"FID": 473, "ACRES": 5.1230434553, "STANDID": "030821", "DF_SITE": 118, "SITE_CLASS": 2, "Age": 34, "Shape__Area": 41004.75, "Shape__Length": 806.3752310653282, "Age_Class": "21-35"}}, {"type": "Feature", "id": "474", "geometry": {"type": "Polygon", "coordinates": [[[-123.26341, 44.67311], [-123.26274, 44.67286], [-123.26186, 44.67308], [-123.2612, 44.67304], [-123.26051, 44.67215], [-123.25924, 44.67136], [-123.25901, 44.67103], [-123.26006, 44.67035], [-123.26038, 44.67068], [-123.26132, 44.6708], [-123.26174, 44.67125], [-123.26211, 44.67122], [-123.26243, 44.67097], [-123.26274, 44.67029], [-123.26246, 44.67027], [-123.26208, 44.67054], [-123.26196, 44.67042], [-123.26205, 44.67001], [-123.26249, 44.66934], [-123.2614, 44.66893], [-123.26436, 44.66892], [-123.26482, 44.67162], [-123.26393, 44.67277], [-123.26341, 44.67311]]]}, "properties": {"FID": 474, "ACRES": 30.2253627827, "STANDID": "040104", "DF_SITE": 116, "SITE_CLASS": 2, "Age": 28, "Shape__Area": 241913.4296875, "Shape__Length": 2786.021033500438, "Age_Class": "21-35"}}, {"type": "Feature", "id": "475", "geometry": {"type": "Polygon", "coordinates": [[[-123.295, 44.67156], [-123.29417, 44.67148], [-123.29387, 44.67128], [-123.29429, 44.67079], [-123.29522, 44.6708], [-123.29533, 44.67103], [-123.295, 44.67156]]]}, "properties": {"FID": 475, "ACRES": 1.78442662559, "STANDID": "030828", "DF_SITE": 0, "SITE_CLASS": 4, "Age": 9, "Shape__Area": 14281.921875, "Shape__Length": 477.7966293184392, "Age_Class": "9-20"}}, {"type": "Feature", "id": "476", "geometry": {"type": "Polygon", "coordinates": [[[-123.28095, 44.67117], [-123.28019, 44.67176], [-123.27977, 44.67187], [-123.27815, 44.67179], [-123.27601, 44.67107], [-123.27575, 44.67092], [-123.2756, 44.67042], [-123.27565, 44.67019], [-123.2763, 44.66985], [-123.27646, 44.66941], [-123.27732, 44.66874], [-123.27747, 44.66849], [-123.2774, 44.668], [-123.27812, 44.66788], [-123.27839, 44.66713], [-123.28024, 44.66713], [-123.28011, 44.66748], [-123.27956, 44.6673], [-123.27919, 44.66739], [-123.27912, 44.66773], [-123.28029, 44.66814], [-123.2808, 44.66793], [-123.28058, 44.66741], [-123.28076, 44.66729], [-123.28047, 44.66713], [-123.28156, 44.66714], [-123.28178, 44.6676], [-123.28217, 44.66768], [-123.28162, 44.66783], [-123.28178, 44.66825], [-123.28238, 44.66833], [-123.28309, 44.66824], [-123.28352, 44.66775], [-123.28393, 44.66782], [-123.28435, 44.66751], [-123.28509, 44.66755], [-123.28526, 44.66745], [-123.28512, 44.66714], [-123.28925, 44.66723], [-123.2893, 44.66736], [-123.28909, 44.6676], [-123.28697, 44.66765], [-123.28692, 44.66804], [-123.28567, 44.66848], [-123.28441, 44.66921], [-123.28374, 44.6691], [-123.28356, 44.6694], [-123.28366, 44.66955], [-123.28267, 44.66999], [-123.28229, 44.66974], [-123.28232, 44.66962], [-123.28288, 44.66951], [-123.28273, 44.66903], [-123.28207, 44.66919], [-123.28099, 44.66909], [-123.2803, 44.66919], [-123.28005, 44.66974], [-123.2795, 44.66994], [-123.27944, 44.67009], [-123.27961, 44.67026], [-123.28334, 44.67035], [-123.28291, 44.67102], [-123.28186, 44.67117], [-123.28177, 44.67091], [-123.28135, 44.6707], [-123.28103, 44.67082], [-123.28095, 44.67117]]]}, "properties": {"FID": 476, "ACRES": 58.8876418271, "STANDID": "AGLAND", "DF_SITE": 0, "SITE_CLASS": 4, "Age": 9, "Shape__Area": 471285.7578125, "Shape__Length": 6337.484522832064, "Age_Class": "9-20"}}, {"type": "Feature", "id": "477", "geometry": {"type": "Polygon", "coordinates": [[[-123.25373, 44.67238], [-123.24826, 44.67249], [-123.24884, 44.67219], [-123.24967, 44.67135], [-123.24963, 44.67095], [-123.2493, 44.6707], [-123.24908, 44.67019], [-123.2491, 44.67007], [-123.24951, 44.66997], [-123.2496, 44.67028], [-123.2499, 44.67052], [-123.25045, 44.67051], [-123.25071, 44.67077], [-123.25097, 44.6707], [-123.25086, 44.67046], [-123.25097, 44.67039], [-123.253, 44.67114], [-123.25342, 44.67101], [-123.25345, 44.67049], [-123.25375, 44.67088], [-123.25457, 44.67126], [-123.25244, 44.67182], [-123.25232, 44.67209], [-123.25341, 44.67209], [-123.25373, 44.67238]]]}, "properties": {"FID": 477, "ACRES": 16.1614530085, "STANDID": "040401", "DF_SITE": 111, "SITE_CLASS": 3, "Age": 47, "Shape__Area": 129350.2421875, "Shape__Length": 2537.070554184729, "Age_Class": "36-50"}}, {"type": "Feature", "id": "478", "geometry": {"type": "Polygon", "coordinates": [[[-123.26482, 44.67162], [-123.26436, 44.66892], [-123.26706, 44.66891], [-123.26735, 44.66928], [-123.26676, 44.66946], [-123.26632, 44.66997], [-123.26579, 44.67029], [-123.26482, 44.67162]]]}, "properties": {"FID": 478, "ACRES": 8.41189872087, "STANDID": "040105", "DF_SITE": 0, "SITE_CLASS": 4, "Age": 17, "Shape__Area": 67322.8125, "Shape__Length": 1283.411419784402, "Age_Class": "9-20"}}, {"type": "Feature", "id": "479", "geometry": {"type": "Polygon", "coordinates": [[[-123.24907, 44.6719], [-123.24887, 44.67106], [-123.24808, 44.67061], [-123.24759, 44.67009], [-123.24754, 44.6699], [-123.24782, 44.66963], [-123.24884, 44.66997], [-123.24869, 44.67013], [-123.24915, 44.67009], [-123.24927, 44.67065], [-123.24963, 44.67095], [-123.24967, 44.67135], [-123.24907, 44.6719]]]}, "properties": {"FID": 479, "ACRES": 4.22038212991, "STANDID": "040508", "DF_SITE": 113, "SITE_CLASS": 3, "Age": 26, "Shape__Area": 33777.796875, "Shape__Length": 986.5807381691327, "Age_Class": "21-35"}}, {"type": "Feature", "id": "480", "geometry": {"type": "Polygon", "coordinates": [[[-123.25343, 44.67098], [-123.25319, 44.67116], [-123.25273, 44.67109], [-123.25097, 44.67039], [-123.25086, 44.67046], [-123.25097, 44.6707], [-123.25053, 44.67073], [-123.25045, 44.67051], [-123.24969, 44.6704], [-123.24951, 44.66997], [-123.24869, 44.67013], [-123.24884, 44.66997], [-123.24763, 44.66957], [-123.24755, 44.66929], [-123.24841, 44.66934], [-123.24856, 44.66869], [-123.24914, 44.66863], [-123.24997, 44.66923], [-123.25085, 44.66961], [-123.25107, 44.66933], [-123.25317, 44.67034], [-123.25366, 44.67012], [-123.25345, 44.67049], [-123.25343, 44.67098]]]}, "properties": {"FID": 480, "ACRES": 12.9266343701, "STANDID": "040403", "DF_SITE": 100, "SITE_CLASS": 3, "Age": 32, "Shape__Area": 103456.0546875, "Shape__Length": 2044.4330627240283, "Age_Class": "21-35"}}, {"type": "Feature", "id": "481", "geometry": {"type": "Polygon", "coordinates": [[[-123.26718, 44.67034], [-123.26605, 44.6705], [-123.26566, 44.6706], [-123.26579, 44.67029], [-123.26632, 44.66997], [-123.26665, 44.66954], [-123.26735, 44.66928], [-123.26797, 44.67006], [-123.26718, 44.67034]]]}, "properties": {"FID": 481, "ACRES": 3.19383955324, "STANDID": "AGLAND", "DF_SITE": 0, "SITE_CLASS": 4, "Age": 9, "Shape__Area": 25561.3828125, "Shape__Length": 713.5855436356053, "Age_Class": "9-20"}}, {"type": "Feature", "id": "482", "geometry": {"type": "Polygon", "coordinates": [[[-123.25361, 44.67012], [-123.25317, 44.67034], [-123.25107, 44.66933], [-123.25085, 44.66961], [-123.24967, 44.66904], [-123.24903, 44.66843], [-123.2501, 44.66845], [-123.25097, 44.66822], [-123.25148, 44.66747], [-123.25144, 44.66678], [-123.25254, 44.66637], [-123.25287, 44.6659], [-123.25405, 44.66552], [-123.25438, 44.66402], [-123.25407, 44.66281], [-123.2541, 44.66233], [-123.25456, 44.66214], [-123.25485, 44.66167], [-123.25486, 44.66131], [-123.25566, 44.66145], [-123.25683, 44.66207], [-123.25663, 44.66249], [-123.25594, 44.66332], [-123.25511, 44.66493], [-123.25308, 44.66733], [-123.25274, 44.66733], [-123.25233, 44.6677], [-123.25211, 44.66828], [-123.25168, 44.66867], [-123.25217, 44.66952], [-123.25387, 44.66966], [-123.25361, 44.67012]]]}, "properties": {"FID": 482, "ACRES": 29.6838538583, "STANDID": "040607", "DF_SITE": 113, "SITE_CLASS": 3, "Age": 56, "Shape__Area": 237535.3203125, "Shape__Length": 4186.472474214679, "Age_Class": "51-60"}}, {"type": "Feature", "id": "483", "geometry": {"type": "Polygon", "coordinates": [[[-123.24392, 44.66847], [-123.2436, 44.6688], [-123.24258, 44.66888], [-123.24214, 44.66912], [-123.24186, 44.67031], [-123.24141, 44.66938], [-123.24024, 44.66844], [-123.24021, 44.66807], [-123.24095, 44.66781], [-123.24163, 44.66789], [-123.24201, 44.66816], [-123.24218, 44.66805], [-123.24221, 44.66764], [-123.24262, 44.66762], [-123.2436, 44.66811], [-123.24392, 44.66847]]]}, "properties": {"FID": 483, "ACRES": 9.28942155254, "STANDID": "040702", "DF_SITE": 105, "SITE_CLASS": 3, "Age": 46, "Shape__Area": 74342.765625, "Shape__Length": 1435.2994622583058, "Age_Class": "36-50"}}, {"type": "Feature", "id": "484", "geometry": {"type": "Polygon", "coordinates": [[[-123.24621, 44.66949], [-123.24439, 44.66938], [-123.24405, 44.66891], [-123.24403, 44.66841], [-123.24262, 44.66762], [-123.24221, 44.66764], [-123.24218, 44.66805], [-123.24201, 44.66816], [-123.24163, 44.66789], [-123.24061, 44.66777], [-123.24186, 44.6667], [-123.24182, 44.66632], [-123.24273, 44.66595], [-123.24303, 44.66547], [-123.24469, 44.66523], [-123.24552, 44.66554], [-123.24735, 44.66578], [-123.24799, 44.66568], [-123.24811, 44.6658], [-123.24844, 44.66574], [-123.24858, 44.66593], [-123.24965, 44.66589], [-123.25009, 44.66565], [-123.25045, 44.66516], [-123.25057, 44.66478], [-123.25042, 44.66436], [-123.25073, 44.66411], [-123.25168, 44.66406], [-123.25337, 44.66346], [-123.25428, 44.66339], [-123.25438, 44.66402], [-123.25417, 44.66538], [-123.25394, 44.66559], [-123.25287, 44.6659], [-123.25254, 44.66637], [-123.25144, 44.66678], [-123.25148, 44.66747], [-123.25097, 44.66822], [-123.2501, 44.66845], [-123.24922, 44.66834], [-123.24903, 44.66843], [-123.24903, 44.66864], [-123.2479, 44.6685], [-123.24765, 44.66875], [-123.24694, 44.66883], [-123.24651, 44.66938], [-123.24621, 44.66949]]]}, "properties": {"FID": 484, "ACRES": 80.7979258025, "STANDID": "040609", "DF_SITE": 102, "SITE_CLASS": 3, "Age": 14, "Shape__Area": 646578.7265625, "Shape__Length": 4730.0476396927115, "Age_Class": "9-20"}}, {"type": "Feature", "id": "485", "geometry": {"type": "Polygon", "coordinates": [[[-123.29304, 44.66826], [-123.29194, 44.66797], [-123.29004, 44.66713], [-123.29302, 44.66722], [-123.29317, 44.66737], [-123.29283, 44.66748], [-123.29288, 44.66783], [-123.29274, 44.668], [-123.29304, 44.66826]]]}, "properties": {"FID": 485, "ACRES": 3.64323191417, "STANDID": "030722", "DF_SITE": 116, "SITE_CLASS": 2, "Age": 13, "Shape__Area": 29155.6015625, "Shape__Length": 936.7465265980414, "Age_Class": "9-20"}}, {"type": "Feature", "id": "486", "geometry": {"type": "Polygon", "coordinates": [[[-123.2614, 44.66893], [-123.2607, 44.66885], [-123.26111, 44.66703], [-123.26036, 44.66616], [-123.26057, 44.66497], [-123.26043, 44.66451], [-123.26103, 44.66356], [-123.26125, 44.6636], [-123.2614, 44.66893]]]}, "properties": {"FID": 486, "ACRES": 7.03726811382, "STANDID": "040304", "DF_SITE": 98, "SITE_CLASS": 3, "Age": 71, "Shape__Area": 56314.1171875, "Shape__Length": 1826.5603569132304, "Age_Class": null}}, {"type": "Feature", "id": "487", "geometry": {"type": "Polygon", "coordinates": [[[-123.28512, 44.66714], [-123.28526, 44.66745], [-123.28509, 44.66755], [-123.28435, 44.66751], [-123.28393, 44.66782], [-123.28352, 44.66775], [-123.28292, 44.66829], [-123.28178, 44.66825], [-123.28162, 44.66783], [-123.28217, 44.66768], [-123.28178, 44.6676], [-123.28156, 44.66714], [-123.28512, 44.66714]]]}, "properties": {"FID": 487, "ACRES": 6.12497509533, "STANDID": "030833", "DF_SITE": 0, "SITE_CLASS": 4, "Age": 71, "Shape__Area": 49016.25, "Shape__Length": 1193.2995433367064, "Age_Class": null}}, {"type": "Feature", "id": "488", "geometry": {"type": "Polygon", "coordinates": [[[-123.28024, 44.66713], [-123.28076, 44.66729], [-123.28058, 44.66741], [-123.2808, 44.66773], [-123.28063, 44.66806], [-123.28029, 44.66814], [-123.27961, 44.66799], [-123.27953, 44.66782], [-123.27912, 44.66773], [-123.27912, 44.66745], [-123.27939, 44.66729], [-123.28001, 44.66749], [-123.28019, 44.66743], [-123.28024, 44.66713]]]}, "properties": {"FID": 488, "ACRES": 2.29347566328, "STANDID": "030832", "DF_SITE": 0, "SITE_CLASS": 4, "Age": 71, "Shape__Area": 18353.9609375, "Shape__Length": 667.4384242555496, "Age_Class": null}}, {"type": "Feature", "id": "489", "geometry": {"type": "Polygon", "coordinates": [[[-123.2275, 44.66895], [-123.22706, 44.6694], [-123.22674, 44.66875], [-123.22738, 44.66866], [-123.2275, 44.66895]]]}, "properties": {"FID": 489, "ACRES": 0.735779971174, "STANDID": "040999", "DF_SITE": 0, "SITE_CLASS": 4, "Age": 9, "Shape__Area": 5888.4765625, "Shape__Length": 319.1462954536457, "Age_Class": "9-20"}}, {"type": "Feature", "id": "490", "geometry": {"type": "Polygon", "coordinates": [[[-123.23769, 44.66727], [-123.23783, 44.66689], [-123.23723, 44.66588], [-123.23811, 44.66572], [-123.23852, 44.66642], [-123.2389, 44.66673], [-123.23852, 44.66731], [-123.23808, 44.66718], [-123.23769, 44.66727]]]}, "properties": {"FID": 490, "ACRES": 3.21839706821, "STANDID": "041105", "DF_SITE": 90, "SITE_CLASS": 4, "Age": 40, "Shape__Area": 25754.796875, "Shape__Length": 735.6259966827529, "Age_Class": "36-50"}}, {"type": "Feature", "id": "491", "geometry": {"type": "Polygon", "coordinates": [[[-123.23353, 44.66492], [-123.23105, 44.66435], [-123.22987, 44.66433], [-123.22987, 44.66104], [-123.2302, 44.66103], [-123.23, 44.65712], [-123.23421, 44.65715], [-123.23493, 44.65783], [-123.23492, 44.66507], [-123.23353, 44.66492]]]}, "properties": {"FID": 491, "ACRES": 81.007113863, "STANDID": "042001", "DF_SITE": 111, "SITE_CLASS": 3, "Age": 9, "Shape__Area": 648124.984375, "Shape__Length": 3491.8768710249606, "Age_Class": "9-20"}}, {"type": "Feature", "id": "492", "geometry": {"type": "Polygon", "coordinates": [[[-123.23953, 44.66429], [-123.23871, 44.66378], [-123.2392, 44.66273], [-123.23937, 44.66266], [-123.2396, 44.66272], [-123.23996, 44.66375], [-123.23953, 44.66429]]]}, "properties": {"FID": 492, "ACRES": 2.76582932507, "STANDID": "041007", "DF_SITE": 0, "SITE_CLASS": 4, "Age": 9, "Shape__Area": 22130.9453125, "Shape__Length": 628.1166916766275, "Age_Class": "9-20"}}, {"type": "Feature", "id": "493", "geometry": {"type": "Polygon", "coordinates": [[[-123.25221, 44.66121], [-123.25062, 44.66132], [-123.25049, 44.66094], [-123.2506, 44.66069], [-123.2497, 44.66055], [-123.24863, 44.66081], [-123.24824, 44.6612], [-123.24672, 44.66141], [-123.24633, 44.66053], [-123.24667, 44.65993], [-123.24721, 44.65959], [-123.24734, 44.65929], [-123.24793, 44.65879], [-123.24884, 44.65866], [-123.24942, 44.65881], [-123.2499, 44.65859], [-123.25014, 44.65993], [-123.25045, 44.66021], [-123.25103, 44.66018], [-123.2513, 44.65983], [-123.25119, 44.65963], [-123.25171, 44.65951], [-123.25225, 44.65954], [-123.25279, 44.65977], [-123.25316, 44.66061], [-123.25289, 44.66061], [-123.25221, 44.66121]]]}, "properties": {"FID": 493, "ACRES": 23.1784061755, "STANDID": "041708", "DF_SITE": 112, "SITE_CLASS": 3, "Age": 29, "Shape__Area": 185441.3671875, "Shape__Length": 2414.505608646304, "Age_Class": "21-35"}}, {"type": "Feature", "id": "494", "geometry": {"type": "Polygon", "coordinates": [[[-123.238, 44.66039], [-123.23764, 44.65999], [-123.23819, 44.65995], [-123.23853, 44.6602], [-123.23858, 44.66045], [-123.238, 44.66039]]]}, "properties": {"FID": 494, "ACRES": 0.703186205433, "STANDID": "041807", "DF_SITE": 99, "SITE_CLASS": 3, "Age": 9, "Shape__Area": 5625.953125, "Shape__Length": 309.9487574963934, "Age_Class": "9-20"}}, {"type": "Feature", "id": "495", "geometry": {"type": "Polygon", "coordinates": [[[-123.23498, 44.66021], [-123.23494, 44.65775], [-123.23666, 44.65781], [-123.23697, 44.65852], [-123.23681, 44.65867], [-123.23712, 44.65886], [-123.2364, 44.65883], [-123.23589, 44.65902], [-123.23579, 44.66016], [-123.23567, 44.66022], [-123.23517, 44.66035], [-123.23498, 44.66021]]]}, "properties": {"FID": 495, "ACRES": 7.0453858644, "STANDID": "041903", "DF_SITE": 0, "SITE_CLASS": 4, "Age": 9, "Shape__Area": 56364.8046875, "Shape__Length": 1223.3862970555917, "Age_Class": "9-20"}}, {"type": "Feature", "id": "496", "geometry": {"type": "Polygon", "coordinates": [[[-123.25755, 44.65735], [-123.25704, 44.65691], [-123.25661, 44.6568], [-123.25695, 44.65662], [-123.25712, 44.65627], [-123.25719, 44.65524], [-123.25706, 44.65457], [-123.25736, 44.65398], [-123.25789, 44.65402], [-123.25875, 44.65372], [-123.25893, 44.65317], [-123.2597, 44.65286], [-123.25986, 44.65249], [-123.26095, 44.65236], [-123.26129, 44.6521], [-123.26297, 44.65055], [-123.26306, 44.65028], [-123.26284, 44.64971], [-123.2632, 44.64937], [-123.26488, 44.64888], [-123.26513, 44.64863], [-123.26537, 44.64873], [-123.2655, 44.64843], [-123.26618, 44.64813], [-123.26665, 44.6481], [-123.26723, 44.64766], [-123.2672, 44.64754], [-123.26751, 44.64775], [-123.26747, 44.64841], [-123.26768, 44.64831], [-123.26849, 44.64876], [-123.2683, 44.64914], [-123.26694, 44.64986], [-123.26623, 44.65014], [-123.2654, 44.65017], [-123.26426, 44.65105], [-123.26317, 44.65132], [-123.26221, 44.65219], [-123.26177, 44.65233], [-123.26113, 44.65285], [-123.25943, 44.65379], [-123.25858, 44.65459], [-123.25859, 44.65511], [-123.2581, 44.6555], [-123.25806, 44.65621], [-123.25769, 44.6567], [-123.25755, 44.65735]]]}, "properties": {"FID": 496, "ACRES": 35.6570369327, "STANDID": "050608", "DF_SITE": 115, "SITE_CLASS": 2, "Age": 34, "Shape__Area": 285192.125, "Shape__Length": 4619.707133521163, "Age_Class": "21-35"}}, {"type": "Feature", "id": "497", "geometry": {"type": "Polygon", "coordinates": [[[-123.23666, 44.65781], [-123.23493, 44.65783], [-123.23421, 44.65715], [-123.23257, 44.65714], [-123.23075, 44.65598], [-123.23018, 44.65578], [-123.23009, 44.65542], [-123.22925, 44.65557], [-123.22897, 44.65546], [-123.23004, 44.65464], [-123.23399, 44.65464], [-123.23416, 44.65485], [-123.2346, 44.65472], [-123.23456, 44.65517], [-123.23487, 44.6556], [-123.23439, 44.65586], [-123.23457, 44.65634], [-123.23505, 44.65649], [-123.2349, 44.65669], [-123.2356, 44.65713], [-123.23721, 44.65754], [-123.23666, 44.65781]]]}, "properties": {"FID": 497, "ACRES": 25.2368880948, "STANDID": "042603", "DF_SITE": 0, "SITE_CLASS": 4, "Age": 9, "Shape__Area": 201881.375, "Shape__Length": 2572.1170826393745, "Age_Class": "9-20"}}, {"type": "Feature", "id": "498", "geometry": {"type": "Polygon", "coordinates": [[[-123.28058, 44.65417], [-123.2789, 44.65422], [-123.27852, 44.6538], [-123.27748, 44.65361], [-123.27705, 44.65322], [-123.27709, 44.65223], [-123.27754, 44.65187], [-123.27785, 44.6518], [-123.27821, 44.6521], [-123.27875, 44.65206], [-123.27885, 44.65176], [-123.27876, 44.65136], [-123.27817, 44.65018], [-123.27901, 44.64947], [-123.27909, 44.64845], [-123.27939, 44.64846], [-123.27984, 44.64888], [-123.28084, 44.64894], [-123.28163, 44.64939], [-123.28162, 44.65067], [-123.28053, 44.65067], [-123.28058, 44.65417]]]}, "properties": {"FID": 498, "ACRES": 31.8264373798, "STANDID": "050411", "DF_SITE": 110, "SITE_CLASS": 3, "Age": 124, "Shape__Area": 254555.3828125, "Shape__Length": 2742.739850012692, "Age_Class": null}}, {"type": "Feature", "id": "499", "geometry": {"type": "Polygon", "coordinates": [[[-123.2789, 44.65422], [-123.27542, 44.65414], [-123.27585, 44.65352], [-123.2757, 44.65276], [-123.27587, 44.65247], [-123.2758, 44.65212], [-123.27704, 44.65093], [-123.2772, 44.65214], [-123.27699, 44.65265], [-123.2771, 44.6533], [-123.27748, 44.65361], [-123.27852, 44.6538], [-123.2789, 44.65422]]]}, "properties": {"FID": 499, "ACRES": 9.6276960511, "STANDID": "050415", "DF_SITE": 129, "SITE_CLASS": 2, "Age": 12, "Shape__Area": 77008.5546875, "Shape__Length": 1637.7980676333268, "Age_Class": "9-20"}}, {"type": "Feature", "id": "500", "geometry": {"type": "Polygon", "coordinates": [[[-123.27142, 44.65322], [-123.27183, 44.65291], [-123.26858, 44.65058], [-123.2702, 44.65168], [-123.27142, 44.65083], [-123.26981, 44.64979], [-123.27066, 44.64945], [-123.27172, 44.64874], [-123.27263, 44.64951], [-123.27234, 44.64995], [-123.27252, 44.65074], [-123.27244, 44.65097], [-123.27185, 44.65154], [-123.27246, 44.65237], [-123.2728, 44.65255], [-123.27142, 44.65322]]]}, "properties": {"FID": 500, "ACRES": 13.8782130806, "STANDID": "050218", "DF_SITE": 122, "SITE_CLASS": 2, "Age": 79, "Shape__Area": 110998.3203125, "Shape__Length": 2438.9804233858367, "Age_Class": null}}, {"type": "Feature", "id": "501", "geometry": {"type": "Polygon", "coordinates": [[[-123.26, 44.65245], [-123.25915, 44.65224], [-123.25821, 44.65274], [-123.25526, 44.65102], [-123.25525, 44.65061], [-123.26132, 44.65064], [-123.26132, 44.64966], [-123.26284, 44.64971], [-123.26306, 44.65028], [-123.26279, 44.65073], [-123.26095, 44.65236], [-123.26, 44.65245]]]}, "properties": {"FID": 501, "ACRES": 25.2451361447, "STANDID": "042111", "DF_SITE": 100, "SITE_CLASS": 3, "Age": 29, "Shape__Area": 201917.171875, "Shape__Length": 2344.546288707399, "Age_Class": "21-35"}}, {"type": "Feature", "id": "502", "geometry": {"type": "Polygon", "coordinates": [[[-123.27775, 44.65179], [-123.2772, 44.65214], [-123.27704, 44.65093], [-123.27817, 44.65018], [-123.27885, 44.65176], [-123.27868, 44.65212], [-123.27809, 44.65207], [-123.27775, 44.65179]]]}, "properties": {"FID": 502, "ACRES": 5.11155114095, "STANDID": "050412", "DF_SITE": 122, "SITE_CLASS": 2, "Age": 29, "Shape__Area": 40882.9609375, "Shape__Length": 906.872964947865, "Age_Class": "21-35"}}, {"type": "Feature", "id": "503", "geometry": {"type": "Polygon", "coordinates": [[[-123.35094, 44.65007], [-123.35046, 44.64997], [-123.34943, 44.6493], [-123.35207, 44.64903], [-123.35207, 44.64964], [-123.35174, 44.65019], [-123.35134, 44.64991], [-123.35094, 44.65007]]]}, "properties": {"FID": 503, "ACRES": 4.24477313056, "STANDID": "080111", "DF_SITE": 124, "SITE_CLASS": 2, "Age": 17, "Shape__Area": 33948.3515625, "Shape__Length": 820.8919382429832, "Age_Class": "9-20"}}, {"type": "Feature", "id": "504", "geometry": {"type": "Polygon", "coordinates": [[[-123.34843, 44.64826], [-123.34805, 44.64744], [-123.34983, 44.64719], [-123.3503, 44.64697], [-123.35037, 44.64793], [-123.34843, 44.64826]]]}, "properties": {"FID": 504, "ACRES": 3.94945322266, "STANDID": "080112", "DF_SITE": 123, "SITE_CLASS": 2, "Age": 17, "Shape__Area": 31584.3515625, "Shape__Length": 772.4169730655955, "Age_Class": "9-20"}}, {"type": "Feature", "id": "505", "geometry": {"type": "Polygon", "coordinates": [[[-123.26293, 44.64969], [-123.26224, 44.64966], [-123.26224, 44.64698], [-123.2702, 44.64691], [-123.27011, 44.64713], [-123.2691, 44.64785], [-123.26887, 44.64839], [-123.26856, 44.64864], [-123.26768, 44.64831], [-123.26747, 44.64841], [-123.26751, 44.64775], [-123.2672, 44.64754], [-123.26723, 44.64766], [-123.26665, 44.6481], [-123.26618, 44.64813], [-123.2655, 44.64843], [-123.26537, 44.64873], [-123.26513, 44.64863], [-123.26488, 44.64888], [-123.2632, 44.64937], [-123.26293, 44.64969]]]}, "properties": {"FID": 505, "ACRES": 27.1917291299, "STANDID": "050611", "DF_SITE": 98, "SITE_CLASS": 3, "Age": 17, "Shape__Area": 217458.7578125, "Shape__Length": 2699.723596787891, "Age_Class": "9-20"}}, {"type": "Feature", "id": "506", "geometry": {"type": "Polygon", "coordinates": [[[-123.35187, 44.64719], [-123.35111, 44.64661], [-123.35338, 44.64572], [-123.35338, 44.64678], [-123.35187, 44.64719]]]}, "properties": {"FID": 506, "ACRES": 4.0221186077, "STANDID": "080113", "DF_SITE": 112, "SITE_CLASS": 3, "Age": 17, "Shape__Area": 32164.4296875, "Shape__Length": 763.1160255183974, "Age_Class": "9-20"}}, {"type": "Feature", "id": "507", "geometry": {"type": "Polygon", "coordinates": [[[-123.28164, 44.64674], [-123.28164, 44.64757], [-123.28083, 44.6471], [-123.28058, 44.64686], [-123.28042, 44.64632], [-123.27952, 44.64556], [-123.27879, 44.64522], [-123.2792, 44.64516], [-123.28017, 44.64536], [-123.28123, 44.64584], [-123.28177, 44.64641], [-123.28299, 44.6464], [-123.28332, 44.64673], [-123.28164, 44.64674]]]}, "properties": {"FID": 507, "ACRES": 6.24463715395, "STANDID": "050414", "DF_SITE": 101, "SITE_CLASS": 4, "Age": 15, "Shape__Area": 49936.9609375, "Shape__Length": 1454.5990993957037, "Age_Class": "9-20"}}, {"type": "Feature", "id": "508", "geometry": {"type": "Polygon", "coordinates": [[[-123.35104, 44.64544], [-123.35124, 44.64475], [-123.35167, 44.64419], [-123.35338, 44.64495], [-123.35338, 44.64541], [-123.35104, 44.64544]]]}, "properties": {"FID": 508, "ACRES": 4.06637305705, "STANDID": "080114", "DF_SITE": 112, "SITE_CLASS": 3, "Age": 17, "Shape__Area": 32516.265625, "Shape__Length": 777.331849257074, "Age_Class": "9-20"}}, {"type": "Feature", "id": "509", "geometry": {"type": "Polygon", "coordinates": [[[-123.34868, 44.64457], [-123.34854, 44.64389], [-123.34984, 44.64328], [-123.35038, 44.64332], [-123.35026, 44.64462], [-123.34868, 44.64457]]]}, "properties": {"FID": 509, "ACRES": 4.04173937666, "STANDID": "080115", "DF_SITE": 123, "SITE_CLASS": 2, "Age": 17, "Shape__Area": 32318.3984375, "Shape__Length": 724.3579599027292, "Age_Class": "9-20"}}, {"type": "Feature", "id": "510", "geometry": {"type": "Polygon", "coordinates": [[[-123.27983, 44.64479], [-123.27809, 44.64486], [-123.27713, 44.64471], [-123.27726, 44.64452], [-123.27677, 44.64391], [-123.27684, 44.64313], [-123.27666, 44.64225], [-123.27778, 44.6421], [-123.27862, 44.64141], [-123.27964, 44.64195], [-123.27998, 44.64275], [-123.27977, 44.64323], [-123.27983, 44.64479]]]}, "properties": {"FID": 510, "ACRES": 19.0569434396, "STANDID": "050703", "DF_SITE": 118, "SITE_CLASS": 2, "Age": 86, "Shape__Area": 152378.3515625, "Shape__Length": 1594.5140174244657, "Age_Class": null}}, {"type": "Feature", "id": "511", "geometry": {"type": "Polygon", "coordinates": [[[-123.3425, 44.64247], [-123.34272, 44.64212], [-123.34282, 44.64229], [-123.34325, 44.64242], [-123.34296, 44.64297], [-123.3425, 44.64247]]]}, "properties": {"FID": 511, "ACRES": 0.710355803612, "STANDID": "080414", "DF_SITE": 134, "SITE_CLASS": 4, "Age": 27, "Shape__Area": 5679.8125, "Shape__Length": 338.8108455975409, "Age_Class": "21-35"}}, {"type": "Feature", "id": "512", "geometry": {"type": "Polygon", "coordinates": [[[-123.35017, 44.64249], [-123.35057, 44.64192], [-123.35224, 44.64106], [-123.35246, 44.64188], [-123.35207, 44.64242], [-123.35017, 44.64249]]]}, "properties": {"FID": 512, "ACRES": 3.82453628277, "STANDID": "080116", "DF_SITE": 123, "SITE_CLASS": 2, "Age": 17, "Shape__Area": 30579.3671875, "Shape__Length": 794.614410801644, "Age_Class": "9-20"}}, {"type": "Feature", "id": "513", "geometry": {"type": "Polygon", "coordinates": [[[-123.31274, 44.64311], [-123.31292, 44.64283], [-123.31328, 44.64269], [-123.31319, 44.64243], [-123.31365, 44.64232], [-123.31395, 44.64288], [-123.31472, 44.64312], [-123.31274, 44.64311]]]}, "properties": {"FID": 513, "ACRES": 1.48947457906, "STANDID": "080601", "DF_SITE": 0, "SITE_CLASS": 4, "Age": 9, "Shape__Area": 11909.4921875, "Shape__Length": 609.5540941354869, "Age_Class": "9-20"}}, {"type": "Feature", "id": "514", "geometry": {"type": "Polygon", "coordinates": [[[-123.29564, 44.64313], [-123.29556, 44.64295], [-123.29466, 44.64296], [-123.29461, 44.64229], [-123.29422, 44.64192], [-123.29343, 44.64194], [-123.29325, 44.64178], [-123.29177, 44.64188], [-123.29117, 44.64113], [-123.29128, 44.64027], [-123.29145, 44.64011], [-123.29183, 44.64021], [-123.29179, 44.63958], [-123.29236, 44.63949], [-123.29312, 44.63967], [-123.29368, 44.63963], [-123.2943, 44.63905], [-123.29502, 44.63864], [-123.29547, 44.6381], [-123.29652, 44.6375], [-123.2968, 44.63891], [-123.29746, 44.64067], [-123.29879, 44.64198], [-123.30142, 44.64312], [-123.29564, 44.64313]]]}, "properties": {"FID": 514, "ACRES": 53.3956354981, "STANDID": "050907", "DF_SITE": 123, "SITE_CLASS": 2, "Age": 33, "Shape__Area": 426912.3984375, "Shape__Length": 3507.2950873007044, "Age_Class": "21-35"}}, {"type": "Feature", "id": "515", "geometry": {"type": "Polygon", "coordinates": [[[-123.33171, 44.64111], [-123.3337, 44.63986], [-123.33511, 44.63861], [-123.33537, 44.63818], [-123.336, 44.63797], [-123.33648, 44.63819], [-123.33794, 44.63836], [-123.33775, 44.63852], [-123.33668, 44.63859], [-123.33638, 44.63935], [-123.33603, 44.63965], [-123.33467, 44.6394], [-123.33461, 44.63984], [-123.3343, 44.64016], [-123.33321, 44.64041], [-123.33192, 44.64128], [-123.33171, 44.64111]]]}, "properties": {"FID": 515, "ACRES": 8.12043391497, "STANDID": "080407", "DF_SITE": 130, "SITE_CLASS": 2, "Age": 70, "Shape__Area": 64921.484375, "Shape__Length": 1953.7201543875344, "Age_Class": null}}, {"type": "Feature", "id": "516", "geometry": {"type": "Polygon", "coordinates": [[[-123.31161, 44.64085], [-123.30907, 44.64074], [-123.30866, 44.64089], [-123.30868, 44.64134], [-123.30756, 44.64066], [-123.30661, 44.64044], [-123.30745, 44.64034], [-123.30962, 44.64068], [-123.31129, 44.64006], [-123.31129, 44.64041], [-123.31161, 44.64085]]]}, "properties": {"FID": 516, "ACRES": 4.16386005882, "STANDID": "060105", "DF_SITE": 94, "SITE_CLASS": 4, "Age": 44, "Shape__Area": 33290.96875, "Shape__Length": 1387.149053661106, "Age_Class": "36-50"}}, {"type": "Feature", "id": "517", "geometry": {"type": "Polygon", "coordinates": [[[-123.34918, 44.63925], [-123.34854, 44.63938], [-123.34833, 44.63896], [-123.34791, 44.6388], [-123.34804, 44.63851], [-123.34849, 44.6384], [-123.34914, 44.63892], [-123.34918, 44.63925]]]}, "properties": {"FID": 517, "ACRES": 1.55210264704, "STANDID": "080109", "DF_SITE": 0, "SITE_CLASS": 4, "Age": 9, "Shape__Area": 12408.671875, "Shape__Length": 485.9321975860915, "Age_Class": "9-20"}}, {"type": "Feature", "id": "518", "geometry": {"type": "Polygon", "coordinates": [[[-123.28872, 44.64032], [-123.28733, 44.64037], [-123.28757, 44.64009], [-123.28752, 44.63971], [-123.28765, 44.6396], [-123.28862, 44.63974], [-123.28832, 44.64006], [-123.28838, 44.64016], [-123.28908, 44.63988], [-123.28872, 44.64032]]]}, "properties": {"FID": 518, "ACRES": 1.8665572854, "STANDID": "051002", "DF_SITE": 0, "SITE_CLASS": 4, "Age": 9, "Shape__Area": 14923.25, "Shape__Length": 653.1671164994431, "Age_Class": "9-20"}}, {"type": "Feature", "id": "519", "geometry": {"type": "Polygon", "coordinates": [[[-123.31177, 44.63869], [-123.31107, 44.63825], [-123.31054, 44.63766], [-123.30902, 44.63704], [-123.30918, 44.63689], [-123.30915, 44.63649], [-123.3075, 44.63645], [-123.30677, 44.63595], [-123.30708, 44.6358], [-123.31264, 44.63582], [-123.31252, 44.63665], [-123.31177, 44.63869]]]}, "properties": {"FID": 519, "ACRES": 17.2006354292, "STANDID": "060110", "DF_SITE": 94, "SITE_CLASS": 4, "Age": 38, "Shape__Area": 137506.421875, "Shape__Length": 1929.7034571339166, "Age_Class": "36-50"}}, {"type": "Feature", "id": "520", "geometry": {"type": "Polygon", "coordinates": [[[-123.32742, 44.63588], [-123.32744, 44.63466], [-123.32864, 44.63474], [-123.3292, 44.6351], [-123.32864, 44.63518], [-123.32847, 44.63569], [-123.32825, 44.63559], [-123.32779, 44.63607], [-123.32786, 44.63682], [-123.32718, 44.63702], [-123.32728, 44.6365], [-123.32662, 44.63614], [-123.32656, 44.63589], [-123.32742, 44.63588]]]}, "properties": {"FID": 520, "ACRES": 4.98380316775, "STANDID": "070320", "DF_SITE": 119, "SITE_CLASS": 0, "Age": 71, "Shape__Area": 39839.734375, "Shape__Length": 1224.8289017689237, "Age_Class": null}}, {"type": "Feature", "id": "521", "geometry": {"type": "Polygon", "coordinates": [[[-123.3306, 44.63559], [-123.33015, 44.63581], [-123.3292, 44.6351], [-123.32982, 44.63376], [-123.33022, 44.63356], [-123.33056, 44.63426], [-123.33057, 44.63494], [-123.33077, 44.63506], [-123.3306, 44.63559]]]}, "properties": {"FID": 521, "ACRES": 4.34103120448, "STANDID": "070321", "DF_SITE": 119, "SITE_CLASS": 0, "Age": 71, "Shape__Area": 34700.46875, "Shape__Length": 852.1697370925941, "Age_Class": null}}, {"type": "Feature", "id": "522", "geometry": {"type": "Polygon", "coordinates": [[[-123.34587, 44.63509], [-123.34504, 44.63447], [-123.34503, 44.63431], [-123.34636, 44.63411], [-123.34678, 44.63427], [-123.34667, 44.63477], [-123.34587, 44.63509]]]}, "properties": {"FID": 522, "ACRES": 2.23673070282, "STANDID": "070205", "DF_SITE": 0, "SITE_CLASS": 4, "Age": 9, "Shape__Area": 17879.375, "Shape__Length": 589.8343015242045, "Age_Class": "9-20"}}, {"type": "Feature", "id": "523", "geometry": {"type": "Polygon", "coordinates": [[[-123.32918, 44.63509], [-123.32864, 44.63474], [-123.32744, 44.63466], [-123.32746, 44.63315], [-123.32927, 44.63326], [-123.32988, 44.63366], [-123.32918, 44.63509]]]}, "properties": {"FID": 523, "ACRES": 7.18233988539, "STANDID": "070323", "DF_SITE": 119, "SITE_CLASS": 0, "Age": 13, "Shape__Area": 57411.234375, "Shape__Length": 999.7873085433852, "Age_Class": "9-20"}}, {"type": "Feature", "id": "524", "geometry": {"type": "Polygon", "coordinates": [[[-123.33054, 44.63325], [-123.32988, 44.63366], [-123.32937, 44.63329], [-123.32893, 44.63323], [-123.32932, 44.63286], [-123.32924, 44.63235], [-123.3317, 44.63224], [-123.33171, 44.63248], [-123.33148, 44.63276], [-123.33172, 44.63309], [-123.33153, 44.63339], [-123.33125, 44.63357], [-123.33054, 44.63325]]]}, "properties": {"FID": 524, "ACRES": 6.3699306847, "STANDID": "080509", "DF_SITE": 119, "SITE_CLASS": 2, "Age": 15, "Shape__Area": 50915.4375, "Shape__Length": 1052.2090293068156, "Age_Class": "9-20"}}, {"type": "Feature", "id": "525", "geometry": {"type": "Polygon", "coordinates": [[[-123.34563, 44.63294], [-123.34488, 44.63315], [-123.3448, 44.63287], [-123.34384, 44.63266], [-123.34346, 44.63233], [-123.34238, 44.63242], [-123.34188, 44.63205], [-123.34161, 44.63222], [-123.34153, 44.63189], [-123.34133, 44.63185], [-123.34123, 44.63162], [-123.34088, 44.63182], [-123.34029, 44.63151], [-123.34033, 44.63122], [-123.34088, 44.63103], [-123.34201, 44.63097], [-123.34281, 44.63132], [-123.34345, 44.63128], [-123.34371, 44.63176], [-123.34424, 44.63211], [-123.34421, 44.63247], [-123.34454, 44.63252], [-123.34463, 44.63268], [-123.34498, 44.63233], [-123.34556, 44.63268], [-123.34563, 44.63294]]]}, "properties": {"FID": 525, "ACRES": 9.05255858541, "STANDID": "070206", "DF_SITE": 106, "SITE_CLASS": 0, "Age": 14, "Shape__Area": 72355.21875, "Shape__Length": 1752.417019066233, "Age_Class": "9-20"}}, {"type": "Feature", "id": "526", "geometry": {"type": "Polygon", "coordinates": [[[-123.33294, 44.63329], [-123.33181, 44.63322], [-123.33158, 44.63333], [-123.33172, 44.63309], [-123.33148, 44.63276], [-123.33171, 44.63248], [-123.3317, 44.63224], [-123.33255, 44.63224], [-123.33264, 44.63198], [-123.33369, 44.63238], [-123.33332, 44.63262], [-123.33294, 44.63329]]]}, "properties": {"FID": 526, "ACRES": 3.88149473598, "STANDID": "070325", "DF_SITE": 119, "SITE_CLASS": 0, "Age": 71, "Shape__Area": 31024.8671875, "Shape__Length": 809.0569192301467, "Age_Class": null}}, {"type": "Feature", "id": "527", "geometry": {"type": "Polygon", "coordinates": [[[-123.33775, 44.63309], [-123.33699, 44.63262], [-123.33714, 44.63224], [-123.33847, 44.63251], [-123.33879, 44.63311], [-123.33775, 44.63309]]]}, "properties": {"FID": 527, "ACRES": 2.24240916013, "STANDID": "070338", "DF_SITE": 119, "SITE_CLASS": 0, "Age": 13, "Shape__Area": 17923.640625, "Shape__Length": 562.2419598310928, "Age_Class": "9-20"}}, {"type": "Feature", "id": "528", "geometry": {"type": "Polygon", "coordinates": [[[-123.33879, 44.63311], [-123.33847, 44.63251], [-123.33692, 44.6322], [-123.33687, 44.63153], [-123.33723, 44.6314], [-123.3368, 44.63043], [-123.33727, 44.6307], [-123.3382, 44.63068], [-123.33834, 44.63082], [-123.33834, 44.63124], [-123.33922, 44.63144], [-123.33927, 44.63157], [-123.33898, 44.63176], [-123.33905, 44.63222], [-123.33983, 44.63247], [-123.33944, 44.63293], [-123.33879, 44.63311]]]}, "properties": {"FID": 528, "ACRES": 8.08877156718, "STANDID": "070318", "DF_SITE": 119, "SITE_CLASS": 0, "Age": 14, "Shape__Area": 64651.71875, "Shape__Length": 1431.89250538075, "Age_Class": "9-20"}}, {"type": "Feature", "id": "529", "geometry": {"type": "Polygon", "coordinates": [[[-123.32904, 44.63327], [-123.32746, 44.63315], [-123.32748, 44.63224], [-123.32956, 44.63224], [-123.32923, 44.63237], [-123.32932, 44.63286], [-123.32893, 44.63319], [-123.32904, 44.63327]]]}, "properties": {"FID": 529, "ACRES": 3.88629602577, "STANDID": "070326", "DF_SITE": 119, "SITE_CLASS": 0, "Age": 71, "Shape__Area": 31063.3828125, "Shape__Length": 787.2137744268457, "Age_Class": null}}, {"type": "Feature", "id": "530", "geometry": {"type": "Polygon", "coordinates": [[[-123.33983, 44.63246], [-123.33925, 44.63238], [-123.33905, 44.63222], [-123.33902, 44.63165], [-123.34033, 44.63169], [-123.33983, 44.63246]]]}, "properties": {"FID": 530, "ACRES": 1.82283446423, "STANDID": "070337", "DF_SITE": 106, "SITE_CLASS": 0, "Age": 13, "Shape__Area": 14569.609375, "Shape__Length": 487.482233602987, "Age_Class": "9-20"}}, {"type": "Feature", "id": "531", "geometry": {"type": "Polygon", "coordinates": [[[-123.29199, 44.6337], [-123.28907, 44.6331], [-123.28699, 44.63243], [-123.28772, 44.6321], [-123.29188, 44.63209], [-123.29185, 44.62843], [-123.29635, 44.62847], [-123.29644, 44.63007], [-123.29631, 44.63054], [-123.29724, 44.63106], [-123.29655, 44.63106], [-123.29525, 44.63151], [-123.29445, 44.63205], [-123.29268, 44.63371], [-123.29199, 44.6337]]]}, "properties": {"FID": 531, "ACRES": 50.4475537325, "STANDID": "060315", "DF_SITE": 110, "SITE_CLASS": 3, "Age": 28, "Shape__Area": 403206.1875, "Shape__Length": 3476.5971718136584, "Age_Class": "21-35"}}, {"type": "Feature", "id": "532", "geometry": {"type": "Polygon", "coordinates": [[[-123.35335, 44.63009], [-123.35288, 44.63003], [-123.35229, 44.63025], [-123.35175, 44.62983], [-123.35137, 44.63014], [-123.35091, 44.62998], [-123.35215, 44.62945], [-123.35342, 44.62946], [-123.35335, 44.63009]]]}, "properties": {"FID": 532, "ACRES": 2.67057915718, "STANDID": "080706", "DF_SITE": 0, "SITE_CLASS": 4, "Age": 42, "Shape__Area": 21343.9140625, "Shape__Length": 776.4334531757454, "Age_Class": "36-50"}}, {"type": "Feature", "id": "533", "geometry": {"type": "Polygon", "coordinates": [[[-123.33256, 44.63068], [-123.33258, 44.62858], [-123.33077, 44.62859], [-123.33066, 44.62787], [-123.33084, 44.62739], [-123.33058, 44.62725], [-123.33121, 44.62672], [-123.3329, 44.62618], [-123.33307, 44.62681], [-123.3334, 44.62708], [-123.33347, 44.62737], [-123.33327, 44.62842], [-123.33342, 44.62903], [-123.33322, 44.62983], [-123.33333, 44.63019], [-123.33325, 44.63034], [-123.33291, 44.63029], [-123.33295, 44.63044], [-123.33256, 44.63068]]]}, "properties": {"FID": 533, "ACRES": 14.2449913655, "STANDID": "070409", "DF_SITE": 103, "SITE_CLASS": 3, "Age": 33, "Shape__Area": 113841.9375, "Shape__Length": 1886.2586603272496, "Age_Class": "21-35"}}, {"type": "Feature", "id": "534", "geometry": {"type": "Polygon", "coordinates": [[[-123.33325, 44.62963], [-123.33342, 44.62903], [-123.33327, 44.62842], [-123.33343, 44.62759], [-123.33395, 44.62809], [-123.33421, 44.62812], [-123.33427, 44.628], [-123.33473, 44.62823], [-123.33522, 44.62898], [-123.33522, 44.62931], [-123.33665, 44.63038], [-123.33657, 44.63055], [-123.33635, 44.63051], [-123.33595, 44.63007], [-123.33573, 44.63004], [-123.33535, 44.63031], [-123.33501, 44.62964], [-123.33432, 44.62885], [-123.33383, 44.62887], [-123.33365, 44.62978], [-123.33333, 44.63019], [-123.33325, 44.62963]]]}, "properties": {"FID": 534, "ACRES": 6.36696747382, "STANDID": "070328", "DF_SITE": 119, "SITE_CLASS": 0, "Age": 71, "Shape__Area": 50884.8671875, "Shape__Length": 1829.0467283693156, "Age_Class": null}}, {"type": "Feature", "id": "535", "geometry": {"type": "Polygon", "coordinates": [[[-123.33989, 44.63023], [-123.33995, 44.62961], [-123.33971, 44.62894], [-123.33869, 44.62914], [-123.33787, 44.62899], [-123.33704, 44.62913], [-123.33681, 44.62901], [-123.33686, 44.6287], [-123.33803, 44.62861], [-123.33832, 44.62827], [-123.33818, 44.62755], [-123.33784, 44.62734], [-123.33783, 44.62712], [-123.33836, 44.6266], [-123.33876, 44.62691], [-123.33916, 44.62685], [-123.33959, 44.62706], [-123.33989, 44.62748], [-123.33989, 44.62803], [-123.34059, 44.62824], [-123.34045, 44.62866], [-123.34081, 44.62895], [-123.34089, 44.62927], [-123.34162, 44.62932], [-123.34113, 44.6296], [-123.34054, 44.63023], [-123.33989, 44.63023]]]}, "properties": {"FID": 535, "ACRES": 13.6915215427, "STANDID": "070330", "DF_SITE": 119, "SITE_CLASS": 0, "Age": 60, "Shape__Area": 109420.6484375, "Shape__Length": 2080.324363327162, "Age_Class": "51-60"}}, {"type": "Feature", "id": "536", "geometry": {"type": "Polygon", "coordinates": [[[-123.29804, 44.63039], [-123.29766, 44.63088], [-123.29722, 44.631], [-123.29635, 44.63059], [-123.29635, 44.62847], [-123.29698, 44.62847], [-123.29698, 44.62809], [-123.29735, 44.62845], [-123.29908, 44.62876], [-123.29899, 44.62913], [-123.29825, 44.62977], [-123.29804, 44.63039]]]}, "properties": {"FID": 536, "ACRES": 10.5172775114, "STANDID": "060311", "DF_SITE": 96, "SITE_CLASS": 3, "Age": 45, "Shape__Area": 84055.6953125, "Shape__Length": 1293.7680897823136, "Age_Class": "36-50"}}, {"type": "Feature", "id": "537", "geometry": {"type": "Polygon", "coordinates": [[[-123.34555, 44.62888], [-123.34525, 44.6287], [-123.34464, 44.62866], [-123.34482, 44.62825], [-123.34551, 44.62833], [-123.34559, 44.62767], [-123.34524, 44.62702], [-123.34569, 44.62669], [-123.34601, 44.62706], [-123.34617, 44.62761], [-123.34673, 44.62781], [-123.34683, 44.62826], [-123.34669, 44.62869], [-123.34599, 44.62866], [-123.34555, 44.62888]]]}, "properties": {"FID": 537, "ACRES": 4.70445722175, "STANDID": "070332", "DF_SITE": 119, "SITE_CLASS": 0, "Age": 56, "Shape__Area": 37596.734375, "Shape__Length": 1091.557185788452, "Age_Class": "51-60"}}, {"type": "Feature", "id": "538", "geometry": {"type": "Polygon", "coordinates": [[[-123.3123, 44.62859], [-123.31229, 44.62908], [-123.31191, 44.62886], [-123.3092, 44.62674], [-123.3085, 44.62635], [-123.30802, 44.62567], [-123.30894, 44.62557], [-123.31023, 44.62354], [-123.31162, 44.62266], [-123.31181, 44.62294], [-123.3118, 44.62384], [-123.31252, 44.62461], [-123.3131, 44.62628], [-123.3145, 44.6286], [-123.3123, 44.62859]]]}, "properties": {"FID": 538, "ACRES": 40.4431980249, "STANDID": "060512", "DF_SITE": 92, "SITE_CLASS": 4, "Age": 31, "Shape__Area": 323190.34375, "Shape__Length": 2724.23613818554, "Age_Class": "21-35"}}, {"type": "Feature", "id": "539", "geometry": {"type": "Polygon", "coordinates": [[[-123.29988, 44.62909], [-123.29969, 44.62909], [-123.29949, 44.62875], [-123.29767, 44.62852], [-123.29705, 44.62827], [-123.297, 44.62559], [-123.29857, 44.62534], [-123.29895, 44.62541], [-123.29869, 44.6261], [-123.2999, 44.62729], [-123.29988, 44.62909]]]}, "properties": {"FID": 539, "ACRES": 17.1863748538, "STANDID": "060710", "DF_SITE": 99, "SITE_CLASS": 3, "Age": 28, "Shape__Area": 137345.171875, "Shape__Length": 1667.7713215119634, "Age_Class": "21-35"}}, {"type": "Feature", "id": "540", "geometry": {"type": "Polygon", "coordinates": [[[-123.34936, 44.62614], [-123.34915, 44.62599], [-123.34884, 44.62605], [-123.34894, 44.62656], [-123.34868, 44.62688], [-123.34861, 44.62672], [-123.34822, 44.62661], [-123.34797, 44.62675], [-123.34775, 44.6265], [-123.34786, 44.62617], [-123.3477, 44.626], [-123.34754, 44.626], [-123.34752, 44.62615], [-123.34713, 44.62585], [-123.34719, 44.6257], [-123.34742, 44.62572], [-123.34733, 44.62558], [-123.34841, 44.62586], [-123.34936, 44.62569], [-123.34963, 44.626], [-123.34936, 44.62614]]]}, "properties": {"FID": 540, "ACRES": 3.16836202939, "STANDID": "070333", "DF_SITE": 119, "SITE_CLASS": 0, "Age": 57, "Shape__Area": 25319, "Shape__Length": 1049.4754458627071, "Age_Class": "51-60"}}, {"type": "Feature", "id": "541", "geometry": {"type": "Polygon", "coordinates": [[[-123.35349, 44.62349], [-123.35349, 44.62404], [-123.35264, 44.62425], [-123.35186, 44.62425], [-123.35258, 44.62415], [-123.35277, 44.62391], [-123.35303, 44.62387], [-123.35295, 44.6238], [-123.35325, 44.62389], [-123.35306, 44.62341], [-123.35349, 44.62349]]]}, "properties": {"FID": 541, "ACRES": 0.937204588399, "STANDID": "070336", "DF_SITE": 119, "SITE_CLASS": 0, "Age": 60, "Shape__Area": 7488.84375, "Shape__Length": 653.1701572859041, "Age_Class": "51-60"}}, {"type": "Feature", "id": "542", "geometry": {"type": "Polygon", "coordinates": [[[-123.31512, 44.62287], [-123.31435, 44.62278], [-123.31437, 44.62201], [-123.3141, 44.62181], [-123.31475, 44.62166], [-123.31477, 44.62123], [-123.31531, 44.62141], [-123.31626, 44.62137], [-123.31635, 44.62046], [-123.31722, 44.62131], [-123.31647, 44.62147], [-123.31612, 44.62173], [-123.31524, 44.62179], [-123.31473, 44.62228], [-123.31479, 44.62252], [-123.31517, 44.62267], [-123.31512, 44.62287]]]}, "properties": {"FID": 542, "ACRES": 4.0083106472, "STANDID": "060507", "DF_SITE": 110, "SITE_CLASS": 3, "Age": 9, "Shape__Area": 32026.3359375, "Shape__Length": 1380.649035361766, "Age_Class": "9-20"}}, {"type": "Feature", "id": "543", "geometry": {"type": "Polygon", "coordinates": [[[-123.34247, 44.61986], [-123.34191, 44.62025], [-123.34148, 44.62003], [-123.34151, 44.61946], [-123.34124, 44.61919], [-123.34228, 44.61912], [-123.34247, 44.61986]]]}, "properties": {"FID": 543, "ACRES": 2.0033295433, "STANDID": "070608", "DF_SITE": 0, "SITE_CLASS": 4, "Age": 9, "Shape__Area": 16005.4296875, "Shape__Length": 539.0650040479758, "Age_Class": "9-20"}}, {"type": "Feature", "id": "544", "geometry": {"type": "Polygon", "coordinates": [[[-123.29772, 44.62083], [-123.29703, 44.62125], [-123.29181, 44.62116], [-123.2918, 44.62012], [-123.29286, 44.62011], [-123.29397, 44.61979], [-123.29418, 44.61877], [-123.29588, 44.61882], [-123.29643, 44.61912], [-123.29708, 44.62044], [-123.29772, 44.62083]]]}, "properties": {"FID": 544, "ACRES": 20.7593040602, "STANDID": "060908", "DF_SITE": 99, "SITE_CLASS": 3, "Age": 31, "Shape__Area": 165857.765625, "Shape__Length": 1850.8851683716423, "Age_Class": "21-35"}}, {"type": "Feature", "id": "545", "geometry": {"type": "Polygon", "coordinates": [[[-123.2995, 44.6206], [-123.29841, 44.62075], [-123.298, 44.62057], [-123.29831, 44.61995], [-123.29815, 44.61936], [-123.2983, 44.61894], [-123.29814, 44.6185], [-123.29822, 44.61831], [-123.2978, 44.61796], [-123.29803, 44.61764], [-123.29877, 44.61767], [-123.29882, 44.61815], [-123.2986, 44.61841], [-123.2991, 44.61885], [-123.29963, 44.61993], [-123.29937, 44.62052], [-123.2995, 44.6206]]]}, "properties": {"FID": 545, "ACRES": 6.74864737789, "STANDID": "060904", "DF_SITE": 150, "SITE_CLASS": 1, "Age": 9, "Shape__Area": 53917.2890625, "Shape__Length": 1287.9394382538053, "Age_Class": "9-20"}}, {"type": "Feature", "id": "546", "geometry": {"type": "Polygon", "coordinates": [[[-123.35229, 44.6191], [-123.35123, 44.6191], [-123.35064, 44.6187], [-123.34961, 44.61838], [-123.34936, 44.618], [-123.35168, 44.61805], [-123.35143, 44.61859], [-123.3521, 44.61881], [-123.35236, 44.61874], [-123.35252, 44.61836], [-123.35215, 44.61806], [-123.35249, 44.61806], [-123.35281, 44.61838], [-123.3529, 44.61878], [-123.35229, 44.6191]]]}, "properties": {"FID": 546, "ACRES": 4.43803755789, "STANDID": "070609", "DF_SITE": 101, "SITE_CLASS": 3, "Age": 67, "Shape__Area": 35455.9140625, "Shape__Length": 1271.355056995169, "Age_Class": null}}, {"type": "Feature", "id": "547", "geometry": {"type": "Polygon", "coordinates": [[[-123.35229, 44.61879], [-123.35143, 44.61859], [-123.35168, 44.61805], [-123.35215, 44.61806], [-123.35252, 44.61836], [-123.35229, 44.61879]]]}, "properties": {"FID": 547, "ACRES": 1.26955859633, "STANDID": "070610", "DF_SITE": 0, "SITE_CLASS": 4, "Age": 9, "Shape__Area": 10142.6328125, "Shape__Length": 403.01940074368764, "Age_Class": "9-20"}}, {"type": "Feature", "id": "548", "geometry": {"type": "Polygon", "coordinates": [[[-123.34136, 44.61852], [-123.34065, 44.61857], [-123.34013, 44.61883], [-123.33952, 44.61856], [-123.33938, 44.61833], [-123.3396, 44.61813], [-123.34046, 44.61817], [-123.34046, 44.61779], [-123.34075, 44.61777], [-123.34108, 44.61795], [-123.34106, 44.61814], [-123.34136, 44.61822], [-123.34136, 44.61852]]]}, "properties": {"FID": 548, "ACRES": 2.46122768073, "STANDID": "070614", "DF_SITE": 0, "SITE_CLASS": 4, "Age": 9, "Shape__Area": 19662.8984375, "Shape__Length": 679.6772500647498, "Age_Class": "9-20"}}, {"type": "Feature", "id": "549", "geometry": {"type": "Polygon", "coordinates": [[[-123.32961, 44.61634], [-123.32944, 44.61705], [-123.32897, 44.61704], [-123.32884, 44.61637], [-123.3301, 44.61549], [-123.33011, 44.61513], [-123.33069, 44.6145], [-123.33082, 44.61487], [-123.33053, 44.61559], [-123.33009, 44.61553], [-123.32997, 44.61618], [-123.32961, 44.61634]]]}, "properties": {"FID": 549, "ACRES": 2.88747513327, "STANDID": "070705", "DF_SITE": 0, "SITE_CLASS": 4, "Age": 9, "Shape__Area": 23066.3828125, "Shape__Length": 1063.2319414538113, "Age_Class": "9-20"}}, {"type": "Feature", "id": "550", "geometry": {"type": "Polygon", "coordinates": [[[-123.29608, 44.6171], [-123.29613, 44.61688], [-123.2958, 44.61674], [-123.2961, 44.61653], [-123.296, 44.61641], [-123.29783, 44.61617], [-123.29781, 44.61578], [-123.29749, 44.61597], [-123.29717, 44.61582], [-123.29724, 44.61547], [-123.29698, 44.61542], [-123.29682, 44.616], [-123.29635, 44.61537], [-123.296, 44.61531], [-123.29558, 44.61574], [-123.29451, 44.61589], [-123.29431, 44.61613], [-123.29406, 44.6157], [-123.29349, 44.61546], [-123.29333, 44.61556], [-123.29386, 44.61602], [-123.29321, 44.61591], [-123.29268, 44.61605], [-123.29187, 44.61491], [-123.29145, 44.61485], [-123.29104, 44.61531], [-123.29, 44.61532], [-123.29015, 44.61569], [-123.29092, 44.61581], [-123.29123, 44.61649], [-123.29154, 44.61653], [-123.29126, 44.61667], [-123.29078, 44.61667], [-123.28979, 44.61583], [-123.28961, 44.61552], [-123.28969, 44.61526], [-123.28954, 44.61514], [-123.28823, 44.6158], [-123.28736, 44.61527], [-123.28763, 44.61644], [-123.28722, 44.61601], [-123.28731, 44.61316], [-123.28902, 44.61378], [-123.2888, 44.61469], [-123.28905, 44.61485], [-123.28936, 44.61435], [-123.28963, 44.61493], [-123.28992, 44.61513], [-123.2901, 44.61498], [-123.28973, 44.61447], [-123.28975, 44.61409], [-123.28941, 44.61388], [-123.28963, 44.61372], [-123.29131, 44.61383], [-123.29199, 44.61378], [-123.29254, 44.61353], [-123.29385, 44.61371], [-123.29596, 44.61342], [-123.29737, 44.61378], [-123.29776, 44.61427], [-123.29856, 44.61477], [-123.29883, 44.61542], [-123.29935, 44.61586], [-123.29792, 44.61628], [-123.29743, 44.61675], [-123.297, 44.61694], [-123.29691, 44.61677], [-123.29665, 44.61688], [-123.29633, 44.61723], [-123.29608, 44.6171]]]}, "properties": {"FID": 550, "ACRES": 50.4844496917, "STANDID": "060907", "DF_SITE": 104, "SITE_CLASS": 3, "Age": 9, "Shape__Area": 403274.75, "Shape__Length": 6534.024840893851, "Age_Class": "9-20"}}, {"type": "Feature", "id": "551", "geometry": {"type": "Polygon", "coordinates": [[[-123.32413, 44.6149], [-123.32313, 44.61593], [-123.32278, 44.61511], [-123.32247, 44.61487], [-123.32257, 44.61452], [-123.32215, 44.61398], [-123.32265, 44.61398], [-123.32262, 44.611], [-123.32297, 44.61051], [-123.32342, 44.61049], [-123.32373, 44.61025], [-123.32383, 44.60999], [-123.3235, 44.60932], [-123.3238, 44.60902], [-123.32394, 44.60904], [-123.32408, 44.60973], [-123.32436, 44.61014], [-123.32438, 44.61216], [-123.3247, 44.6133], [-123.32503, 44.61365], [-123.32587, 44.61356], [-123.32413, 44.6149]]]}, "properties": {"FID": 551, "ACRES": 22.8970614953, "STANDID": "071117", "DF_SITE": 97, "SITE_CLASS": 3, "Age": 31, "Shape__Area": 182891.203125, "Shape__Length": 2620.238640656306, "Age_Class": "21-35"}}, {"type": "Feature", "id": "552", "geometry": {"type": "Polygon", "coordinates": [[[-123.31833, 44.61592], [-123.3182, 44.61538], [-123.31843, 44.61522], [-123.31864, 44.61535], [-123.31882, 44.61527], [-123.31867, 44.61573], [-123.31833, 44.61592]]]}, "properties": {"FID": 552, "ACRES": 0.596595994184, "STANDID": "070811", "DF_SITE": 0, "SITE_CLASS": 4, "Age": 9, "Shape__Area": 4765.78125, "Shape__Length": 316.57076458653006, "Age_Class": "9-20"}}, {"type": "Feature", "id": "553", "geometry": {"type": "Polygon", "coordinates": [[[-123.3186, 44.61452], [-123.31831, 44.61455], [-123.31757, 44.61405], [-123.31626, 44.61407], [-123.31567, 44.61426], [-123.31521, 44.61407], [-123.31487, 44.61438], [-123.31471, 44.61405], [-123.31925, 44.61401], [-123.3187, 44.6143], [-123.3186, 44.61452]]]}, "properties": {"FID": 553, "ACRES": 1.64387234272, "STANDID": "070807", "DF_SITE": 113, "SITE_CLASS": 3, "Age": 9, "Shape__Area": 13131.3359375, "Shape__Length": 1188.0237178917869, "Age_Class": "9-20"}}, {"type": "Feature", "id": "554", "geometry": {"type": "Polygon", "coordinates": [[[-123.33254, 44.61254], [-123.33203, 44.61266], [-123.33146, 44.61212], [-123.33102, 44.61201], [-123.33089, 44.61127], [-123.33112, 44.61041], [-123.33073, 44.60985], [-123.3303, 44.61016], [-123.32948, 44.60964], [-123.32946, 44.60991], [-123.32918, 44.60976], [-123.3289, 44.60985], [-123.32886, 44.61027], [-123.32863, 44.61049], [-123.32802, 44.61033], [-123.32828, 44.61006], [-123.32837, 44.60919], [-123.32856, 44.6091], [-123.32846, 44.60864], [-123.32861, 44.6082], [-123.32918, 44.60809], [-123.33001, 44.60843], [-123.33289, 44.60851], [-123.33305, 44.60863], [-123.33301, 44.60938], [-123.33347, 44.60967], [-123.33461, 44.60936], [-123.33512, 44.60905], [-123.33514, 44.60929], [-123.33593, 44.60967], [-123.33767, 44.60947], [-123.33814, 44.60981], [-123.33791, 44.61034], [-123.33682, 44.61082], [-123.3359, 44.61025], [-123.3347, 44.61043], [-123.33401, 44.61076], [-123.33333, 44.61065], [-123.33327, 44.61101], [-123.33243, 44.61166], [-123.33264, 44.61204], [-123.33254, 44.61254]]]}, "properties": {"FID": 554, "ACRES": 37.3625218284, "STANDID": "071013", "DF_SITE": 107, "SITE_CLASS": 3, "Age": 9, "Shape__Area": 298405.125, "Shape__Length": 3861.962216988073, "Age_Class": "9-20"}}, {"type": "Feature", "id": "555", "geometry": {"type": "Polygon", "coordinates": [[[-123.30418, 44.61309], [-123.30224, 44.61308], [-123.30206, 44.61298], [-123.30283, 44.61267], [-123.30417, 44.61295], [-123.30418, 44.61309]]]}, "properties": {"FID": 555, "ACRES": 1.15453876978, "STANDID": "061007", "DF_SITE": 0, "SITE_CLASS": 4, "Age": 9, "Shape__Area": 9221.96875, "Shape__Length": 531.1795336510672, "Age_Class": "9-20"}}, {"type": "Feature", "id": "556", "geometry": {"type": "Polygon", "coordinates": [[[-123.3005, 44.61322], [-123.29944, 44.61304], [-123.29883, 44.61311], [-123.29856, 44.61295], [-123.29898, 44.6127], [-123.29921, 44.61285], [-123.30006, 44.61271], [-123.30078, 44.61294], [-123.30136, 44.61286], [-123.30172, 44.61298], [-123.3005, 44.61322]]]}, "properties": {"FID": 556, "ACRES": 1.80148616427, "STANDID": "061008", "DF_SITE": 0, "SITE_CLASS": 4, "Age": 9, "Shape__Area": 14389.4765625, "Shape__Length": 792.2534440687849, "Age_Class": "9-20"}}, {"type": "Feature", "id": "557", "geometry": {"type": "Polygon", "coordinates": [[[-123.34695, 44.61058], [-123.34631, 44.60966], [-123.34594, 44.60938], [-123.34381, 44.60937], [-123.34277, 44.6097], [-123.34179, 44.60975], [-123.34065, 44.60969], [-123.34035, 44.60944], [-123.3388, 44.60962], [-123.33771, 44.60908], [-123.3382, 44.60846], [-123.3397, 44.60834], [-123.34058, 44.60778], [-123.34135, 44.60775], [-123.34164, 44.60748], [-123.34306, 44.60706], [-123.34326, 44.60683], [-123.3483, 44.60691], [-123.34831, 44.60958], [-123.34695, 44.61058]]]}, "properties": {"FID": 557, "ACRES": 51.0574174125, "STANDID": "070920", "DF_SITE": 120, "SITE_CLASS": 2, "Age": 97, "Shape__Area": 407761.59375, "Shape__Length": 3219.2003924653086, "Age_Class": null}}, {"type": "Feature", "id": "558", "geometry": {"type": "Polygon", "coordinates": [[[-123.2956, 44.60926], [-123.29559, 44.6097], [-123.29536, 44.60947], [-123.29494, 44.60991], [-123.29398, 44.60982], [-123.29368, 44.60955], [-123.29303, 44.60963], [-123.29385, 44.60923], [-123.29436, 44.60917], [-123.29434, 44.60893], [-123.29462, 44.60885], [-123.29533, 44.60932], [-123.2956, 44.60926]]]}, "properties": {"FID": 558, "ACRES": 2.89165624258, "STANDID": "061108", "DF_SITE": 131, "SITE_CLASS": 2, "Age": 54, "Shape__Area": 23094.4921875, "Shape__Length": 847.9240693541294, "Age_Class": "51-60"}}, {"type": "Feature", "id": "559", "geometry": {"type": "Polygon", "coordinates": [[[-123.33689, 44.60832], [-123.33576, 44.60778], [-123.33552, 44.60743], [-123.33492, 44.60746], [-123.3343, 44.60724], [-123.334, 44.60696], [-123.334, 44.60653], [-123.33426, 44.60597], [-123.33414, 44.60556], [-123.33522, 44.60442], [-123.33551, 44.60367], [-123.33571, 44.60357], [-123.33635, 44.60418], [-123.33668, 44.60408], [-123.33687, 44.60368], [-123.33856, 44.60366], [-123.33852, 44.60385], [-123.33935, 44.60448], [-123.33874, 44.60474], [-123.3387, 44.60496], [-123.33924, 44.60541], [-123.3397, 44.60554], [-123.33976, 44.60574], [-123.34044, 44.60565], [-123.34049, 44.60515], [-123.34115, 44.60501], [-123.34118, 44.60446], [-123.34098, 44.60439], [-123.34094, 44.60363], [-123.34223, 44.60368], [-123.34188, 44.60418], [-123.34184, 44.6049], [-123.34194, 44.60495], [-123.34153, 44.60547], [-123.34179, 44.60584], [-123.34128, 44.60604], [-123.34082, 44.60602], [-123.34065, 44.60621], [-123.34075, 44.60644], [-123.34092, 44.60631], [-123.34128, 44.60655], [-123.34147, 44.60643], [-123.34169, 44.60654], [-123.34131, 44.60705], [-123.34135, 44.60775], [-123.34045, 44.6077], [-123.33886, 44.6079], [-123.3383, 44.60831], [-123.33784, 44.60841], [-123.33689, 44.60832]], [[-123.33771, 44.60614], [-123.33713, 44.6059], [-123.33768, 44.6049], [-123.33629, 44.60464], [-123.33602, 44.60438], [-123.33569, 44.60479], [-123.33561, 44.60529], [-123.33456, 44.60594], [-123.33461, 44.60626], [-123.33522, 44.60627], [-123.33532, 44.60643], [-123.3364, 44.60635], [-123.33671, 44.60661], [-123.33729, 44.60647], [-123.33771, 44.60614]]]}, "properties": {"FID": 559, "ACRES": 46.8739152879, "STANDID": "070913", "DF_SITE": 129, "SITE_CLASS": 2, "Age": 96, "Shape__Area": 374320.4921875, "Shape__Length": 5284.803271451236, "Age_Class": null}}, {"type": "Feature", "id": "560", "geometry": {"type": "Polygon", "coordinates": [[[-123.29264, 44.60888], [-123.29223, 44.60914], [-123.29204, 44.6086], [-123.29128, 44.60883], [-123.29024, 44.60824], [-123.28942, 44.60808], [-123.28911, 44.60824], [-123.28858, 44.60788], [-123.28803, 44.60836], [-123.28747, 44.60838], [-123.28749, 44.60775], [-123.28809, 44.60791], [-123.28803, 44.6075], [-123.2882, 44.6073], [-123.28953, 44.60738], [-123.28969, 44.60719], [-123.28964, 44.60667], [-123.29195, 44.60666], [-123.29193, 44.607], [-123.29237, 44.60801], [-123.29238, 44.60871], [-123.29264, 44.60888]]]}, "properties": {"FID": 560, "ACRES": 13.7213869206, "STANDID": "061201", "DF_SITE": 120, "SITE_CLASS": 2, "Age": 9, "Shape__Area": 109581.0078125, "Shape__Length": 1979.3414134292639, "Age_Class": "9-20"}}, {"type": "Feature", "id": "561", "geometry": {"type": "Polygon", "coordinates": [[[-123.34151, 44.60757], [-123.34132, 44.60747], [-123.34131, 44.60705], [-123.34169, 44.60654], [-123.34147, 44.60643], [-123.34128, 44.60655], [-123.34092, 44.60631], [-123.34075, 44.60644], [-123.34067, 44.60614], [-123.34161, 44.60584], [-123.34313, 44.60586], [-123.34319, 44.60693], [-123.34151, 44.60757]]]}, "properties": {"FID": 561, "ACRES": 6.22002630019, "STANDID": "070915", "DF_SITE": 125, "SITE_CLASS": 2, "Age": 31, "Shape__Area": 49671.953125, "Shape__Length": 1093.058520694853, "Age_Class": "21-35"}}, {"type": "Feature", "id": "562", "geometry": {"type": "Polygon", "coordinates": [[[-123.29713, 44.6082], [-123.29659, 44.60803], [-123.29794, 44.60726], [-123.29938, 44.60669], [-123.30148, 44.6067], [-123.30115, 44.60697], [-123.30035, 44.60697], [-123.2999, 44.6073], [-123.29821, 44.60761], [-123.29733, 44.60796], [-123.29713, 44.6082]]]}, "properties": {"FID": 562, "ACRES": 4.2442460969, "STANDID": "060114", "DF_SITE": 99, "SITE_CLASS": 4, "Age": 52, "Shape__Area": 33894.6328125, "Shape__Length": 1258.506844034679, "Age_Class": "51-60"}}, {"type": "Feature", "id": "563", "geometry": {"type": "Polygon", "coordinates": [[[-123.33771, 44.60614], [-123.33729, 44.60647], [-123.33671, 44.60661], [-123.3364, 44.60635], [-123.33532, 44.60643], [-123.33522, 44.60627], [-123.33461, 44.60626], [-123.33456, 44.60594], [-123.3348, 44.60568], [-123.33539, 44.60546], [-123.3375, 44.60595], [-123.33771, 44.60614]]]}, "properties": {"FID": 563, "ACRES": 4.35399834687, "STANDID": "070917", "DF_SITE": 127, "SITE_CLASS": 2, "Age": 31, "Shape__Area": 34769.6171875, "Shape__Length": 901.0979094694924, "Age_Class": "21-35"}}, {"type": "Feature", "id": "564", "geometry": {"type": "Polygon", "coordinates": [[[-123.2973, 44.60668], [-123.29731, 44.60684], [-123.29625, 44.60735], [-123.2963, 44.60746], [-123.29558, 44.60754], [-123.29546, 44.60668], [-123.2973, 44.60668]]]}, "properties": {"FID": 564, "ACRES": 2.28003458756, "STANDID": "061204", "DF_SITE": 99, "SITE_CLASS": 3, "Age": 28, "Shape__Area": 18208.2265625, "Shape__Length": 616.8222985514958, "Age_Class": "21-35"}}, {"type": "Feature", "id": "565", "geometry": {"type": "Polygon", "coordinates": [[[-123.34313, 44.60586], [-123.34179, 44.60584], [-123.34153, 44.60547], [-123.34194, 44.60495], [-123.34184, 44.6049], [-123.34188, 44.60418], [-123.34223, 44.60368], [-123.34313, 44.60364], [-123.34313, 44.60586]]]}, "properties": {"FID": 565, "ACRES": 6.04372937538, "STANDID": "070926", "DF_SITE": 118, "SITE_CLASS": 2, "Age": 17, "Shape__Area": 48261.15625, "Shape__Length": 974.919149291017, "Age_Class": "9-20"}}, {"type": "Feature", "id": "566", "geometry": {"type": "Polygon", "coordinates": [[[-123.28751, 44.60719], [-123.28753, 44.60667], [-123.28819, 44.60667], [-123.28818, 44.60719], [-123.28751, 44.60719]]]}, "properties": {"FID": 566, "ACRES": 0.754382273355, "STANDID": "061206", "DF_SITE": 0, "SITE_CLASS": 4, "Age": 9, "Shape__Area": 6024.421875, "Shape__Length": 310.9011126146913, "Age_Class": "9-20"}}, {"type": "Feature", "id": "567", "geometry": {"type": "Polygon", "coordinates": [[[-123.33717, 44.60586], [-123.33539, 44.60546], [-123.33561, 44.60529], [-123.33569, 44.60479], [-123.33602, 44.60438], [-123.33629, 44.60464], [-123.33768, 44.6049], [-123.33717, 44.60586]]]}, "properties": {"FID": 567, "ACRES": 4.42828052679, "STANDID": "070927", "DF_SITE": 120, "SITE_CLASS": 2, "Age": 17, "Shape__Area": 35361.7578125, "Shape__Length": 779.5130563091607, "Age_Class": "9-20"}}, {"type": "Feature", "id": "568", "geometry": {"type": "Polygon", "coordinates": [[[-123.33972, 44.60557], [-123.33886, 44.60512], [-123.33867, 44.60489], [-123.33874, 44.60474], [-123.33975, 44.60442], [-123.34118, 44.60446], [-123.34115, 44.60501], [-123.34049, 44.60515], [-123.34044, 44.60565], [-123.33968, 44.60573], [-123.33972, 44.60557]]]}, "properties": {"FID": 568, "ACRES": 5.01515371116, "STANDID": "070916", "DF_SITE": 127, "SITE_CLASS": 2, "Age": 31, "Shape__Area": 40047.8671875, "Shape__Length": 877.603355969387, "Age_Class": "21-35"}}, {"type": "Feature", "id": "569", "geometry": {"type": "Polygon", "coordinates": [[[-123.3393, 44.60445], [-123.33852, 44.60385], [-123.33856, 44.60366], [-123.34094, 44.60363], [-123.34098, 44.60439], [-123.3393, 44.60445]]]}, "properties": {"FID": 569, "ACRES": 3.75682292926, "STANDID": "070919", "DF_SITE": 124, "SITE_CLASS": 2, "Age": 17, "Shape__Area": 29998.625, "Shape__Length": 731.5539165149969, "Age_Class": "9-20"}}]}